transaction_id,customer_id,product_id,qty,amount,transaction_date,store_id
T000001,C00642,P0122,3,551.22,2024-01-03T17:28:00Z,S017
T000002,C03865,P0638,5,708.6,2024-01-02T17:23:00Z,S046
T000003,C01731,P0973,4,372.04,2024-01-02T06:30:00Z,S046
T000004,C03359,P0586,3,80.34,2024-01-02T22:52:00Z,S042
T000005,C01037,P0209,2,21.24,2024-01-02T05:24:00Z,S025
T000006,C04506,P0909,2,232.68,2024-01-02T10:40:00Z,S026
T000007,C04375,P0058,1,114.43,2024-01-03T15:38:00Z,S030
T000008,C04061,P0389,3,64.2,2024-01-03T02:33:00Z,S023
T000009,C04206,P0202,2,126.12,2024-01-03T05:23:00Z,S029
T000010,C00781,P0841,4,228.8,2024-01-03T12:48:00Z,S017
T000011,C01196,P0709,4,649.2,2024-01-02T09:03:00Z,S021
T000012,C04298,P0666,2,322.56,2024-01-03T20:49:00Z,S009
T000013,C03020,P0880,2,291.08,2024-01-02T16:47:00Z,S005
T000014,C01713,P0778,5,670.75,2024-01-02T00:42:00Z,S015
T000015,C04521,P0992,1,68.53,2024-01-02T17:31:00Z,S041
T000016,C04514,P0516,2,368.74,2024-01-01T09:56:00Z,S046
T000017,C02780,P0003,1,133.47,2024-01-01T23:22:00Z,S049
T000018,C03293,P0957,2,358.38,2024-01-02T03:09:00Z,S038
T000019,C00537,P0815,3,61.47,2024-01-03T09:41:00Z,S029
T000020,C03973,P0240,3,293.7,2024-01-03T19:03:00Z,S015
T000021,C00743,P0710,2,270.84,2024-01-03T16:17:00Z,S047
T000022,C03341,P0264,4,511.96,2024-01-03T00:10:00Z,S040
T000023,C02878,P0934,4,691.0,2024-01-02T01:27:00Z,S021
T000024,C04436,P0819,4,515.92,2024-01-01T09:46:00Z,S034
T000025,C00714,P0193,4,746.56,2024-01-02T23:15:00Z,S006
T000026,C02582,P0219,5,223.6,2024-01-03T07:28:00Z,S006
T000027,C04880,P0902,1,189.91,2024-01-03T02:40:00Z,S025
T000028,C02742,P0246,2,235.6,2024-01-01T22:43:00Z,S023
T000029,C04418,P0685,4,553.64,2024-01-01T19:06:00Z,S018
T000030,C03359,P0046,3,417.84,2024-01-01T13:59:00Z,S038
T000031,C00283,P0543,3,34.62,2024-01-02T17:44:00Z,S013
T000032,C02145,P0801,2,241.46,2024-01-02T07:48:00Z,S028
T000033,C03441,P0218,1,94.02,2024-01-01T15:45:00Z,S006
T000034,C02896,P0613,3,218.88,2024-01-03T02:23:00Z,S046
T000035,C00809,P0890,4,134.2,2024-01-03T10:56:00Z,S027
T000036,C01236,P0461,4,592.04,2024-01-03T19:37:00Z,S017
T000037,C04170,P0772,5,892.2,2024-01-02T11:51:00Z,S027
T000038,C04428,P0579,1,171.39,2024-01-01T22:05:00Z,S029
T000039,C02642,P0850,1,133.68,2024-01-01T20:57:00Z,S007
T000040,C00352,P0775,2,223.92,2024-01-01T18:32:00Z,S040
T000041,C00256,P0781,1,180.44,2024-01-02T06:34:00Z,S045
T000042,C03215,P0112,2,102.2,2024-01-02T15:06:00Z,S005
T000043,C03445,P0686,4,678.6,2024-01-03T03:28:00Z,S049
T000044,C04349,P0712,1,163.07,2024-01-03T12:18:00Z,S014
T000045,C00211,P0019,3,319.59,2024-01-01T20:17:00Z,S005
T000046,C04807,P0623,3,569.22,2024-01-03T02:52:00Z,S001
T000047,C01789,P0431,4,684.0,2024-01-02T11:13:00Z,S039
T000048,C03198,P0320,2,33.84,2024-01-03T09:49:00Z,S018
T000049,C03245,P0089,2,255.96,2024-01-02T18:35:00Z,S039
T000050,C02214,P0456,5,918.6,2024-01-03T13:49:00Z,S028
T000051,C04608,P0132,4,725.68,2024-01-02T22:04:00Z,S002
T000052,C00386,P0596,5,357.15,2024-01-02T03:04:00Z,S050
T000053,C02429,P0476,2,288.48,2024-01-03T19:36:00Z,S023
T000054,C02579,P0309,2,229.6,2024-01-03T19:24:00Z,S027
T000055,C00585,P0285,1,31.54,2024-01-02T09:14:00Z,S010
T000056,C04607,P0720,5,781.95,2024-01-02T10:52:00Z,S012
T000057,C01686,P0497,5,261.65,2024-01-01T20:55:00Z,S026
T000058,C03696,P0183,2,126.76,2024-01-02T00:31:00Z,S048
T000059,C03577,P0180,3,94.44,2024-01-02T04:24:00Z,S001
T000060,C00121,P0633,3,468.93,2024-01-03T02:40:00Z,S043
T000061,C00800,P0148,5,696.5,2024-01-02T01:08:00Z,S035
T000062,C00803,P0701,1,80.35,2024-01-02T11:14:00Z,S027
T000063,C01469,P0353,1,40.6,2024-01-01T15:02:00Z,S023
T000064,C02984,P0541,4,175.96,2024-01-03T05:24:00Z,S029
T000065,C02554,P0427,1,37.49,2024-01-01T21:33:00Z,S002
T000066,C00560,P0821,1,8.62,2024-01-03T16:31:00Z,S044
T000067,C02320,P0464,4,269.56,2024-01-02T23:41:00Z,S010
T000068,C04516,P0675,2,325.9,2024-01-03T01:21:00Z,S006
T000069,C02250,P0455,2,187.12,2024-01-02T19:37:00Z,S009
T000070,C04891,P0381,4,384.8,2024-01-02T16:49:00Z,S003
T000071,C04608,P0251,4,464.56,2024-01-02T18:50:00Z,S001
T000072,C01371,P0046,4,557.12,2024-01-02T16:02:00Z,S048
T000073,C03980,P0155,3,552.57,2024-01-02T04:09:00Z,S025
T000074,C03612,P0077,4,398.52,2024-01-01T21:06:00Z,S026
T000075,C04494,P0422,5,251.2,2024-01-01T19:44:00Z,S023
T000076,C01386,P0266,5,158.15,2024-01-03T13:48:00Z,S026
T000077,C00296,P0762,5,426.7,2024-01-03T11:43:00Z,S027
T000078,C00067,P0261,5,654.75,2024-01-03T16:00:00Z,S040
T000079,C03309,P0763,1,60.93,2024-01-03T18:38:00Z,S009
T000080,C00259,P0085,2,142.98,2024-01-02T08:16:00Z,S045
T000081,C03501,P0163,1,62.1,2024-01-02T17:34:00Z,S039
T000082,C02848,P0652,4,30.6,2024-01-02T05:49:00Z,S023
T000083,C01698,P0626,4,352.08,2024-01-03T20:17:00Z,S048
T000084,C04903,P0480,1,196.05,2024-01-02T21:02:00Z,S032
T000085,C03459,P0618,1,142.28,2024-01-03T06:22:00Z,S014
T000086,C00910,P0158,1,9.95,2024-01-03T14:14:00Z,S009
T000087,C02885,P0316,5,265.6,2024-01-01T11:22:00Z,S017
T000088,C03237,P0927,2,21.2,2024-01-02T23:16:00Z,S023
T000089,C04940,P0777,1,88.55,2024-01-02T17:18:00Z,S041
T000090,C00227,P0970,1,77.54,2024-01-03T07:32:00Z,S001
T000091,C04615,P0799,1,77.96,2024-01-02T04:47:00Z,S037
T000092,C04623,P0528,3,23.16,2024-01-03T01:35:00Z,S001
T000093,C00095,P0510,2,284.6,2024-01-03T07:51:00Z,S004
T000094,C04110,P0814,3,526.05,2024-01-03T12:48:00Z,S005
T000095,C01562,P0503,2,348.92,2024-01-02T05:04:00Z,S013
T000096,C01675,P0308,3,144.72,2024-01-03T08:30:00Z,S042
T000097,C03791,P0245,1,72.3,2024-01-03T00:45:00Z,S012
T000098,C03738,P0293,2,211.74,2024-01-01T20:36:00Z,S006
T000099,C04545,P0581,2,253.12,2024-01-03T18:51:00Z,S047
T000100,C04378,P0334,5,283.15,2024-01-02T11:59:00Z,S022
T000101,C04890,P0654,1,173.78,2024-01-02T14:23:00Z,S027
T000102,C01514,P0641,4,572.72,2024-01-02T01:47:00Z,S030
T000103,C03890,P0128,2,150.06,2024-01-02T07:48:00Z,S039
T000104,C03025,P0482,2,108.6,2024-01-03T00:14:00Z,S037
T000105,C02435,P0067,1,90.75,2024-01-02T19:37:00Z,S047
T000106,C02406,P0732,2,213.22,2024-01-02T05:11:00Z,S005
T000107,C02736,P0862,5,507.9,2024-01-02T20:21:00Z,S048
T000108,C03795,P0230,4,748.8,2024-01-01T17:42:00Z,S004
T000109,C04558,P0828,3,565.2,2024-01-01T12:11:00Z,S032
T000110,C04152,P0278,4,489.12,2024-01-02T04:54:00Z,S023
T000111,C04137,P0495,3,103.71,2024-01-02T10:53:00Z,S031
T000112,C02438,P0195,3,413.34,2024-01-01T13:15:00Z,S046
T000113,C02545,P0995,4,228.92,2024-01-03T01:40:00Z,S046
T000114,C00948,P0655,5,558.5,2024-01-02T16:10:00Z,S030
T000115,C01800,P0034,5,114.5,2024-01-03T04:15:00Z,S024
T000116,C00229,P0026,4,784.92,2024-01-01T14:06:00Z,S003
T000117,C00831,P0411,5,417.3,2024-01-03T11:28:00Z,S025
T000118,C02740,P0675,3,488.85,2024-01-03T13:32:00Z,S011
T000119,C00950,P0260,4,546.16,2024-01-03T00:40:00Z,S044
T000120,C04524,P0658,2,168.2,2024-01-03T17:22:00Z,S003
T000121,C01457,P0197,1,45.2,2024-01-03T05:21:00Z,S034
T000122,C00455,P0993,5,541.1,2024-01-02T03:24:00Z,S048
T000123,C02211,P0025,2,256.42,2024-01-03T17:34:00Z,S027
T000124,C01939,P0298,5,965.95,2024-01-01T15:25:00Z,S035
T000125,C04110,P0878,4,66.52,2024-01-03T18:07:00Z,S027
T000126,C00927,P0503,3,523.38,2024-01-01T12:44:00Z,S021
T000127,C02268,P0708,4,685.64,2024-01-03T08:15:00Z,S009
T000128,C02955,P0868,1,109.08,2024-01-02T18:50:00Z,S024
T000129,C00669,P0694,5,447.85,2024-01-02T21:15:00Z,S042
T000130,C02768,P0737,4,368.8,2024-01-01T12:31:00Z,S001
T000131,C01478,P0752,5,344.6,2024-01-02T00:46:00Z,S035
T000132,C04691,P0686,3,508.95,2024-01-03T02:36:00Z,S019
T000133,C02817,P0299,1,49.7,2024-01-02T15:09:00Z,S003
T000134,C02215,P0038,2,69.22,2024-01-02T01:18:00Z,S038
T000135,C03628,P0875,5,371.0,2024-01-01T22:30:00Z,S011
T000136,C04910,P0580,2,280.74,2024-01-01T16:16:00Z,S039
T000137,C02870,P0838,1,92.48,2024-01-03T09:52:00Z,S020
T000138,C01238,P0801,2,241.46,2024-01-02T09:16:00Z,S034
T000139,C04435,P0921,1,77.25,2024-01-01T16:08:00Z,S007
T000140,C01959,P0372,1,28.71,2024-01-02T19:05:00Z,S027
T000141,C04029,P0090,4,115.0,2024-01-03T06:45:00Z,S050
T000142,C00249,P0450,3,157.8,2024-01-02T10:20:00Z,S026
T000143,C01794,P0996,4,367.48,2024-01-03T08:01:00Z,S029
T000144,C01975,P0216,5,766.65,2024-01-01T22:56:00Z,S015
T000145,C02337,P0608,3,572.07,2024-01-03T05:15:00Z,S018
T000146,C01791,P0055,2,69.04,2024-01-01T15:06:00Z,S036
T000147,C04566,P0714,1,164.89,2024-01-02T18:55:00Z,S047
T000148,C01446,P0548,3,551.4,2024-01-01T09:04:00Z,S012
T000149,C00405,P0257,3,38.94,2024-01-01T18:23:00Z,S008
T000150,C01999,P0166,2,264.6,2024-01-02T22:58:00Z,S046
T000151,C01048,P0888,5,223.95,2024-01-01T19:21:00Z,S036
T000152,C02783,P0028,3,166.71,2024-01-01T16:03:00Z,S009
T000153,C01114,P0933,5,418.9,2024-01-02T14:16:00Z,S044
T000154,C03355,P0246,1,117.8,2024-01-03T19:27:00Z,S045
T000155,C03345,P0058,4,457.72,2024-01-02T21:56:00Z,S049
T000156,C04915,P0473,3,386.58,2024-01-01T09:21:00Z,S010
T000157,C03461,P0530,1,22.95,2024-01-01T14:31:00Z,S047
T000158,C04563,P0301,4,346.96,2024-01-03T02:48:00Z,S016
T000159,C04362,P0468,3,472.74,2024-01-03T06:35:00Z,S023
T000160,C00744,P0030,5,798.95,2024-01-03T08:18:00Z,S018
T000161,C00286,P0169,3,479.22,2024-01-01T18:23:00Z,S013
T000162,C01992,P0374,4,96.04,2024-01-01T15:22:00Z,S022
T000163,C04448,P0507,1,84.67,2024-01-02T23:20:00Z,S046
T000164,C02776,P0400,2,184.32,2024-01-03T12:26:00Z,S018
T000165,C00760,P0360,1,139.86,2024-01-03T19:43:00Z,S012
T000166,C04877,P0031,4,314.92,2024-01-03T17:24:00Z,S029
T000167,C03001,P0129,4,747.96,2024-01-01T13:23:00Z,S044
T000168,C01394,P0741,1,128.87,2024-01-02T09:22:00Z,S047
T000169,C02248,P0141,5,36.5,2024-01-01T23:36:00Z,S018
T000170,C04811,P0839,1,19.31,2024-01-02T01:43:00Z,S011
T000171,C01477,P0290,3,31.32,2024-01-02T13:42:00Z,S043
T000172,C01043,P0297,5,741.4,2024-01-02T10:21:00Z,S039
T000173,C00189,P0185,2,349.6,2024-01-03T07:37:00Z,S006
T000174,C00862,P0112,2,102.2,2024-01-03T01:18:00Z,S016
T000175,C00469,P0566,3,325.8,2024-01-02T22:10:00Z,S011
T000176,C04686,P0256,2,228.9,2024-01-01T23:24:00Z,S043
T000177,C02299,P0560,1,174.26,2024-01-01T13:11:00Z,S017
T000178,C00692,P0308,2,96.48,2024-01-02T14:45:00Z,S028
T000179,C01160,P0744,1,113.52,2024-01-01T15:15:00Z,S025
T000180,C00225,P0154,4,256.32,2024-01-03T02:29:00Z,S043
T000181,C00559,P0913,2,15.62,2024-01-01T10:04:00Z,S047
T000182,C02723,P0535,4,597.12,2024-01-02T01:42:00Z,S028
T000183,C01950,P0733,2,222.42,2024-01-03T08:38:00Z,S023
T000184,C00998,P0439,2,216.34,2024-01-02T21:26:00Z,S023
T000185,C03440,P0757,4,204.64,2024-01-02T21:07:00Z,S045
T000186,C00483,P0245,1,72.3,2024-01-01T20:27:00Z,S014
T000187,C01597,P0666,2,322.56,2024-01-01T13:02:00Z,S025
T000188,C03330,P0686,1,169.65,2024-01-02T05:43:00Z,S036
T000189,C00882,P0506,1,70.73,2024-01-02T23:11:00Z,S023
T000190,C03928,P0122,1,183.74,2024-01-03T11:32:00Z,S013
T000191,C03981,P0611,4,67.36,2024-01-01T18:10:00Z,S028
T000192,C02440,P0273,2,223.48,2024-01-02T05:27:00Z,S028
T000193,C02068,P0612,2,162.28,2024-01-03T08:02:00Z,S028
T000194,C02552,P0776,1,116.76,2024-01-02T17:21:00Z,S005
T000195,C01005,P0404,5,923.95,2024-01-03T17:55:00Z,S018
T000196,C04800,P0238,2,104.36,2024-01-01T12:48:00Z,S039
T000197,C04296,P0737,2,184.4,2024-01-01T22:09:00Z,S034
T000198,C02235,P0219,3,134.16,2024-01-02T03:41:00Z,S004
T000199,C00910,P0120,3,79.92,2024-01-01T12:11:00Z,S041
T000200,C03710,P0286,2,83.78,2024-01-02T09:50:00Z,S038
T000201,C04643,P0573,1,123.66,2024-01-01T17:24:00Z,S047
T000202,C03771,P0553,4,739.88,2024-01-03T15:30:00Z,S045
T000203,C02301,P0550,5,131.25,2024-01-02T00:50:00Z,S024
T000204,C01476,P0466,2,318.36,2024-01-03T00:33:00Z,S003
T000205,C04011,P0718,2,46.28,2024-01-03T00:49:00Z,S021
T000206,C01892,P0981,3,158.04,2024-01-01T22:39:00Z,S025
T000207,C02909,P0757,5,255.8,2024-01-02T22:29:00Z,S034
T000208,C02963,P0596,2,142.86,2024-01-03T03:41:00Z,S042
T000209,C01182,P0102,1,185.42,2024-01-01T14:19:00Z,S029
T000210,C04548,P0620,3,520.77,2024-01-01T12:44:00Z,S014
T000211,C01881,P0974,2,137.2,2024-01-03T13:57:00Z,S050
T000212,C03498,P0692,5,405.3,2024-01-03T20:03:00Z,S008
T000213,C01985,P0935,4,483.12,2024-01-03T12:24:00Z,S009
T000214,C00762,P0755,5,918.55,2024-01-03T16:24:00Z,S021
T000215,C04575,P0204,2,212.18,2024-01-02T16:17:00Z,S031
T000216,C04623,P0703,3,538.14,2024-01-02T09:14:00Z,S005
T000217,C03791,P0263,2,128.14,2024-01-03T07:03:00Z,S032
T000218,C03826,P0004,3,247.11,2024-01-01T15:18:00Z,S021
T000219,C00992,P0973,1,93.01,2024-01-02T15:10:00Z,S041
T000220,C01111,P0174,2,200.3,2024-01-03T06:00:00Z,S029
T000221,C01869,P0072,2,310.84,2024-01-02T05:39:00Z,S013
T000222,C04884,P0664,2,303.94,2024-01-02T01:59:00Z,S022
T000223,C00903,P0925,4,91.92,2024-01-03T19:44:00Z,S014
T000224,C01836,P0734,3,511.8,2024-01-02T05:25:00Z,S002
T000225,C04276,P0901,4,529.08,2024-01-02T17:53:00Z,S041
T000226,C03143,P0180,4,125.92,2024-01-01T15:53:00Z,S023
T000227,C00550,P0871,1,155.34,2024-01-03T19:05:00Z,S010
T000228,C00338,P0454,2,213.86,2024-01-03T19:08:00Z,S041
T000229,C02023,P0695,3,350.43,2024-01-03T20:27:00Z,S013
T000230,C00713,P0020,4,691.32,2024-01-02T10:42:00Z,S033
T000231,C02686,P0864,1,188.5,2024-01-03T19:04:00Z,S040
T000232,C01709,P0784,1,46.71,2024-01-02T21:44:00Z,S008
T000233,C02027,P0850,3,401.04,2024-01-02T13:31:00Z,S047
T000234,C01180,P0151,2,306.46,2024-01-02T07:56:00Z,S016
T000235,C02070,P0652,1,7.65,2024-01-03T18:11:00Z,S042
T000236,C04995,P0650,2,119.78,2024-01-01T16:19:00Z,S015
T000237,C03017,P0522,2,241.8,2024-01-03T01:34:00Z,S036
T000238,C03890,P0980,2,325.48,2024-01-02T23:45:00Z,S048
T000239,C01104,P0075,5,500.85,2024-01-01T15:52:00Z,S050
T000240,C01656,P0549,4,386.4,2024-01-01T19:34:00Z,S027
T000241,C01725,P0731,4,665.76,2024-01-02T08:41:00Z,S050
T000242,C03559,P0035,2,84.16,2024-01-01T12:34:00Z,S029
T000243,C00858,P0709,3,486.9,2024-01-03T01:35:00Z,S045
T000244,C00133,P0162,1,71.85,2024-01-03T02:58:00Z,S003
T000245,C01886,P0196,3,516.93,2024-01-02T08:57:00Z,S045
T000246,C04740,P0820,3,239.4,2024-01-03T07:53:00Z,S001
T000247,C04204,P0718,1,23.14,2024-01-01T22:15:00Z,S008
T000248,C02580,P0534,5,384.1,2024-01-02T17:35:00Z,S029
T000249,C02374,P0449,5,182.25,2024-01-01T15:15:00Z,S029
T000250,C03328,P0463,2,114.62,2024-01-01T13:32:00Z,S035
T000251,C00114,P0198,5,485.8,2024-01-03T00:06:00Z,S009
T000252,C02753,P0877,1,174.45,2024-01-02T20:45:00Z,S028
T000253,C03909,P0011,3,84.6,2024-01-02T00:55:00Z,S049
T000254,C00577,P0154,4,256.32,2024-01-02T20:49:00Z,S027
T000255,C04849,P0205,3,397.17,2024-01-03T13:30:00Z,S034
T000256,C00138,P0814,4,701.4,2024-01-02T20:03:00Z,S043
T000257,C03052,P0945,5,547.75,2024-01-02T14:37:00Z,S003
T000258,C00565,P0446,5,563.65,2024-01-03T05:57:00Z,S002
T000259,C03139,P0889,3,491.85,2024-01-02T12:13:00Z,S033
T000260,C01603,P0317,1,17.29,2024-01-02T18:41:00Z,S013
T000261,C02487,P0611,2,33.68,2024-01-01T22:30:00Z,S042
T000262,C03622,P0258,3,500.55,2024-01-01T15:58:00Z,S035
T000263,C00916,P0947,3,598.38,2024-01-03T17:13:00Z,S039
T000264,C04139,P0333,1,166.02,2024-01-02T18:08:00Z,S022
T000265,C03534,P0963,5,168.5,2024-01-02T09:45:00Z,S015
T000266,C03068,P0377,1,85.94,2024-01-02T00:11:00Z,S006
T000267,C00718,P0426,5,340.3,2024-01-02T13:47:00Z,S036
T000268,C00746,P0462,2,65.22,2024-01-03T04:47:00Z,S032
T000269,C00985,P0303,5,426.05,2024-01-01T11:07:00Z,S034
T000270,C04875,P0194,1,51.4,2024-01-02T02:29:00Z,S020
T000271,C01190,P0700,1,198.48,2024-01-01T23:08:00Z,S027
T000272,C01244,P0295,3,427.98,2024-01-03T02:37:00Z,S033
T000273,C03072,P0243,5,123.2,2024-01-01T10:06:00Z,S003
T000274,C00661,P0259,2,75.3,2024-01-02T03:53:00Z,S027
T000275,C04795,P0675,5,814.75,2024-01-02T23:44:00Z,S011
T000276,C02644,P0178,1,109.35,2024-01-03T08:04:00Z,S002
T000277,C01521,P0815,4,81.96,2024-01-01T23:46:00Z,S023
T000278,C03603,P0893,4,365.8,2024-01-02T07:58:00Z,S004
T000279,C02722,P0842,3,298.08,2024-01-02T19:40:00Z,S008
T000280,C02439,P0666,2,322.56,2024-01-03T08:23:00Z,S019
T000281,C03734,P0917,5,894.0,2024-01-03T07:02:00Z,S026
T000282,C00115,P0367,1,21.57,2024-01-02T05:28:00Z,S004
T000283,C00504,P0426,2,136.12,2024-01-02T21:48:00Z,S026
T000284,C04275,P0810,2,288.46,2024-01-02T20:43:00Z,S037
T000285,C00779,P0329,2,255.18,2024-01-02T08:37:00Z,S022
T000286,C04776,P0584,1,10.85,2024-01-02T00:30:00Z,S026
T000287,C01778,P0409,2,52.98,2024-01-01T18:51:00Z,S016
T000288,C01436,P0645,5,761.45,2024-01-01T11:31:00Z,S005
T000289,C03537,P0490,5,667.2,2024-01-02T21:16:00Z,S012
T000290,C04256,P0694,4,358.28,2024-01-03T12:08:00Z,S045
T000291,C00249,P0972,3,562.44,2024-01-03T19:06:00Z,S030
T000292,C03217,P0454,4,427.72,2024-01-03T07:33:00Z,S014
T000293,C04667,P0337,2,13.08,2024-01-02T04:46:00Z,S046
T000294,C04318,P0820,4,319.2,2024-01-03T11:47:00Z,S030
T000295,C00611,P0822,4,108.48,2024-01-03T20:46:00Z,S042
T000296,C03269,P0937,2,156.62,2024-01-03T15:52:00Z,S034
T000297,C04440,P0720,2,312.78,2024-01-02T16:48:00Z,S047
T000298,C03571,P0019,4,426.12,2024-01-02T19:13:00Z,S016
T000299,C01908,P0877,2,348.9,2024-01-01T19:58:00Z,S019
T000300,C03881,P0406,5,626.25,2024-01-01T17:12:00Z,S001
T000301,C02666,P0901,1,132.27,2024-01-02T06:51:00Z,S035
T000302,C04538,P0032,5,442.7,2024-01-02T01:39:00Z,S011
T000303,C02773,P0209,5,53.1,2024-01-02T09:27:00Z,S001
T000304,C04056,P0479,1,188.49,2024-01-02T03:54:00Z,S021
T000305,C01000,P0280,3,219.15,2024-01-01T23:25:00Z,S018
T000306,C03602,P0484,3,285.75,2024-01-01T15:50:00Z,S013
T000307,C01956,P0797,5,770.1,2024-01-01T09:09:00Z,S016
T000308,C00691,P0332,2,333.24,2024-01-02T18:55:00Z,S039
T000309,C03836,P0293,4,423.48,2024-01-02T07:33:00Z,S032
T000310,C04992,P0831,2,227.84,2024-01-03T19:28:00Z,S028
T000311,C03535,P0961,5,401.5,2024-01-02T08:49:00Z,S047
T000312,C04931,P0022,4,520.56,2024-01-02T15:35:00Z,S045
T000313,C00621,P0140,4,717.4,2024-01-02T05:04:00Z,S029
T000314,C02160,P0092,4,347.88,2024-01-01T17:21:00Z,S025
T000315,C02155,P0385,5,33.7,2024-01-02T05:14:00Z,S003
T000316,C02564,P0338,5,993.8,2024-01-02T22:18:00Z,S019
T000317,C03249,P0660,4,117.4,2024-01-02T09:39:00Z,S032
T000318,C02712,P0276,4,193.44,2024-01-03T10:57:00Z,S040
T000319,C01249,P0024,5,706.2,2024-01-02T01:47:00Z,S007
T000320,C03063,P0845,3,462.63,2024-01-01T16:30:00Z,S014
T000321,C03500,P0089,3,383.94,2024-01-03T10:22:00Z,S050
T000322,C04561,P0177,1,33.18,2024-01-01T11:54:00Z,S007
T000323,C03284,P0784,1,46.71,2024-01-02T11:18:00Z,S009
T000324,C03657,P0600,5,266.95,2024-01-02T03:45:00Z,S028
T000325,C00471,P0600,1,53.39,2024-01-02T20:44:00Z,S048
T000326,C00824,P0231,4,156.16,2024-01-01T16:43:00Z,S048
T000327,C01300,P0101,2,372.2,2024-01-02T12:39:00Z,S013
T000328,C02497,P0245,4,289.2,2024-01-01T18:51:00Z,S023
T000329,C01497,P0553,2,369.94,2024-01-02T17:49:00Z,S038
T000330,C03105,P0265,1,147.72,2024-01-03T14:00:00Z,S044
T000331,C03574,P0815,2,40.98,2024-01-01T17:06:00Z,S005
T000332,C03710,P0409,1,26.49,2024-01-01T20:17:00Z,S039
T000333,C04495,P0882,1,148.31,2024-01-02T23:23:00Z,S015
T000334,C00134,P0872,1,118.39,2024-01-01T16:10:00Z,S036
T000335,C04367,P0078,4,275.72,2024-01-02T16:57:00Z,S008
T000336,C00730,P0265,5,738.6,2024-01-02T01:59:00Z,S035
T000337,C03439,P0485,1,44.17,2024-01-03T17:42:00Z,S048
T000338,C02842,P0464,2,134.78,2024-01-02T07:23:00Z,S046
T000339,C01887,P0460,4,585.04,2024-01-03T03:25:00Z,S010
T000340,C03436,P0192,4,58.96,2024-01-01T19:24:00Z,S002
T000341,C00171,P0734,5,853.0,2024-01-01T14:34:00Z,S032
T000342,C00039,P0939,5,365.6,2024-01-03T08:49:00Z,S021
T000343,C02132,P0621,2,208.72,2024-01-03T19:17:00Z,S007
T000344,C04577,P0874,3,35.55,2024-01-02T16:46:00Z,S020
T000345,C02575,P0833,2,58.08,2024-01-02T13:30:00Z,S050
T000346,C01619,P0932,1,61.34,2024-01-02T04:59:00Z,S036
T000347,C04479,P0157,2,377.26,2024-01-03T01:28:00Z,S022
T000348,C04502,P0464,4,269.56,2024-01-02T07:27:00Z,S007
T000349,C04614,P0292,4,345.64,2024-01-01T23:00:00Z,S018
T000350,C02013,P0505,4,445.0,2024-01-02T15:54:00Z,S049
T000351,C00279,P0281,2,210.38,2024-01-02T20:32:00Z,S021
T000352,C00466,P0102,5,927.1,2024-01-02T17:48:00Z,S012
T000353,C02102,P0794,1,182.12,2024-01-02T09:51:00Z,S028
T000354,C04018,P0926,4,309.84,2024-01-02T06:16:00Z,S049
T000355,C00486,P0020,1,172.83,2024-01-02T05:13:00Z,S015
T000356,C03001,P0353,4,162.4,2024-01-03T18:21:00Z,S010
T000357,C00107,P0236,3,79.68,2024-01-02T10:59:00Z,S035
T000358,C04641,P0321,3,87.69,2024-01-02T13:02:00Z,S005
T000359,C04367,P0116,1,32.38,2024-01-01T23:06:00Z,S039
T000360,C04729,P0962,5,461.0,2024-01-02T13:46:00Z,S009
T000361,C02117,P0085,3,214.47,2024-01-02T20:59:00Z,S032
T000362,C02745,P0584,1,10.85,2024-01-02T10:26:00Z,S016
T000363,C01488,P0421,5,425.6,2024-01-03T02:55:00Z,S016
T000364,C00185,P0710,1,135.42,2024-01-02T10:08:00Z,S048
T000365,C00823,P0442,1,159.61,2024-01-02T07:22:00Z,S048
T000366,C03155,P0548,1,183.8,2024-01-01T15:55:00Z,S028
T000367,C03238,P0563,4,462.08,2024-01-03T17:34:00Z,S035
T000368,C02165,P0927,1,10.6,2024-01-02T17:57:00Z,S046
T000369,C03687,P0898,5,494.6,2024-01-02T09:38:00Z,S003
T000370,C02490,P0259,1,37.65,2024-01-01T19:11:00Z,S035
T000371,C00481,P0449,5,182.25,2024-01-03T15:49:00Z,S041
T000372,C02184,P0536,1,19.45,2024-01-03T03:50:00Z,S021
T000373,C00386,P0722,4,345.28,2024-01-02T19:46:00Z,S047
T000374,C01139,P0208,1,24.55,2024-01-02T00:53:00Z,S005
T000375,C04603,P0529,5,82.85,2024-01-02T16:21:00Z,S043
T000376,C03372,P0622,4,505.28,2024-01-02T02:02:00Z,S046
T000377,C04275,P0033,2,122.08,2024-01-01T13:51:00Z,S001
T000378,C00413,P0428,2,96.48,2024-01-02T05:41:00Z,S031
T000379,C04147,P0353,5,203.0,2024-01-02T16:19:00Z,S041
T000380,C00278,P0117,3,190.5,2024-01-01T17:01:00Z,S030
T000381,C02557,P0249,4,783.8,2024-01-03T02:36:00Z,S050
T000382,C04581,P0734,3,511.8,2024-01-03T10:30:00Z,S021
T000383,C04784,P0375,1,129.95,2024-01-03T06:41:00Z,S019
T000384,C02939,P0008,5,478.65,2024-01-02T15:26:00Z,S034
T000385,C01966,P0406,5,626.25,2024-01-01T15:09:00Z,S009
T000386,C04999,P0297,5,741.4,2024-01-01T22:57:00Z,S011
T000387,C01637,P0127,1,128.71,2024-01-01T15:19:00Z,S033
T000388,C04549,P0572,1,136.87,2024-01-02T15:35:00Z,S020
T000389,C00739,P0837,5,973.6,2024-01-02T16:08:00Z,S024
T000390,C00547,P0210,2,362.64,2024-01-01T10:17:00Z,S020
T000391,C04020,P0907,2,173.74,2024-01-03T16:53:00Z,S029
T000392,C00306,P0681,1,172.7,2024-01-02T06:06:00Z,S045
T000393,C04830,P0504,1,126.23,2024-01-01T10:12:00Z,S007
T000394,C01191,P0477,3,342.33,2024-01-03T17:10:00Z,S032
T000395,C01951,P0570,2,273.42,2024-01-03T20:41:00Z,S004
T000396,C01378,P0051,5,347.95,2024-01-01T16:16:00Z,S018
T000397,C00145,P0727,2,344.86,2024-01-01T19:30:00Z,S006
T000398,C04870,P0644,1,95.02,2024-01-03T08:50:00Z,S033
T000399,C04390,P0114,3,307.14,2024-01-02T23:47:00Z,S025
T000400,C03518,P0142,4,691.8,2024-01-01T21:46:00Z,S028
T000401,C03901,P0224,4,451.28,2024-01-02T16:11:00Z,S019
T000402,C00595,P0299,3,149.1,2024-01-02T20:13:00Z,S025
T000403,C01889,P0335,5,388.9,2024-01-02T23:59:00Z,S031
T000404,C02999,P0162,2,143.7,2024-01-02T06:53:00Z,S010
T000405,C02891,P0679,2,150.06,2024-01-01T18:06:00Z,S004
T000406,C00354,P0041,5,283.9,2024-01-02T12:06:00Z,S027
T000407,C04997,P0303,4,340.84,2024-01-02T06:35:00Z,S020
T000408,C03923,P0838,4,369.92,2024-01-03T09:00:00Z,S040
T000409,C03872,P0084,1,199.86,2024-01-03T04:53:00Z,S043
T000410,C01508,P0944,4,562.76,2024-01-02T18:35:00Z,S014
T000411,C03521,P0019,1,106.53,2024-01-03T03:48:00Z,S018
T000412,C04618,P0196,1,172.31,2024-01-02T23:42:00Z,S006
T000413,C02261,P0850,4,534.72,2024-01-03T02:53:00Z,S048
T000414,C02511,P0868,3,327.24,2024-01-02T23:54:00Z,S046
T000415,C04973,P0471,4,378.92,2024-01-02T16:47:00Z,S014
T000416,C02519,P0175,4,698.88,2024-01-03T11:07:00Z,S024
T000417,C02081,P0590,3,185.91,2024-01-03T09:38:00Z,S040
T000418,C02255,P0465,1,128.23,2024-01-02T00:42:00Z,S025
T000419,C00546,P0313,1,100.8,2024-01-03T08:53:00Z,S049
T000420,C04255,P0202,1,63.06,2024-01-02T22:38:00Z,S040
T000421,C03658,P0121,2,351.0,2024-01-02T06:19:00Z,S049
T000422,C02321,P0270,4,763.56,2024-01-02T00:14:00Z,S028
T000423,C04367,P0199,5,498.2,2024-01-02T18:03:00Z,S019
T000424,C04949,P0786,4,203.56,2024-01-02T04:53:00Z,S005
T000425,C00049,P0365,1,121.36,2024-01-02T16:24:00Z,S007
T000426,C00623,P0181,5,318.6,2024-01-01T10:18:00Z,S032
T000427,C00572,P0199,1,99.64,2024-01-03T12:16:00Z,S045
T000428,C00343,P0690,4,514.6,2024-01-01T13:04:00Z,S031
T000429,C02997,P0949,2,33.28,2024-01-01T14:07:00Z,S037
T000430,C02343,P0388,4,531.88,2024-01-01T16:57:00Z,S030
T000431,C04237,P0413,1,131.95,2024-01-02T10:39:00Z,S012
T000432,C04367,P0577,2,147.04,2024-01-03T08:48:00Z,S014
T000433,C01713,P0831,5,569.6,2024-01-03T07:42:00Z,S010
T000434,C04356,P0651,2,308.3,2024-01-01T15:16:00Z,S048
T000435,C02370,P0944,4,562.76,2024-01-03T19:03:00Z,S038
T000436,C03221,P0348,5,96.9,2024-01-01T20:13:00Z,S007
T000437,C02864,P0255,5,562.75,2024-01-02T08:16:00Z,S021
T000438,C04401,P0579,1,171.39,2024-01-01T22:02:00Z,S009
T000439,C02408,P0554,1,83.79,2024-01-03T16:47:00Z,S029
T000440,C04429,P0477,3,342.33,2024-01-01T17:41:00Z,S037
T000441,C03607,P0894,2,264.28,2024-01-02T20:29:00Z,S020
T000442,C00342,P0120,5,133.2,2024-01-02T13:24:00Z,S024
T000443,C01629,P0760,4,89.96,2024-01-01T22:02:00Z,S022
T000444,C02062,P0550,2,52.5,2024-01-03T08:59:00Z,S032
T000445,C02231,P0123,2,136.56,2024-01-02T03:12:00Z,S015
T000446,C02183,P0995,5,286.15,2024-01-01T16:50:00Z,S047
T000447,C04523,P0505,5,556.25,2024-01-03T17:59:00Z,S027
T000448,C02556,P0531,1,189.37,2024-01-03T18:17:00Z,S023
T000449,C04980,P0918,1,195.91,2024-01-02T00:51:00Z,S007
T000450,C04549,P0232,4,184.92,2024-01-03T12:35:00Z,S028
T000451,C02929,P0963,1,33.7,2024-01-01T16:25:00Z,S034
T000452,C00133,P0372,1,28.71,2024-01-02T01:30:00Z,S023
T000453,C02124,P0590,1,61.97,2024-01-03T03:25:00Z,S041
T000454,C04798,P0836,1,118.72,2024-01-01T10:06:00Z,S003
T000455,C04542,P0836,1,118.72,2024-01-03T16:57:00Z,S001
T000456,C02365,P0804,3,217.02,2024-01-01T23:09:00Z,S029
T000457,C03952,P0240,3,293.7,2024-01-02T14:07:00Z,S018
T000458,C01203,P0170,3,347.88,2024-01-01T23:37:00Z,S013
T000459,C03833,P0891,3,477.45,2024-01-02T18:28:00Z,S010
T000460,C03247,P0764,3,473.34,2024-01-02T09:49:00Z,S021
T000461,C03515,P0743,4,231.64,2024-01-01T23:14:00Z,S025
T000462,C03110,P0531,2,378.74,2024-01-01T10:40:00Z,S040
T000463,C02808,P0977,5,413.5,2024-01-01T16:12:00Z,S010
T000464,C03330,P0817,3,376.59,2024-01-03T00:22:00Z,S011
T000465,C01897,P0502,1,53.72,2024-01-03T16:34:00Z,S001
T000466,C00177,P0843,1,101.77,2024-01-01T18:57:00Z,S017
T000467,C01736,P0006,2,103.46,2024-01-02T23:15:00Z,S015
T000468,C03732,P0766,2,351.44,2024-01-03T18:16:00Z,S039
T000469,C00939,P0111,4,50.48,2024-01-01T10:26:00Z,S035
T000470,C02874,P0747,2,161.64,2024-01-02T21:52:00Z,S030
T000471,C01794,P0275,4,536.6,2024-01-02T19:41:00Z,S035
T000472,C01424,P0825,2,80.84,2024-01-02T05:41:00Z,S007
T000473,C00713,P0609,4,797.84,2024-01-03T18:39:00Z,S031
T000474,C01417,P0570,1,136.71,2024-01-02T02:06:00Z,S018
T000475,C02653,P0687,5,222.0,2024-01-02T15:52:00Z,S050
T000476,C00982,P0162,2,143.7,2024-01-02T09:56:00Z,S050
T000477,C04779,P0545,3,364.89,2024-01-02T13:56:00Z,S030
T000478,C04311,P0203,2,234.3,2024-01-02T22:24:00Z,S050
T000479,C02323,P0916,2,155.2,2024-01-02T04:38:00Z,S003
T000480,C04186,P0587,1,155.23,2024-01-02T18:12:00Z,S020
T000481,C01599,P0341,1,135.95,2024-01-02T07:57:00Z,S015
T000482,C02553,P0822,1,27.12,2024-01-01T10:48:00Z,S019
T000483,C04441,P0355,1,165.97,2024-01-01T20:42:00Z,S009
T000484,C02347,P0339,4,766.04,2024-01-01T14:04:00Z,S047
T000485,C02539,P0625,3,484.74,2024-01-03T08:34:00Z,S044
T000486,C04821,P0664,5,759.85,2024-01-02T08:17:00Z,S027
T000487,C04465,P0195,2,275.56,2024-01-03T03:05:00Z,S016
T000488,C03575,P0732,4,426.44,2024-01-02T14:04:00Z,S019
T000489,C04778,P0922,1,54.81,2024-01-01T15:08:00Z,S001
T000490,C03858,P0519,3,329.64,2024-01-02T21:11:00Z,S045
T000491,C00625,P0961,5,401.5,2024-01-03T19:35:00Z,S046
T000492,C04084,P0486,4,82.92,2024-01-01T20:24:00Z,S048
T000493,C03429,P0254,4,797.72,2024-01-01T22:27:00Z,S049
T000494,C01360,P0843,5,508.85,2024-01-02T02:33:00Z,S042
T000495,C00298,P0481,2,163.94,2024-01-02T15:55:00Z,S025
T000496,C01813,P0635,5,331.45,2024-01-01T14:37:00Z,S019
T000497,C00139,P0184,3,506.25,2024-01-03T09:19:00Z,S026
T000498,C02074,P0293,5,529.35,2024-01-03T15:53:00Z,S028
T000499,C01713,P0620,3,520.77,2024-01-03T14:46:00Z,S048
T000500,C01243,P0252,5,208.85,2024-01-01T12:29:00Z,S005
T000501,C04988,P0115,5,564.05,2024-01-02T18:42:00Z,S046
T000502,C01447,P0350,3,214.71,2024-01-03T15:02:00Z,S028
T000503,C02523,P0839,1,19.31,2024-01-03T10:18:00Z,S024
T000504,C01215,P0102,5,927.1,2024-01-01T10:19:00Z,S009
T000505,C04338,P0017,2,206.5,2024-01-02T04:13:00Z,S030
T000506,C02666,P0639,2,206.56,2024-01-02T11:38:00Z,S025
T000507,C04937,P0284,3,141.09,2024-01-03T00:02:00Z,S018
T000508,C03658,P0558,2,194.58,2024-01-01T16:58:00Z,S021
T000509,C01969,P0454,4,427.72,2024-01-03T06:36:00Z,S015
T000510,C01017,P0689,2,211.94,2024-01-02T18:34:00Z,S015
T000511,C00597,P0034,2,45.8,2024-01-03T00:42:00Z,S019
T000512,C03359,P0891,4,636.6,2024-01-03T14:27:00Z,S009
T000513,C04568,P0337,3,19.62,2024-01-01T09:10:00Z,S006
T000514,C03388,P0115,2,225.62,2024-01-02T11:24:00Z,S012
T000515,C04478,P0232,1,46.23,2024-01-02T16:12:00Z,S030
T000516,C04178,P0567,2,114.38,2024-01-03T13:48:00Z,S031
T000517,C03796,P0653,4,310.92,2024-01-03T02:56:00Z,S019
T000518,C03934,P0840,3,197.61,2024-01-02T21:46:00Z,S028
T000519,C02408,P0015,1,129.77,2024-01-02T21:40:00Z,S031
T000520,C03967,P0920,3,323.79,2024-01-02T04:58:00Z,S001
T000521,C00808,P0103,5,293.15,2024-01-03T12:47:00Z,S021
T000522,C03939,P0893,4,365.8,2024-01-02T06:17:00Z,S020
T000523,C02762,P0693,3,581.58,2024-01-02T08:12:00Z,S031
T000524,C00375,P0810,4,576.92,2024-01-03T01:41:00Z,S027
T000525,C01941,P0468,4,630.32,2024-01-02T14:50:00Z,S043
T000526,C00026,P0146,4,798.0,2024-01-02T22:43:00Z,S044
T000527,C01496,P0681,5,863.5,2024-01-03T07:09:00Z,S036
T000528,C03741,P0460,4,585.04,2024-01-03T20:21:00Z,S008
T000529,C03261,P0192,3,44.22,2024-01-03T20:43:00Z,S025
T000530,C00034,P0225,3,99.51,2024-01-01T11:55:00Z,S003
T000531,C03189,P0255,4,450.2,2024-01-02T21:57:00Z,S046
T000532,C04881,P0740,1,150.38,2024-01-03T11:26:00Z,S046
T000533,C04638,P0278,1,122.28,2024-01-01T22:57:00Z,S017
T000534,C04712,P0747,1,80.82,2024-01-03T14:13:00Z,S014
T000535,C03640,P0672,5,708.35,2024-01-02T09:12:00Z,S048
T000536,C04166,P0096,4,132.88,2024-01-02T04:30:00Z,S014
T000537,C04607,P0167,5,40.75,2024-01-01T11:54:00Z,S043
T000538,C01540,P0385,5,33.7,2024-01-02T09:22:00Z,S029
T000539,C03531,P0084,1,199.86,2024-01-03T10:47:00Z,S015
T000540,C04023,P0828,1,188.4,2024-01-01T10:27:00Z,S009
T000541,C00800,P0713,5,507.45,2024-01-03T18:40:00Z,S042
T000542,C03223,P0083,5,753.35,2024-01-01T22:45:00Z,S034
T000543,C04355,P0476,5,721.2,2024-01-02T22:06:00Z,S034
T000544,C00633,P0956,2,160.64,2024-01-02T15:53:00Z,S001
T000545,C03823,P0481,3,245.91,2024-01-03T08:36:00Z,S023
T000546,C00453,P0215,3,136.59,2024-01-03T00:05:00Z,S016
T000547,C02877,P0018,2,219.38,2024-01-02T18:38:00Z,S039
T000548,C02566,P0732,3,319.83,2024-01-02T23:14:00Z,S029
T000549,C04156,P0418,1,109.14,2024-01-03T09:01:00Z,S020
T000550,C00755,P0665,5,477.1,2024-01-01T23:13:00Z,S039
T000551,C04957,P0132,4,725.68,2024-01-03T05:40:00Z,S024
T000552,C00912,P0222,3,217.35,2024-01-03T16:10:00Z,S007
T000553,C02312,P0230,4,748.8,2024-01-01T20:54:00Z,S046
T000554,C01982,P0779,5,811.85,2024-01-03T16:02:00Z,S035
T000555,C01743,P0763,3,182.79,2024-01-01T11:52:00Z,S035
T000556,C00543,P0450,5,263.0,2024-01-02T22:57:00Z,S012
T000557,C00839,P0069,1,112.97,2024-01-02T17:05:00Z,S032
T000558,C04919,P0175,3,524.16,2024-01-02T11:19:00Z,S013
T000559,C03898,P0190,4,167.28,2024-01-01T14:15:00Z,S017
T000560,C01159,P0805,2,120.5,2024-01-02T22:21:00Z,S005
T000561,C03198,P0334,1,56.63,2024-01-03T15:32:00Z,S028
T000562,C02370,P0254,4,797.72,2024-01-01T21:16:00Z,S031
T000563,C02784,P0231,5,195.2,2024-01-02T01:27:00Z,S038
T000564,C02705,P0708,5,857.05,2024-01-01T21:26:00Z,S014
T000565,C00016,P0878,3,49.89,2024-01-03T13:56:00Z,S012
T000566,C03076,P0640,2,234.48,2024-01-03T00:27:00Z,S040
T000567,C00496,P0963,1,33.7,2024-01-01T14:17:00Z,S008
T000568,C03685,P0294,2,393.64,2024-01-01T11:54:00Z,S039
T000569,C02950,P0205,3,397.17,2024-01-03T04:48:00Z,S004
T000570,C02676,P0953,4,509.84,2024-01-02T09:48:00Z,S002
T000571,C03287,P0896,3,430.89,2024-01-03T11:22:00Z,S041
T000572,C04512,P0599,1,11.15,2024-01-02T09:27:00Z,S036
T000573,C02766,P0780,3,386.16,2024-01-01T13:28:00Z,S049
T000574,C01331,P0598,5,141.5,2024-01-03T19:51:00Z,S049
T000575,C01373,P0162,4,287.4,2024-01-03T14:34:00Z,S021
T000576,C04280,P0663,3,349.11,2024-01-01T18:41:00Z,S023
T000577,C00184,P0432,1,182.55,2024-01-02T23:59:00Z,S007
T000578,C03144,P0171,5,436.75,2024-01-01T13:38:00Z,S008
T000579,C02253,P0144,4,576.24,2024-01-03T16:30:00Z,S006
T000580,C04776,P0855,3,365.34,2024-01-02T13:35:00Z,S001
T000581,C02389,P0586,2,53.56,2024-01-02T07:53:00Z,S004
T000582,C04645,P0492,3,109.44,2024-01-02T16:34:00Z,S033
T000583,C03827,P0496,2,306.84,2024-01-02T23:24:00Z,S011
T000584,C04117,P0479,5,942.45,2024-01-02T05:33:00Z,S016
T000585,C03221,P0342,1,163.94,2024-01-01T13:56:00Z,S040
T000586,C03273,P0861,1,78.73,2024-01-03T02:46:00Z,S023
T000587,C02201,P0998,5,602.25,2024-01-03T16:18:00Z,S017
T000588,C02386,P0192,5,73.7,2024-01-03T03:38:00Z,S045
T000589,C01739,P0391,1,63.03,2024-01-01T14:14:00Z,S017
T000590,C04950,P0148,3,417.9,2024-01-02T12:58:00Z,S045
T000591,C02313,P0845,3,462.63,2024-01-01T22:08:00Z,S041
T000592,C01896,P0229,1,52.33,2024-01-01T23:23:00Z,S042
T000593,C02727,P0646,2,155.38,2024-01-02T06:21:00Z,S030
T000594,C02310,P1000,3,35.73,2024-01-02T08:11:00Z,S005
T000595,C03133,P0528,1,7.72,2024-01-01T10:04:00Z,S003
T000596,C00151,P0075,4,400.68,2024-01-01T22:32:00Z,S014
T000597,C04880,P0456,2,367.44,2024-01-01T11:13:00Z,S008
T000598,C02431,P0249,3,587.85,2024-01-03T13:56:00Z,S044
T000599,C04558,P0981,4,210.72,2024-01-03T00:17:00Z,S029
T000600,C00101,P0233,2,145.68,2024-01-02T23:18:00Z,S038
T000601,C02977,P0780,1,128.72,2024-01-02T15:19:00Z,S031
T000602,C01006,P0783,1,137.99,2024-01-01T21:07:00Z,S009
T000603,C03093,P0430,4,507.28,2024-01-02T18:16:00Z,S017
T000604,C03276,P0624,3,528.06,2024-01-03T19:26:00Z,S004
T000605,C04907,P0210,3,543.96,2024-01-02T10:45:00Z,S009
T000606,C01938,P0822,1,27.12,2024-01-02T15:20:00Z,S050
T000607,C03373,P0034,5,114.5,2024-01-02T23:28:00Z,S032
T000608,C02571,P0551,5,92.2,2024-01-03T10:56:00Z,S049
T000609,C01420,P0914,4,240.84,2024-01-02T06:19:00Z,S001
T000610,C02655,P0297,4,593.12,2024-01-03T07:43:00Z,S015
T000611,C02719,P0057,5,699.15,2024-01-01T22:22:00Z,S002
T000612,C00863,P0696,4,195.28,2024-01-02T15:05:00Z,S021
T000613,C01089,P0804,2,144.68,2024-01-01T14:36:00Z,S007
T000614,C02481,P0296,2,104.42,2024-01-02T16:57:00Z,S049
T000615,C04257,P0936,2,113.58,2024-01-03T05:10:00Z,S044
T000616,C00491,P0803,1,126.45,2024-01-01T23:19:00Z,S029
T000617,C03754,P0385,5,33.7,2024-01-01T10:09:00Z,S020
T000618,C03121,P0498,1,106.41,2024-01-02T15:14:00Z,S015
T000619,C01656,P0384,1,97.69,2024-01-01T21:45:00Z,S032
T000620,C03825,P0480,2,392.1,2024-01-02T08:01:00Z,S041
T000621,C02665,P0290,1,10.44,2024-01-02T14:20:00Z,S013
T000622,C03219,P0760,3,67.47,2024-01-02T18:00:00Z,S025
T000623,C00610,P0677,2,220.16,2024-01-01T17:02:00Z,S006
T000624,C04015,P0058,3,343.29,2024-01-01T12:15:00Z,S009
T000625,C01311,P0127,3,386.13,2024-01-03T19:52:00Z,S032
T000626,C04055,P0111,3,37.86,2024-01-03T03:17:00Z,S012
T000627,C01343,P0045,2,231.32,2024-01-01T11:03:00Z,S009
T000628,C03566,P0608,5,953.45,2024-01-03T11:27:00Z,S019
T000629,C03842,P0622,5,631.6,2024-01-03T15:15:00Z,S028
T000630,C03603,P0821,5,43.1,2024-01-02T20:38:00Z,S026
T000631,C00337,P0571,1,79.9,2024-01-02T09:22:00Z,S028
T000632,C03211,P0878,5,83.15,2024-01-01T20:03:00Z,S006
T000633,C03946,P0587,5,776.15,2024-01-02T12:11:00Z,S015
T000634,C04174,P0305,3,362.46,2024-01-02T11:33:00Z,S037
T000635,C03188,P0061,1,173.86,2024-01-02T04:28:00Z,S020
T000636,C02458,P0743,1,57.91,2024-01-02T02:26:00Z,S021
T000637,C00436,P0878,2,33.26,2024-01-02T04:46:00Z,S048
T000638,C03088,P0639,5,516.4,2024-01-02T18:31:00Z,S035
T000639,C01659,P0522,5,604.5,2024-01-02T05:35:00Z,S001
T000640,C04800,P0117,5,317.5,2024-01-01T09:04:00Z,S029
T000641,C01178,P0931,1,169.47,2024-01-01T21:27:00Z,S047
T000642,C03533,P0941,1,158.88,2024-01-01T16:35:00Z,S030
T000643,C00425,P0329,5,637.95,2024-01-03T08:42:00Z,S039
T000644,C02997,P0719,1,138.53,2024-01-02T06:38:00Z,S011
T000645,C02610,P0681,1,172.7,2024-01-02T01:33:00Z,S007
T000646,C01216,P0782,3,263.61,2024-01-02T06:37:00Z,S038
T000647,C03660,P0444,1,192.14,2024-01-01T09:01:00Z,S027
T000648,C02832,P0313,1,100.8,2024-01-02T17:07:00Z,S001
T000649,C02233,P0813,1,183.91,2024-01-03T11:00:00Z,S018
T000650,C04482,P0161,1,122.51,2024-01-03T07:28:00Z,S025
T000651,C03020,P0868,4,436.32,2024-01-03T07:34:00Z,S040
T000652,C03877,P0123,4,273.12,2024-01-02T15:03:00Z,S031
T000653,C01473,P0583,3,25.65,2024-01-01T19:26:00Z,S031
T000654,C02967,P0333,2,332.04,2024-01-02T21:31:00Z,S015
T000655,C04886,P0195,4,551.12,2024-01-03T01:15:00Z,S050
T000656,C02454,P0433,2,94.56,2024-01-01T11:06:00Z,S004
T000657,C04654,P0034,2,45.8,2024-01-03T00:27:00Z,S014
T000658,C04970,P0369,5,820.7,2024-01-02T04:32:00Z,S026
T000659,C00161,P0236,1,26.56,2024-01-02T00:52:00Z,S044
T000660,C01864,P0449,2,72.9,2024-01-02T13:43:00Z,S017
T000661,C00465,P0808,5,347.65,2024-01-02T16:07:00Z,S024
T000662,C03644,P0157,5,943.15,2024-01-03T04:45:00Z,S049
T000663,C03596,P0665,5,477.1,2024-01-03T06:08:00Z,S029
T000664,C04136,P0553,3,554.91,2024-01-03T07:30:00Z,S019
T000665,C02642,P0796,1,23.7,2024-01-02T20:51:00Z,S023
T000666,C04860,P0641,5,715.9,2024-01-01T21:01:00Z,S015
T000667,C04492,P0582,4,251.6,2024-01-02T03:32:00Z,S026
T000668,C01794,P0613,3,218.88,2024-01-03T07:59:00Z,S043
T000669,C02938,P0263,5,320.35,2024-01-01T11:56:00Z,S006
T000670,C01231,P0082,3,507.72,2024-01-02T00:57:00Z,S014
T000671,C00249,P0438,3,558.75,2024-01-02T10:35:00Z,S042
T000672,C00646,P0156,4,452.0,2024-01-03T11:21:00Z,S020
T000673,C03147,P0577,3,220.56,2024-01-02T09:29:00Z,S033
T000674,C01803,P0999,4,775.76,2024-01-01T11:25:00Z,S008
T000675,C04257,P0635,4,265.16,2024-01-02T16:16:00Z,S024
T000676,C00468,P0546,4,364.48,2024-01-02T05:40:00Z,S030
T000677,C03863,P0653,2,155.46,2024-01-01T15:19:00Z,S002
T000678,C04150,P0176,2,47.7,2024-01-02T21:42:00Z,S048
T000679,C00233,P0071,4,711.08,2024-01-03T07:00:00Z,S049
T000680,C01034,P0023,2,304.36,2024-01-03T01:50:00Z,S028
T000681,C04331,P0203,1,117.15,2024-01-03T12:03:00Z,S047
T000682,C02798,P0074,3,303.06,2024-01-02T16:03:00Z,S039
T000683,C02078,P0658,5,420.5,2024-01-03T05:29:00Z,S011
T000684,C04417,P0213,2,373.22,2024-01-02T20:01:00Z,S022
T000685,C04686,P0355,5,829.85,2024-01-03T19:49:00Z,S014
T000686,C04028,P0278,3,366.84,2024-01-02T05:46:00Z,S047
T000687,C00235,P0432,1,182.55,2024-01-02T14:52:00Z,S016
T000688,C03256,P0396,5,608.7,2024-01-03T04:42:00Z,S005
T000689,C01971,P0043,1,145.1,2024-01-01T13:40:00Z,S022
T000690,C02601,P0317,2,34.58,2024-01-02T18:44:00Z,S019
T000691,C00421,P0054,5,426.75,2024-01-01T16:30:00Z,S032
T000692,C00330,P0721,5,27.3,2024-01-03T11:10:00Z,S027
T000693,C00035,P0737,5,461.0,2024-01-03T12:05:00Z,S046
T000694,C00531,P0570,3,410.13,2024-01-02T20:51:00Z,S040
T000695,C04911,P0376,4,679.6,2024-01-03T17:35:00Z,S008
T000696,C04994,P0195,3,413.34,2024-01-02T08:02:00Z,S013
T000697,C04454,P0099,4,251.36,2024-01-02T15:47:00Z,S023
T000698,C02593,P0844,1,135.39,2024-01-03T05:32:00Z,S043
T000699,C02876,P0830,4,256.56,2024-01-02T21:43:00Z,S001
T000700,C02859,P0621,3,313.08,2024-01-02T21:10:00Z,S040
T000701,C02885,P0460,1,146.26,2024-01-02T08:11:00Z,S033
T000702,C00205,P0954,2,260.26,2024-01-01T23:47:00Z,S049
T000703,C02891,P0544,2,299.06,2024-01-03T19:28:00Z,S048
T000704,C02756,P0351,1,165.96,2024-01-03T15:25:00Z,S041
T000705,C02872,P0380,5,631.75,2024-01-01T21:22:00Z,S021
T000706,C02762,P0464,1,67.39,2024-01-02T23:21:00Z,S010
T000707,C03468,P0543,1,11.54,2024-01-03T18:07:00Z,S049
T000708,C03199,P0170,1,115.96,2024-01-03T07:21:00Z,S028
T000709,C04908,P0261,4,523.8,2024-01-02T06:23:00Z,S049
T000710,C00056,P0745,3,587.1,2024-01-03T14:22:00Z,S029
T000711,C02870,P0331,4,494.44,2024-01-03T16:56:00Z,S015
T000712,C03825,P0379,3,239.97,2024-01-03T18:20:00Z,S010
T000713,C02149,P0224,1,112.82,2024-01-01T21:40:00Z,S024
T000714,C00467,P0438,5,931.25,2024-01-03T19:37:00Z,S010
T000715,C01711,P0136,1,128.03,2024-01-01T23:28:00Z,S041
T000716,C01345,P0936,3,170.37,2024-01-01T09:20:00Z,S040
T000717,C01944,P0639,1,103.28,2024-01-01T20:22:00Z,S009
T000718,C02656,P0575,1,69.27,2024-01-03T05:17:00Z,S008
T000719,C03770,P0049,4,174.2,2024-01-02T06:05:00Z,S014
T000720,C04706,P0532,4,652.48,2024-01-01T10:32:00Z,S031
T000721,C03886,P0917,5,894.0,2024-01-03T02:35:00Z,S022
T000722,C04100,P0404,5,923.95,2024-01-03T08:22:00Z,S010
T000723,C02221,P0766,3,527.16,2024-01-01T14:39:00Z,S043
T000724,C04734,P0838,2,184.96,2024-01-03T19:10:00Z,S010
T000725,C02275,P0544,5,747.65,2024-01-02T06:14:00Z,S022
T000726,C04940,P0360,4,559.44,2024-01-02T21:21:00Z,S044
T000727,C04847,P0763,1,60.93,2024-01-02T20:13:00Z,S024
T000728,C04522,P0464,2,134.78,2024-01-02T10:04:00Z,S048
T000729,C02059,P0033,1,61.04,2024-01-01T18:07:00Z,S016
T000730,C04527,P0198,3,291.48,2024-01-03T06:29:00Z,S005
T000731,C00403,P0157,5,943.15,2024-01-02T06:48:00Z,S012
T000732,C02564,P0509,1,26.66,2024-01-02T15:58:00Z,S027
T000733,C01701,P0504,3,378.69,2024-01-03T01:33:00Z,S039
T000734,C03836,P0777,4,354.2,2024-01-02T14:48:00Z,S018
T000735,C02710,P0325,4,301.72,2024-01-01T09:02:00Z,S021
T000736,C02986,P0143,3,15.75,2024-01-02T23:04:00Z,S009
T000737,C00979,P0165,1,163.74,2024-01-02T10:20:00Z,S015
T000738,C00473,P0966,3,223.14,2024-01-02T04:41:00Z,S004
T000739,C03857,P0503,5,872.3,2024-01-02T05:41:00Z,S033
T000740,C04066,P0057,3,419.49,2024-01-01T16:09:00Z,S037
T000741,C00287,P0800,4,147.48,2024-01-02T20:26:00Z,S024
T000742,C02203,P0888,2,89.58,2024-01-02T18:53:00Z,S045
T000743,C02309,P0196,2,344.62,2024-01-02T23:51:00Z,S024
T000744,C04344,P0934,2,345.5,2024-01-02T04:00:00Z,S048
T000745,C01981,P0826,3,200.88,2024-01-02T16:40:00Z,S019
T000746,C01513,P0589,2,248.82,2024-01-03T01:43:00Z,S021
T000747,C02322,P0781,2,360.88,2024-01-01T21:35:00Z,S015
T000748,C04913,P0550,5,131.25,2024-01-03T07:01:00Z,S034
T000749,C04543,P0513,3,186.93,2024-01-02T05:37:00Z,S045
T000750,C03640,P0770,3,271.8,2024-01-02T21:44:00Z,S021
T000751,C03862,P0605,5,95.3,2024-01-01T11:43:00Z,S045
T000752,C04143,P0864,2,377.0,2024-01-02T23:44:00Z,S007
T000753,C00277,P0039,3,372.87,2024-01-02T15:53:00Z,S036
T000754,C01440,P0551,3,55.32,2024-01-01T12:51:00Z,S025
T000755,C03974,P0645,4,609.16,2024-01-01T10:47:00Z,S004
T000756,C00544,P0898,5,494.6,2024-01-02T15:27:00Z,S040
T000757,C00901,P0065,5,89.15,2024-01-03T05:17:00Z,S024
T000758,C02503,P0952,4,394.0,2024-01-01T09:36:00Z,S021
T000759,C02487,P0811,5,702.3,2024-01-03T10:06:00Z,S050
T000760,C04728,P0279,5,95.4,2024-01-03T01:06:00Z,S038
T000761,C03824,P0278,5,611.4,2024-01-03T20:35:00Z,S014
T000762,C02132,P0452,3,548.34,2024-01-03T15:58:00Z,S014
T000763,C04226,P0045,2,231.32,2024-01-02T16:28:00Z,S035
T000764,C04356,P0353,2,81.2,2024-01-02T06:28:00Z,S008
T000765,C01505,P0412,5,941.35,2024-01-03T06:04:00Z,S020
T000766,C04718,P0059,5,883.5,2024-01-03T01:20:00Z,S006
T000767,C00684,P0416,4,362.28,2024-01-02T03:13:00Z,S037
T000768,C04379,P0456,5,918.6,2024-01-02T03:13:00Z,S039
T000769,C04222,P0320,5,84.6,2024-01-03T06:22:00Z,S021
T000770,C02068,P0397,4,351.2,2024-01-03T13:37:00Z,S046
T000771,C04909,P0608,1,190.69,2024-01-03T07:41:00Z,S034
T000772,C01913,P0275,3,402.45,2024-01-02T22:02:00Z,S028
T000773,C02407,P0969,4,121.08,2024-01-01T10:21:00Z,S011
T000774,C04035,P0316,5,265.6,2024-01-02T05:43:00Z,S035
T000775,C02240,P0240,1,97.9,2024-01-01T12:59:00Z,S033
T000776,C00855,P0837,4,778.88,2024-01-01T16:51:00Z,S039
T000777,C03560,P0449,4,145.8,2024-01-01T16:42:00Z,S014
T000778,C02227,P0714,1,164.89,2024-01-02T03:52:00Z,S039
T000779,C04140,P0176,5,119.25,2024-01-03T05:08:00Z,S047
T000780,C00645,P0176,4,95.4,2024-01-01T19:37:00Z,S007
T000781,C03018,P0384,4,390.76,2024-01-03T13:45:00Z,S038
T000782,C02816,P0571,2,159.8,2024-01-03T18:13:00Z,S026
T000783,C02886,P0206,2,395.1,2024-01-03T01:11:00Z,S030
T000784,C03601,P0414,2,36.18,2024-01-02T04:56:00Z,S032
T000785,C02299,P0311,4,591.72,2024-01-03T12:19:00Z,S043
T000786,C02790,P0379,3,239.97,2024-01-02T00:11:00Z,S002
T000787,C04669,P0315,2,285.72,2024-01-02T04:47:00Z,S022
T000788,C01578,P0232,4,184.92,2024-01-02T21:36:00Z,S030
T000789,C04203,P0982,1,75.77,2024-01-02T13:13:00Z,S004
T000790,C01008,P0308,4,192.96,2024-01-03T08:02:00Z,S011
T000791,C04005,P0579,5,856.95,2024-01-01T10:29:00Z,S015
T000792,C03081,P0367,2,43.14,2024-01-02T01:40:00Z,S032
T000793,C00664,P0378,5,456.05,2024-01-02T17:17:00Z,S010
T000794,C04042,P0623,5,948.7,2024-01-03T11:15:00Z,S050
T000795,C00621,P0430,2,253.64,2024-01-02T19:35:00Z,S008
T000796,C00584,P0212,2,138.5,2024-01-03T05:26:00Z,S022
T000797,C03041,P0347,2,41.82,2024-01-03T05:47:00Z,S007
T000798,C00475,P0476,2,288.48,2024-01-02T05:06:00Z,S028
T000799,C02830,P0354,2,272.98,2024-01-01T23:16:00Z,S023
T000800,C00065,P0413,5,659.75,2024-01-02T10:04:00Z,S017
T000801,C00975,P0405,5,147.3,2024-01-02T21:48:00Z,S004
T000802,C01504,P0110,3,210.84,2024-01-03T04:39:00Z,S030
T000803,C01367,P0555,4,753.76,2024-01-02T18:27:00Z,S048
T000804,C01969,P0729,1,85.59,2024-01-02T02:45:00Z,S025
T000805,C02641,P0249,5,979.75,2024-01-02T20:26:00Z,S017
T000806,C03095,P0826,3,200.88,2024-01-02T03:48:00Z,S009
T000807,C03618,P0921,4,309.0,2024-01-03T13:44:00Z,S009
T000808,C02230,P0648,3,435.96,2024-01-01T20:00:00Z,S033
T000809,C02406,P0688,2,59.06,2024-01-02T07:39:00Z,S045
T000810,C01012,P0880,1,145.54,2024-01-03T13:54:00Z,S002
T000811,C03622,P0927,1,10.6,2024-01-03T14:13:00Z,S026
T000812,C00463,P0074,1,101.02,2024-01-02T23:27:00Z,S029
T000813,C00582,P0892,4,347.04,2024-01-01T11:30:00Z,S023
T000814,C04540,P0863,4,288.6,2024-01-03T19:43:00Z,S026
T000815,C00970,P0137,2,158.72,2024-01-02T06:42:00Z,S028
T000816,C02593,P0867,1,144.88,2024-01-02T07:58:00Z,S014
T000817,C03874,P0215,5,227.65,2024-01-02T11:14:00Z,S047
T000818,C02721,P0008,2,191.46,2024-01-03T02:39:00Z,S003
T000819,C04017,P0537,2,91.66,2024-01-03T07:44:00Z,S047
T000820,C03013,P0141,2,14.6,2024-01-02T08:50:00Z,S007
T000821,C04366,P0852,1,143.67,2024-01-03T12:18:00Z,S009
T000822,C00409,P0681,2,345.4,2024-01-02T19:06:00Z,S049
T000823,C01414,P0487,3,139.86,2024-01-03T00:41:00Z,S039
T000824,C03922,P0025,3,384.63,2024-01-02T15:16:00Z,S012
T000825,C01144,P0691,3,119.58,2024-01-02T18:02:00Z,S001
T000826,C01068,P0995,4,228.92,2024-01-01T22:41:00Z,S010
T000827,C03244,P0948,5,59.6,2024-01-01T09:56:00Z,S013
T000828,C02157,P0778,5,670.75,2024-01-02T12:54:00Z,S043
T000829,C04198,P0701,5,401.75,2024-01-03T01:10:00Z,S022
T000830,C01321,P0687,3,133.2,2024-01-01T13:06:00Z,S024
T000831,C03809,P0571,1,79.9,2024-01-02T13:55:00Z,S029
T000832,C02856,P0579,2,342.78,2024-01-02T06:07:00Z,S011
T000833,C00164,P0310,2,319.92,2024-01-03T20:58:00Z,S050
T000834,C02515,P0219,3,134.16,2024-01-02T09:13:00Z,S048
T000835,C04497,P0715,3,520.23,2024-01-02T17:42:00Z,S036
T000836,C02904,P0363,3,459.6,2024-01-01T21:12:00Z,S003
T000837,C04216,P0815,3,61.47,2024-01-02T17:47:00Z,S017
T000838,C04417,P0245,4,289.2,2024-01-01T19:33:00Z,S040
T000839,C03307,P0380,1,126.35,2024-01-02T06:26:00Z,S034
T000840,C03774,P0926,3,232.38,2024-01-02T10:19:00Z,S028
T000841,C00721,P0133,4,656.84,2024-01-03T18:50:00Z,S018
T000842,C02076,P0109,1,54.18,2024-01-01T17:45:00Z,S039
T000843,C01456,P0629,4,178.72,2024-01-01T15:44:00Z,S017
T000844,C00245,P0716,2,316.7,2024-01-01T22:00:00Z,S045
T000845,C04228,P0132,2,362.84,2024-01-03T11:35:00Z,S009
T000846,C04566,P0297,3,444.84,2024-01-02T20:50:00Z,S012
T000847,C03622,P0998,4,481.8,2024-01-02T09:47:00Z,S046
T000848,C02582,P0090,1,28.75,2024-01-03T16:44:00Z,S030
T000849,C00667,P0321,1,29.23,2024-01-02T17:37:00Z,S039
T000850,C01722,P0286,2,83.78,2024-01-01T11:08:00Z,S011
T000851,C04834,P0840,3,197.61,2024-01-02T15:02:00Z,S030
T000852,C02772,P0097,2,302.52,2024-01-02T21:56:00Z,S044
T000853,C03008,P0645,1,152.29,2024-01-03T15:03:00Z,S008
T000854,C03467,P0016,5,297.1,2024-01-01T17:50:00Z,S016
T000855,C03198,P0971,3,173.61,2024-01-01T11:58:00Z,S006
T000856,C01730,P0730,1,155.13,2024-01-02T10:36:00Z,S029
T000857,C03357,P0433,4,189.12,2024-01-01T10:02:00Z,S028
T000858,C02908,P0021,5,607.3,2024-01-03T20:07:00Z,S002
T000859,C02504,P0562,1,26.54,2024-01-01T20:59:00Z,S038
T000860,C02785,P0112,3,153.3,2024-01-03T15:42:00Z,S002
T000861,C03661,P0459,2,267.5,2024-01-02T17:24:00Z,S018
T000862,C01249,P0227,4,82.92,2024-01-02T09:11:00Z,S031
T000863,C04746,P0826,4,267.84,2024-01-03T20:55:00Z,S010
T000864,C04735,P0542,5,954.15,2024-01-01T10:57:00Z,S017
T000865,C00934,P0086,5,398.8,2024-01-03T07:28:00Z,S028
T000866,C00600,P0069,2,225.94,2024-01-03T10:10:00Z,S042
T000867,C04572,P0930,3,74.01,2024-01-03T09:53:00Z,S040
T000868,C00490,P0516,1,184.37,2024-01-03T03:23:00Z,S045
T000869,C02049,P0314,1,104.65,2024-01-03T06:29:00Z,S024
T000870,C00579,P0730,4,620.52,2024-01-01T14:45:00Z,S034
T000871,C04813,P0411,5,417.3,2024-01-02T00:44:00Z,S020
T000872,C02082,P0010,1,93.02,2024-01-02T05:33:00Z,S044
T000873,C04278,P0066,4,333.2,2024-01-02T00:27:00Z,S023
T000874,C03327,P0930,3,74.01,2024-01-03T00:35:00Z,S031
T000875,C03154,P0439,3,324.51,2024-01-01T10:46:00Z,S047
T000876,C04469,P0058,3,343.29,2024-01-03T01:19:00Z,S045
T000877,C03836,P0585,3,108.57,2024-01-02T06:03:00Z,S011
T000878,C02262,P0888,1,44.79,2024-01-01T15:11:00Z,S015
T000879,C01732,P0603,2,28.64,2024-01-02T20:26:00Z,S018
T000880,C00265,P0050,1,166.58,2024-01-03T01:40:00Z,S002
T000881,C00279,P0210,5,906.6,2024-01-02T03:34:00Z,S047
T000882,C02760,P0221,5,731.5,2024-01-03T12:51:00Z,S013
T000883,C03077,P0161,3,367.53,2024-01-02T13:03:00Z,S033
T000884,C01544,P0469,5,955.15,2024-01-02T21:53:00Z,S009
T000885,C00501,P0202,3,189.18,2024-01-03T16:40:00Z,S043
T000886,C01942,P0604,5,705.05,2024-01-02T20:36:00Z,S047
T000887,C02827,P0559,3,157.08,2024-01-02T15:51:00Z,S032
T000888,C01727,P0493,1,170.74,2024-01-01T20:28:00Z,S024
T000889,C03993,P0116,4,129.52,2024-01-01T16:36:00Z,S029
T000890,C00494,P0748,1,163.32,2024-01-03T14:44:00Z,S020
T000891,C02108,P0603,4,57.28,2024-01-02T09:14:00Z,S004
T000892,C03113,P0016,4,237.68,2024-01-03T07:43:00Z,S017
T000893,C00781,P0161,4,490.04,2024-01-03T16:37:00Z,S034
T000894,C00588,P0437,2,360.9,2024-01-02T00:59:00Z,S009
T000895,C00154,P0436,5,705.75,2024-01-02T10:46:00Z,S029
T000896,C02772,P0731,2,332.88,2024-01-02T02:07:00Z,S018
T000897,C00773,P0805,2,120.5,2024-01-03T14:47:00Z,S006
T000898,C01324,P0627,4,765.12,2024-01-01T16:55:00Z,S005
T000899,C00673,P0500,1,56.48,2024-01-02T13:12:00Z,S048
T000900,C00450,P0757,5,255.8,2024-01-02T09:16:00Z,S047
T000901,C04135,P0375,2,259.9,2024-01-02T04:45:00Z,S011
T000902,C04907,P0643,4,733.28,2024-01-01T13:22:00Z,S046
T000903,C00995,P0129,3,560.97,2024-01-02T12:17:00Z,S013
T000904,C03391,P0337,4,26.16,2024-01-02T05:12:00Z,S049
T000905,C02535,P0919,3,344.7,2024-01-02T10:55:00Z,S042
T000906,C03559,P0112,2,102.2,2024-01-01T21:09:00Z,S011
T000907,C00433,P0392,2,355.38,2024-01-03T20:46:00Z,S035
T000908,C03541,P0963,5,168.5,2024-01-01T11:37:00Z,S015
T000909,C02041,P0891,3,477.45,2024-01-03T19:19:00Z,S013
T000910,C00505,P0020,2,345.66,2024-01-02T16:14:00Z,S010
T000911,C02057,P0620,5,867.95,2024-01-02T05:18:00Z,S048
T000912,C00291,P0309,5,574.0,2024-01-02T13:34:00Z,S008
T000913,C03480,P0603,5,71.6,2024-01-03T15:44:00Z,S015
T000914,C02805,P0568,2,174.34,2024-01-03T18:16:00Z,S046
T000915,C03514,P0482,5,271.5,2024-01-03T12:00:00Z,S043
T000916,C04103,P0327,2,52.18,2024-01-03T15:26:00Z,S041
T000917,C02398,P0701,5,401.75,2024-01-02T21:44:00Z,S049
T000918,C03824,P0848,5,511.45,2024-01-02T12:11:00Z,S048
T000919,C04422,P0152,4,255.72,2024-01-03T11:32:00Z,S002
T000920,C04094,P0776,4,467.04,2024-01-03T09:33:00Z,S041
T000921,C00152,P0400,1,92.16,2024-01-01T18:45:00Z,S039
T000922,C04563,P0602,3,246.84,2024-01-02T14:01:00Z,S014
T000923,C01289,P0622,2,252.64,2024-01-03T09:25:00Z,S016
T000924,C00800,P0706,1,85.43,2024-01-02T17:45:00Z,S046
T000925,C03850,P0679,5,375.15,2024-01-01T17:24:00Z,S033
T000926,C00729,P0364,1,129.33,2024-01-03T07:37:00Z,S028
T000927,C04801,P0316,4,212.48,2024-01-01T23:37:00Z,S033
T000928,C03567,P0725,5,113.2,2024-01-02T03:13:00Z,S005
T000929,C04654,P0572,3,410.61,2024-01-02T03:50:00Z,S045
T000930,C04189,P0486,5,103.65,2024-01-03T04:36:00Z,S028
T000931,C00474,P0554,1,83.79,2024-01-03T11:43:00Z,S002
T000932,C01843,P0062,1,5.49,2024-01-03T00:30:00Z,S021
T000933,C04516,P0724,2,54.1,2024-01-03T08:56:00Z,S037
T000934,C04980,P0962,2,184.4,2024-01-02T17:29:00Z,S037
T000935,C03254,P0796,2,47.4,2024-01-03T06:16:00Z,S024
T000936,C00630,P0976,3,154.74,2024-01-01T16:20:00Z,S018
T000937,C04248,P0691,3,119.58,2024-01-02T13:47:00Z,S023
T000938,C00510,P0838,3,277.44,2024-01-02T13:44:00Z,S028
T000939,C03656,P0825,4,161.68,2024-01-02T10:33:00Z,S017
T000940,C02251,P0064,5,512.05,2024-01-02T16:10:00Z,S013
T000941,C02430,P0314,1,104.65,2024-01-03T20:41:00Z,S012
T000942,C04717,P0920,3,323.79,2024-01-02T04:51:00Z,S003
T000943,C00781,P0879,5,613.15,2024-01-02T06:52:00Z,S038
T000944,C00053,P0156,4,452.0,2024-01-01T15:07:00Z,S032
T000945,C00361,P0166,5,661.5,2024-01-02T18:47:00Z,S032
T000946,C00423,P0359,5,878.5,2024-01-02T16:22:00Z,S002
T000947,C04118,P0933,4,335.12,2024-01-02T14:50:00Z,S006
T000948,C04070,P0073,1,125.32,2024-01-02T16:02:00Z,S025
T000949,C03338,P0342,5,819.7,2024-01-03T15:32:00Z,S009
T000950,C01780,P0797,1,154.02,2024-01-02T10:23:00Z,S050
T000951,C00237,P0688,3,88.59,2024-01-03T12:36:00Z,S032
T000952,C04089,P0067,5,453.75,2024-01-02T21:27:00Z,S032
T000953,C02590,P0285,2,63.08,2024-01-01T13:21:00Z,S049
T000954,C04726,P0242,1,165.5,2024-01-03T04:33:00Z,S014
T000955,C02856,P0637,5,423.65,2024-01-03T12:59:00Z,S038
T000956,C03907,P0167,3,24.45,2024-01-02T19:32:00Z,S036
T000957,C01881,P0770,1,90.6,2024-01-02T14:23:00Z,S022
T000958,C00517,P0529,5,82.85,2024-01-02T20:58:00Z,S046
T000959,C03010,P0302,4,415.92,2024-01-03T01:34:00Z,S045
T000960,C00550,P0511,2,364.16,2024-01-01T18:11:00Z,S017
T000961,C00596,P0402,5,740.05,2024-01-03T08:47:00Z,S026
T000962,C04590,P0258,5,834.25,2024-01-03T08:42:00Z,S032
T000963,C00353,P0756,1,50.59,2024-01-03T05:59:00Z,S042
T000964,C02423,P0455,5,467.8,2024-01-03T02:26:00Z,S028
T000965,C02520,P0359,4,702.8,2024-01-02T04:02:00Z,S027
T000966,C01867,P0973,4,372.04,2024-01-01T12:26:00Z,S006
T000967,C00666,P0979,5,701.65,2024-01-01T10:09:00Z,S042
T000968,C01384,P0405,1,29.46,2024-01-01T20:19:00Z,S030
T000969,C02519,P0564,2,224.78,2024-01-02T07:25:00Z,S011
T000970,C03151,P0875,1,74.2,2024-01-03T09:12:00Z,S016
T000971,C02678,P0957,4,716.76,2024-01-01T09:32:00Z,S042
T000972,C01198,P0089,1,127.98,2024-01-02T08:54:00Z,S034
T000973,C02977,P0583,5,42.75,2024-01-03T20:47:00Z,S040
T000974,C02963,P0464,3,202.17,2024-01-03T01:27:00Z,S020
T000975,C00161,P0376,1,169.9,2024-01-03T03:33:00Z,S045
T000976,C00263,P0537,2,91.66,2024-01-02T06:28:00Z,S034
T000977,C01137,P0794,1,182.12,2024-01-03T07:49:00Z,S014
T000978,C00695,P0627,3,573.84,2024-01-03T14:56:00Z,S028
T000979,C03221,P0445,3,235.56,2024-01-01T20:36:00Z,S031
T000980,C01052,P0447,3,298.8,2024-01-02T05:33:00Z,S046
T000981,C02600,P0647,5,292.35,2024-01-02T13:19:00Z,S024
T000982,C01114,P0259,3,112.95,2024-01-01T09:02:00Z,S048
T000983,C03615,P0246,3,353.4,2024-01-02T17:48:00Z,S032
T000984,C01146,P0206,5,987.75,2024-01-02T05:34:00Z,S049
T000985,C01391,P0998,3,361.35,2024-01-03T05:17:00Z,S049
T000986,C02933,P0399,1,165.67,2024-01-02T07:55:00Z,S046
T000987,C04393,P0330,5,906.6,2024-01-02T11:41:00Z,S043
T000988,C02707,P0185,2,349.6,2024-01-01T11:43:00Z,S039
T000989,C02441,P0270,3,572.67,2024-01-02T23:53:00Z,S049
T000990,C00839,P0879,4,490.52,2024-01-03T19:56:00Z,S023
T000991,C02549,P0472,1,118.35,2024-01-03T05:48:00Z,S004
T000992,C04642,P0233,3,218.52,2024-01-03T06:02:00Z,S008
T000993,C01658,P0603,4,57.28,2024-01-02T17:10:00Z,S036
T000994,C04474,P0327,2,52.18,2024-01-02T17:20:00Z,S017
T000995,C04493,P0840,4,263.48,2024-01-01T21:42:00Z,S005
T000996,C04130,P0733,2,222.42,2024-01-01T11:27:00Z,S049
T000997,C01725,P0953,3,382.38,2024-01-01T17:20:00Z,S031
T000998,C03627,P0117,4,254.0,2024-01-02T00:43:00Z,S012
T000999,C00697,P0166,5,661.5,2024-01-02T23:06:00Z,S003
T001000,C03331,P0837,4,778.88,2024-01-03T13:36:00Z,S028
T001001,C03253,P0247,1,32.41,2024-01-01T16:24:00Z,S039
T001002,C03721,P0002,5,760.45,2024-01-01T14:31:00Z,S044
T001003,C02854,P0702,2,112.36,2024-01-03T08:47:00Z,S017
T001004,C02662,P0019,2,213.06,2024-01-03T01:09:00Z,S009
T001005,C04750,P0798,5,192.7,2024-01-01T23:14:00Z,S021
T001006,C03053,P0764,1,157.78,2024-01-02T22:56:00Z,S050
T001007,C03122,P0476,4,576.96,2024-01-02T12:15:00Z,S037
T001008,C01099,P0401,2,292.26,2024-01-02T13:00:00Z,S044
T001009,C01446,P0534,3,230.46,2024-01-03T06:57:00Z,S040
T001010,C02567,P0107,5,359.95,2024-01-03T03:22:00Z,S027
T001011,C03489,P0761,2,287.44,2024-01-01T17:32:00Z,S022
T001012,C02087,P0132,3,544.26,2024-01-01T16:04:00Z,S026
T001013,C02909,P0913,5,39.05,2024-01-03T01:07:00Z,S041
T001014,C04214,P0904,3,463.41,2024-01-01T12:09:00Z,S050
T001015,C02191,P0262,2,389.84,2024-01-02T20:12:00Z,S025
T001016,C04113,P0315,1,142.86,2024-01-01T17:47:00Z,S027
T001017,C03501,P0016,5,297.1,2024-01-03T10:29:00Z,S030
T001018,C02011,P0898,5,494.6,2024-01-02T20:08:00Z,S039
T001019,C04733,P0332,3,499.86,2024-01-03T14:44:00Z,S001
T001020,C02296,P0151,1,153.23,2024-01-01T19:13:00Z,S038
T001021,C00175,P0717,1,188.25,2024-01-01T09:49:00Z,S011
T001022,C00853,P0971,1,57.87,2024-01-02T02:14:00Z,S018
T001023,C01313,P0305,2,241.64,2024-01-02T09:54:00Z,S030
T001024,C02202,P0822,2,54.24,2024-01-03T17:14:00Z,S039
T001025,C03802,P0653,4,310.92,2024-01-01T13:18:00Z,S021
T001026,C04268,P0376,2,339.8,2024-01-02T19:23:00Z,S033
T001027,C01226,P0119,5,159.8,2024-01-03T03:39:00Z,S033
T001028,C02688,P0940,2,40.3,2024-01-03T10:41:00Z,S015
T001029,C00871,P0074,5,505.1,2024-01-02T01:57:00Z,S020
T001030,C02438,P0889,3,491.85,2024-01-02T17:38:00Z,S036
T001031,C04475,P0113,2,113.76,2024-01-03T14:04:00Z,S016
T001032,C03131,P0479,2,376.98,2024-01-02T00:07:00Z,S011
T001033,C03849,P0887,1,55.32,2024-01-02T22:34:00Z,S037
T001034,C02962,P0755,2,367.42,2024-01-01T16:18:00Z,S011
T001035,C00572,P0598,3,84.9,2024-01-02T19:13:00Z,S022
T001036,C00817,P0121,2,351.0,2024-01-02T14:30:00Z,S037
T001037,C04853,P0247,4,129.64,2024-01-01T16:58:00Z,S030
T001038,C03814,P0708,3,514.23,2024-01-01T11:30:00Z,S046
T001039,C00148,P0874,1,11.85,2024-01-03T18:50:00Z,S023
T001040,C00659,P0507,4,338.68,2024-01-02T03:22:00Z,S029
T001041,C01403,P0241,3,363.36,2024-01-02T15:01:00Z,S048
T001042,C04510,P0864,4,754.0,2024-01-02T02:47:00Z,S030
T001043,C00842,P0582,2,125.8,2024-01-03T06:50:00Z,S031
T001044,C03977,P0604,1,141.01,2024-01-02T10:19:00Z,S044
T001045,C03820,P0851,1,159.48,2024-01-03T00:45:00Z,S033
T001046,C03530,P0821,1,8.62,2024-01-01T10:48:00Z,S016
T001047,C01944,P0770,4,362.4,2024-01-03T05:07:00Z,S028
T001048,C00357,P0919,2,229.8,2024-01-02T01:11:00Z,S025
T001049,C04613,P0061,5,869.3,2024-01-03T03:31:00Z,S038
T001050,C04562,P0028,1,55.57,2024-01-02T18:44:00Z,S038
T001051,C01147,P0218,2,188.04,2024-01-01T23:53:00Z,S023
T001052,C04463,P0701,1,80.35,2024-01-01T12:18:00Z,S043
T001053,C02736,P0209,4,42.48,2024-01-02T19:10:00Z,S027
T001054,C03433,P0099,1,62.84,2024-01-02T22:25:00Z,S001
T001055,C00896,P0003,1,133.47,2024-01-02T06:00:00Z,S013
T001056,C02446,P0114,5,511.9,2024-01-03T09:14:00Z,S040
T001057,C02103,P0999,3,581.82,2024-01-02T08:34:00Z,S041
T001058,C02562,P0482,1,54.3,2024-01-02T03:52:00Z,S012
T001059,C03960,P0952,5,492.5,2024-01-03T14:39:00Z,S026
T001060,C03351,P0614,1,173.36,2024-01-03T06:55:00Z,S042
T001061,C02338,P0432,5,912.75,2024-01-03T15:55:00Z,S002
T001062,C01617,P0528,2,15.44,2024-01-02T02:05:00Z,S028
T001063,C01409,P0754,4,293.2,2024-01-03T18:15:00Z,S045
T001064,C02447,P0468,1,157.58,2024-01-03T09:37:00Z,S040
T001065,C04586,P0644,3,285.06,2024-01-03T12:47:00Z,S005
T001066,C03019,P0555,4,753.76,2024-01-02T10:42:00Z,S032
T001067,C03199,P0921,4,309.0,2024-01-03T02:50:00Z,S027
T001068,C01970,P0651,5,770.75,2024-01-02T05:00:00Z,S044
T001069,C00201,P0897,3,216.87,2024-01-03T03:00:00Z,S002
T001070,C04789,P0239,5,35.85,2024-01-02T17:33:00Z,S020
T001071,C04962,P0384,4,390.76,2024-01-02T03:17:00Z,S018
T001072,C04181,P0281,4,420.76,2024-01-02T23:18:00Z,S035
T001073,C01962,P0346,3,283.98,2024-01-01T20:26:00Z,S024
T001074,C02555,P0868,4,436.32,2024-01-02T01:44:00Z,S036
T001075,C00975,P0531,2,378.74,2024-01-03T16:43:00Z,S017
T001076,C02991,P0691,3,119.58,2024-01-03T15:26:00Z,S049
T001077,C02212,P0174,2,200.3,2024-01-02T14:29:00Z,S018
T001078,C04562,P0105,5,362.4,2024-01-02T14:50:00Z,S026
T001079,C04971,P0735,3,152.34,2024-01-03T05:41:00Z,S033
T001080,C03330,P0470,1,166.34,2024-01-01T10:57:00Z,S040
T001081,C02302,P0673,2,88.18,2024-01-03T15:45:00Z,S002
T001082,C02546,P0486,5,103.65,2024-01-01T21:04:00Z,S013
T001083,C01492,P0736,2,168.38,2024-01-01T23:03:00Z,S019
T001084,C00046,P0911,3,300.57,2024-01-02T07:55:00Z,S044
T001085,C00247,P0192,1,14.74,2024-01-01T19:32:00Z,S047
T001086,C04668,P0698,3,521.13,2024-01-02T12:16:00Z,S023
T001087,C01749,P0050,4,666.32,2024-01-01T19:23:00Z,S034
T001088,C04020,P0513,5,311.55,2024-01-01T14:21:00Z,S036
T001089,C03391,P0329,3,382.77,2024-01-02T00:47:00Z,S048
T001090,C01093,P0915,5,719.8,2024-01-03T13:43:00Z,S026
T001091,C04457,P0490,5,667.2,2024-01-01T09:35:00Z,S037
T001092,C04829,P0613,1,72.96,2024-01-01T18:40:00Z,S050
T001093,C02481,P0256,1,114.45,2024-01-01T15:13:00Z,S009
T001094,C02931,P0364,2,258.66,2024-01-03T20:06:00Z,S047
T001095,C02384,P0668,1,36.45,2024-01-02T05:54:00Z,S035
T001096,C02364,P0277,2,319.36,2024-01-02T01:17:00Z,S027
T001097,C01221,P0023,3,456.54,2024-01-03T14:58:00Z,S044
T001098,C01138,P0317,4,69.16,2024-01-02T18:17:00Z,S021
T001099,C01861,P0764,2,315.56,2024-01-03T16:05:00Z,S019
T001100,C04706,P0182,1,14.87,2024-01-02T18:16:00Z,S045
T001101,C03306,P0115,4,451.24,2024-01-03T03:48:00Z,S029
T001102,C01387,P0022,1,130.14,2024-01-01T11:19:00Z,S044
T001103,C01276,P0755,5,918.55,2024-01-03T14:31:00Z,S012
T001104,C04330,P0378,3,273.63,2024-01-03T09:17:00Z,S009
T001105,C00064,P0248,3,291.12,2024-01-03T13:03:00Z,S032
T001106,C04425,P0631,2,21.98,2024-01-03T14:50:00Z,S004
T001107,C00756,P0388,5,664.85,2024-01-03T10:02:00Z,S035
T001108,C02571,P0827,2,331.68,2024-01-02T16:54:00Z,S040
T001109,C04450,P0254,4,797.72,2024-01-01T21:06:00Z,S011
T001110,C01569,P0334,2,113.26,2024-01-03T14:42:00Z,S029
T001111,C03581,P0831,1,113.92,2024-01-03T06:44:00Z,S012
T001112,C03839,P0031,4,314.92,2024-01-02T17:21:00Z,S029
T001113,C01854,P0139,2,388.8,2024-01-03T19:00:00Z,S003
T001114,C00383,P0178,5,546.75,2024-01-03T20:33:00Z,S038
T001115,C03883,P0862,5,507.9,2024-01-02T17:41:00Z,S001
T001116,C02293,P0198,3,291.48,2024-01-03T03:41:00Z,S049
T001117,C04280,P0569,5,827.55,2024-01-02T10:41:00Z,S007
T001118,C01702,P0325,2,150.86,2024-01-02T14:56:00Z,S003
T001119,C02700,P0139,5,972.0,2024-01-02T19:32:00Z,S015
T001120,C01238,P0396,5,608.7,2024-01-03T09:38:00Z,S019
T001121,C01474,P0838,3,277.44,2024-01-02T04:37:00Z,S008
T001122,C01308,P0545,5,608.15,2024-01-01T10:30:00Z,S031
T001123,C04704,P0529,5,82.85,2024-01-03T01:30:00Z,S001
T001124,C01166,P0469,2,382.06,2024-01-03T07:27:00Z,S044
T001125,C04017,P0907,4,347.48,2024-01-03T00:28:00Z,S042
T001126,C03453,P0105,4,289.92,2024-01-02T02:49:00Z,S044
T001127,C03557,P0957,2,358.38,2024-01-03T08:49:00Z,S041
T001128,C04860,P0085,2,142.98,2024-01-02T20:17:00Z,S008
T001129,C03083,P0881,3,422.94,2024-01-03T18:00:00Z,S043
T001130,C04905,P0087,5,972.65,2024-01-01T19:09:00Z,S045
T001131,C03674,P0389,5,107.0,2024-01-03T08:08:00Z,S049
T001132,C01219,P0975,2,147.36,2024-01-01T12:51:00Z,S028
T001133,C02218,P0801,1,120.73,2024-01-02T18:58:00Z,S043
T001134,C03390,P0966,1,74.38,2024-01-01T17:57:00Z,S048
T001135,C02935,P0363,1,153.2,2024-01-03T09:18:00Z,S028
T001136,C00799,P0230,2,374.4,2024-01-01T23:36:00Z,S017
T001137,C03807,P0562,3,79.62,2024-01-02T19:28:00Z,S028
T001138,C03117,P0097,4,605.04,2024-01-02T20:22:00Z,S041
T001139,C02821,P0779,4,649.48,2024-01-03T16:16:00Z,S002
T001140,C02285,P0481,3,245.91,2024-01-03T07:14:00Z,S027
T001141,C00014,P0915,5,719.8,2024-01-02T12:38:00Z,S027
T001142,C03623,P0966,1,74.38,2024-01-01T11:56:00Z,S003
T001143,C04395,P0657,4,436.68,2024-01-02T09:02:00Z,S034
T001144,C01808,P0783,4,551.96,2024-01-03T16:53:00Z,S003
T001145,C02109,P0093,3,363.57,2024-01-01T12:53:00Z,S050
T001146,C04502,P0214,4,577.48,2024-01-03T16:29:00Z,S041
T001147,C00653,P0448,4,274.6,2024-01-02T14:28:00Z,S035
T001148,C03051,P0569,3,496.53,2024-01-02T12:49:00Z,S016
T001149,C04189,P0995,4,228.92,2024-01-03T03:55:00Z,S007
T001150,C00662,P0474,4,293.68,2024-01-02T02:49:00Z,S035
T001151,C01574,P0047,3,474.69,2024-01-02T15:48:00Z,S050
T001152,C02386,P0229,1,52.33,2024-01-01T10:18:00Z,S023
T001153,C04488,P0112,4,204.4,2024-01-03T02:45:00Z,S027
T001154,C00448,P0991,2,197.08,2024-01-01T11:01:00Z,S017
T001155,C00272,P0836,2,237.44,2024-01-03T01:53:00Z,S018
T001156,C02367,P0983,5,736.75,2024-01-03T01:03:00Z,S034
T001157,C03864,P0670,2,229.54,2024-01-03T05:50:00Z,S034
T001158,C01405,P0572,3,410.61,2024-01-03T16:31:00Z,S036
T001159,C01817,P0190,4,167.28,2024-01-02T12:18:00Z,S042
T001160,C00800,P0289,2,14.76,2024-01-03T06:05:00Z,S046
T001161,C02989,P0898,4,395.68,2024-01-02T18:00:00Z,S040
T001162,C01857,P0750,2,17.86,2024-01-01T22:23:00Z,S030
T001163,C04724,P0161,2,245.02,2024-01-01T10:03:00Z,S019
T001164,C01849,P0017,2,206.5,2024-01-01T17:41:00Z,S036
T001165,C01344,P0265,3,443.16,2024-01-03T00:22:00Z,S002
T001166,C00877,P0449,4,145.8,2024-01-01T12:58:00Z,S008
T001167,C04981,P0148,5,696.5,2024-01-03T05:39:00Z,S001
T001168,C00794,P0405,3,88.38,2024-01-03T14:52:00Z,S027
T001169,C03984,P0631,5,54.95,2024-01-03T10:01:00Z,S046
T001170,C00785,P0325,3,226.29,2024-01-02T16:10:00Z,S017
T001171,C03298,P0803,3,379.35,2024-01-03T16:42:00Z,S021
T001172,C02517,P0943,2,246.12,2024-01-02T12:24:00Z,S008
T001173,C03148,P0772,4,713.76,2024-01-02T06:01:00Z,S004
T001174,C01765,P0627,5,956.4,2024-01-01T22:08:00Z,S015
T001175,C03172,P0451,2,184.24,2024-01-01T22:10:00Z,S005
T001176,C04312,P0848,4,409.16,2024-01-01T16:19:00Z,S008
T001177,C02870,P0549,2,193.2,2024-01-03T15:35:00Z,S024
T001178,C03524,P0382,5,123.0,2024-01-01T21:21:00Z,S026
T001179,C04330,P0319,2,157.86,2024-01-02T00:10:00Z,S043
T001180,C00041,P0092,2,173.94,2024-01-02T22:02:00Z,S025
T001181,C00228,P0528,4,30.88,2024-01-03T08:26:00Z,S011
T001182,C03601,P0575,5,346.35,2024-01-02T10:10:00Z,S039
T001183,C02868,P0100,2,76.3,2024-01-03T10:34:00Z,S009
T001184,C02690,P0227,5,103.65,2024-01-03T20:55:00Z,S029
T001185,C04349,P0197,2,90.4,2024-01-02T19:23:00Z,S012
T001186,C03896,P0946,2,247.04,2024-01-03T11:44:00Z,S025
T001187,C00909,P0237,4,614.84,2024-01-02T03:26:00Z,S013
T001188,C00229,P0009,4,203.56,2024-01-02T21:57:00Z,S020
T001189,C03327,P0227,5,103.65,2024-01-01T11:07:00Z,S046
T001190,C01841,P0708,1,171.41,2024-01-03T20:11:00Z,S006
T001191,C00756,P0517,1,108.55,2024-01-02T17:22:00Z,S019
T001192,C00118,P0290,2,20.88,2024-01-02T02:32:00Z,S005
T001193,C02369,P0264,2,255.98,2024-01-03T05:50:00Z,S026
T001194,C02521,P0697,5,545.25,2024-01-02T18:13:00Z,S003
T001195,C03982,P0488,3,274.44,2024-01-02T22:47:00Z,S034
T001196,C03417,P0926,5,387.3,2024-01-01T15:11:00Z,S041
T001197,C02992,P0706,3,256.29,2024-01-03T14:23:00Z,S040
T001198,C03867,P0978,4,760.2,2024-01-02T23:10:00Z,S009
T001199,C02856,P0725,5,113.2,2024-01-02T17:07:00Z,S039
T001200,C02194,P0019,5,532.65,2024-01-02T19:58:00Z,S047
T001201,C00354,P0635,2,132.58,2024-01-03T12:14:00Z,S012
T001202,C01312,P0020,2,345.66,2024-01-03T12:34:00Z,S046
T001203,C04957,P0827,3,497.52,2024-01-03T15:07:00Z,S037
T001204,C04809,P0196,5,861.55,2024-01-03T11:32:00Z,S003
T001205,C01551,P0928,3,338.16,2024-01-03T03:24:00Z,S030
T001206,C04369,P0397,1,87.8,2024-01-01T23:22:00Z,S016
T001207,C04182,P0238,1,52.18,2024-01-01T20:07:00Z,S027
T001208,C01802,P0727,4,689.72,2024-01-03T18:20:00Z,S024
T001209,C01883,P0647,4,233.88,2024-01-03T03:04:00Z,S018
T001210,C04757,P0605,5,95.3,2024-01-01T09:35:00Z,S001
T001211,C02357,P0556,3,194.76,2024-01-02T17:36:00Z,S013
T001212,C00784,P0616,2,221.6,2024-01-03T03:30:00Z,S002
T001213,C02607,P0055,3,103.56,2024-01-02T04:31:00Z,S047
T001214,C02879,P0039,2,248.58,2024-01-03T05:56:00Z,S018
T001215,C01091,P0247,1,32.41,2024-01-02T12:26:00Z,S025
T001216,C00015,P0174,2,200.3,2024-01-02T05:49:00Z,S044
T001217,C01098,P0315,4,571.44,2024-01-03T15:08:00Z,S023
T001218,C00441,P0023,3,456.54,2024-01-02T08:50:00Z,S030
T001219,C00972,P0917,2,357.6,2024-01-03T11:19:00Z,S036
T001220,C04359,P0222,2,144.9,2024-01-01T13:51:00Z,S039
T001221,C01275,P0687,5,222.0,2024-01-03T08:34:00Z,S045
T001222,C01772,P0728,4,623.68,2024-01-01T17:27:00Z,S005
T001223,C00569,P0680,3,266.82,2024-01-02T17:50:00Z,S047
T001224,C00316,P0246,4,471.2,2024-01-02T14:34:00Z,S035
T001225,C00932,P0166,3,396.9,2024-01-02T03:11:00Z,S032
T001226,C02783,P0624,2,352.04,2024-01-03T16:49:00Z,S017
T001227,C01502,P0157,1,188.63,2024-01-03T09:02:00Z,S049
T001228,C02642,P0365,2,242.72,2024-01-03T03:20:00Z,S005
T001229,C01287,P0042,2,71.66,2024-01-01T19:26:00Z,S012
T001230,C00451,P0520,5,726.8,2024-01-01T15:37:00Z,S038
T001231,C03361,P0350,1,71.57,2024-01-01T22:48:00Z,S018
T001232,C01237,P0556,4,259.68,2024-01-01T18:16:00Z,S049
T001233,C03630,P0794,2,364.24,2024-01-03T07:09:00Z,S010
T001234,C04745,P0998,3,361.35,2024-01-02T15:30:00Z,S004
T001235,C04874,P0793,1,119.51,2024-01-03T00:36:00Z,S036
T001236,C04800,P0495,4,138.28,2024-01-01T17:54:00Z,S044
T001237,C03687,P0421,1,85.12,2024-01-02T02:55:00Z,S049
T001238,C02469,P0089,2,255.96,2024-01-02T23:47:00Z,S039
T001239,C00422,P0249,3,587.85,2024-01-03T07:41:00Z,S028
T001240,C01886,P0320,1,16.92,2024-01-01T11:43:00Z,S025
T001241,C04111,P0190,2,83.64,2024-01-03T07:05:00Z,S025
T001242,C02633,P0703,5,896.9,2024-01-02T03:10:00Z,S007
T001243,C01605,P0106,1,132.41,2024-01-02T13:08:00Z,S026
T001244,C01289,P0611,1,16.84,2024-01-01T18:38:00Z,S029
T001245,C00835,P0745,2,391.4,2024-01-03T15:07:00Z,S037
T001246,C02742,P0820,3,239.4,2024-01-02T18:42:00Z,S049
T001247,C04545,P0715,3,520.23,2024-01-03T20:39:00Z,S049
T001248,C00900,P0722,2,172.64,2024-01-02T01:52:00Z,S040
T001249,C01898,P0678,5,722.1,2024-01-03T18:47:00Z,S017
T001250,C01101,P0829,3,433.26,2024-01-02T07:39:00Z,S037
T001251,C03418,P0199,1,99.64,2024-01-02T18:23:00Z,S012
T001252,C03982,P0031,4,314.92,2024-01-02T20:46:00Z,S026
T001253,C04778,P0983,4,589.4,2024-01-03T06:28:00Z,S002
T001254,C01065,P0874,1,11.85,2024-01-02T17:53:00Z,S024
T001255,C02261,P0253,4,256.36,2024-01-01T19:10:00Z,S006
T001256,C03847,P0587,4,620.92,2024-01-03T07:13:00Z,S049
T001257,C03693,P0470,4,665.36,2024-01-03T19:11:00Z,S001
T001258,C03356,P0496,5,767.1,2024-01-02T20:31:00Z,S006
T001259,C00522,P0122,3,551.22,2024-01-02T08:15:00Z,S045
T001260,C03407,P0167,1,8.15,2024-01-03T19:56:00Z,S007
T001261,C03444,P0127,3,386.13,2024-01-01T20:23:00Z,S020
T001262,C02354,P0207,2,311.92,2024-01-03T00:21:00Z,S012
T001263,C00230,P0427,1,37.49,2024-01-02T06:27:00Z,S003
T001264,C03862,P0163,1,62.1,2024-01-01T10:55:00Z,S012
T001265,C03667,P0757,5,255.8,2024-01-03T09:54:00Z,S007
T001266,C03042,P0680,1,88.94,2024-01-03T04:29:00Z,S044
T001267,C02670,P0492,1,36.48,2024-01-03T11:02:00Z,S037
T001268,C02429,P0113,3,170.64,2024-01-02T04:55:00Z,S014
T001269,C04067,P0138,2,314.76,2024-01-03T11:33:00Z,S043
T001270,C03745,P0882,2,296.62,2024-01-03T14:31:00Z,S003
T001271,C03220,P0492,3,109.44,2024-01-03T16:02:00Z,S038
T001272,C03655,P0619,2,331.58,2024-01-01T21:01:00Z,S037
T001273,C01167,P0402,3,444.03,2024-01-01T19:23:00Z,S013
T001274,C02172,P0162,3,215.55,2024-01-02T02:40:00Z,S032
T001275,C01814,P0822,1,27.12,2024-01-01T18:50:00Z,S012
T001276,C02603,P0547,2,200.12,2024-01-01T21:30:00Z,S010
T001277,C02478,P0366,1,146.42,2024-01-02T10:28:00Z,S039
T001278,C01821,P0014,4,506.88,2024-01-01T15:11:00Z,S047
T001279,C03864,P0618,3,426.84,2024-01-03T19:18:00Z,S029
T001280,C03452,P0369,3,492.42,2024-01-03T02:50:00Z,S049
T001281,C01793,P0178,2,218.7,2024-01-01T16:49:00Z,S048
T001282,C04896,P0343,5,262.45,2024-01-03T01:07:00Z,S018
T001283,C03370,P0983,1,147.35,2024-01-03T09:33:00Z,S046
T001284,C00387,P0186,4,150.12,2024-01-02T02:20:00Z,S048
T001285,C01199,P0520,5,726.8,2024-01-03T09:46:00Z,S036
T001286,C02117,P0055,4,138.08,2024-01-03T19:42:00Z,S034
T001287,C04873,P0438,1,186.25,2024-01-02T17:48:00Z,S042
T001288,C01880,P0489,5,398.65,2024-01-03T07:05:00Z,S004
T001289,C04965,P0211,1,120.4,2024-01-03T10:17:00Z,S009
T001290,C03394,P0980,4,650.96,2024-01-02T06:05:00Z,S012
T001291,C03134,P0199,4,398.56,2024-01-02T20:09:00Z,S050
T001292,C03642,P0364,5,646.65,2024-01-03T07:15:00Z,S017
T001293,C03246,P0524,3,502.89,2024-01-02T00:49:00Z,S027
T001294,C03942,P0475,4,573.48,2024-01-03T20:35:00Z,S005
T001295,C01577,P0258,5,834.25,2024-01-02T16:25:00Z,S005
T001296,C04134,P0693,1,193.86,2024-01-01T16:03:00Z,S045
T001297,C02136,P0517,3,325.65,2024-01-02T12:41:00Z,S022
T001298,C00424,P0419,5,205.85,2024-01-03T03:38:00Z,S024
T001299,C04304,P0892,3,260.28,2024-01-02T11:04:00Z,S007
T001300,C00229,P0237,1,153.71,2024-01-03T06:24:00Z,S009
T001301,C01111,P0894,4,528.56,2024-01-02T00:38:00Z,S027
T001302,C04617,P0855,4,487.12,2024-01-01T17:27:00Z,S017
T001303,C03656,P0940,5,100.75,2024-01-02T17:19:00Z,S033
T001304,C01530,P0277,4,638.72,2024-01-03T19:04:00Z,S006
T001305,C02957,P0017,1,103.25,2024-01-02T03:06:00Z,S020
T001306,C03178,P0630,5,593.35,2024-01-03T08:16:00Z,S029
T001307,C00451,P0505,5,556.25,2024-01-02T01:14:00Z,S018
T001308,C03838,P0516,1,184.37,2024-01-03T16:16:00Z,S030
T001309,C04208,P0365,4,485.44,2024-01-01T23:13:00Z,S050
T001310,C04174,P0165,4,654.96,2024-01-03T07:51:00Z,S043
T001311,C04805,P0318,3,57.45,2024-01-02T09:02:00Z,S001
T001312,C03486,P0070,4,29.28,2024-01-03T10:29:00Z,S025
T001313,C03722,P0363,2,306.4,2024-01-02T11:30:00Z,S043
T001314,C03941,P0146,4,798.0,2024-01-02T02:12:00Z,S027
T001315,C03912,P0308,4,192.96,2024-01-03T18:20:00Z,S006
T001316,C04015,P0317,1,17.29,2024-01-02T12:16:00Z,S014
T001317,C04522,P0262,3,584.76,2024-01-02T20:41:00Z,S008
T001318,C02323,P0522,1,120.9,2024-01-01T09:51:00Z,S001
T001319,C04564,P0595,2,287.74,2024-01-03T04:56:00Z,S009
T001320,C01888,P0547,5,500.3,2024-01-01T18:48:00Z,S012
T001321,C03913,P0029,4,585.64,2024-01-02T19:22:00Z,S030
T001322,C01966,P0871,5,776.7,2024-01-03T13:28:00Z,S050
T001323,C02280,P0621,5,521.8,2024-01-02T21:39:00Z,S012
T001324,C02513,P0723,3,445.02,2024-01-02T04:20:00Z,S011
T001325,C00412,P0647,4,233.88,2024-01-01T09:52:00Z,S035
T001326,C04066,P0958,2,89.98,2024-01-03T20:05:00Z,S012
T001327,C02813,P0615,2,290.48,2024-01-01T19:38:00Z,S045
T001328,C00317,P0783,4,551.96,2024-01-01T21:30:00Z,S016
T001329,C04743,P0589,4,497.64,2024-01-02T15:39:00Z,S015
T001330,C02928,P0809,3,311.19,2024-01-02T14:32:00Z,S017
T001331,C02551,P0441,5,382.85,2024-01-03T18:41:00Z,S049
T001332,C02301,P0099,4,251.36,2024-01-02T13:26:00Z,S037
T001333,C04340,P0128,5,375.15,2024-01-02T11:26:00Z,S024
T001334,C02693,P0453,5,888.15,2024-01-02T17:20:00Z,S043
T001335,C00554,P0433,1,47.28,2024-01-01T23:23:00Z,S027
T001336,C01739,P0298,4,772.76,2024-01-02T01:35:00Z,S032
T001337,C04031,P0914,3,180.63,2024-01-01T14:06:00Z,S049
T001338,C01115,P0774,3,202.05,2024-01-03T20:48:00Z,S045
T001339,C03466,P0604,3,423.03,2024-01-02T23:32:00Z,S023
T001340,C04725,P0672,1,141.67,2024-01-03T03:01:00Z,S019
T001341,C01958,P0722,4,345.28,2024-01-01T14:15:00Z,S016
T001342,C00695,P0241,5,605.6,2024-01-03T10:26:00Z,S014
T001343,C04177,P0755,1,183.71,2024-01-02T17:10:00Z,S042
T001344,C00681,P0519,1,109.88,2024-01-03T19:30:00Z,S048
T001345,C04336,P0666,4,645.12,2024-01-03T01:59:00Z,S050
T001346,C02969,P0096,5,166.1,2024-01-03T04:52:00Z,S003
T001347,C01102,P0839,3,57.93,2024-01-03T05:41:00Z,S011
T001348,C04266,P0702,2,112.36,2024-01-03T02:00:00Z,S044
T001349,C04700,P0471,1,94.73,2024-01-01T20:44:00Z,S010
T001350,C00307,P0967,5,488.05,2024-01-02T17:21:00Z,S027
T001351,C02364,P0022,3,390.42,2024-01-03T13:39:00Z,S045
T001352,C01797,P0372,4,114.84,2024-01-02T13:26:00Z,S048
T001353,C00482,P0640,3,351.72,2024-01-03T10:33:00Z,S050
T001354,C04323,P0855,1,121.78,2024-01-02T20:42:00Z,S048
T001355,C03896,P0623,1,189.74,2024-01-01T19:32:00Z,S016
T001356,C00275,P0917,1,178.8,2024-01-02T10:03:00Z,S024
T001357,C01529,P0423,5,437.0,2024-01-02T04:55:00Z,S014
T001358,C02695,P0715,4,693.64,2024-01-02T18:29:00Z,S023
T001359,C00358,P0023,3,456.54,2024-01-02T11:16:00Z,S020
T001360,C01220,P0540,4,78.0,2024-01-02T08:24:00Z,S010
T001361,C00003,P0227,5,103.65,2024-01-01T18:45:00Z,S003
T001362,C03791,P0867,4,579.52,2024-01-03T05:28:00Z,S023
T001363,C00196,P0683,1,61.5,2024-01-01T16:15:00Z,S010
T001364,C01571,P0138,4,629.52,2024-01-02T19:07:00Z,S043
T001365,C00458,P0506,3,212.19,2024-01-01T17:35:00Z,S045
T001366,C03069,P0626,5,440.1,2024-01-02T07:04:00Z,S031
T001367,C01045,P0152,5,319.65,2024-01-02T01:08:00Z,S049
T001368,C02213,P0196,2,344.62,2024-01-01T19:28:00Z,S032
T001369,C02178,P0550,4,105.0,2024-01-01T20:20:00Z,S003
T001370,C03903,P0066,5,416.5,2024-01-02T11:26:00Z,S014
T001371,C02812,P0189,1,22.12,2024-01-01T19:14:00Z,S016
T001372,C00122,P0100,5,190.75,2024-01-03T01:27:00Z,S036
T001373,C02976,P0723,3,445.02,2024-01-03T12:07:00Z,S005
T001374,C02093,P0654,5,868.9,2024-01-01T23:52:00Z,S022
T001375,C03569,P0098,4,349.24,2024-01-02T06:27:00Z,S046
T001376,C02420,P0817,2,251.06,2024-01-02T01:04:00Z,S041
T001377,C03965,P0294,1,196.82,2024-01-03T04:23:00Z,S037
T001378,C01623,P0840,5,329.35,2024-01-01T18:43:00Z,S030
T001379,C05000,P0734,3,511.8,2024-01-02T22:50:00Z,S028
T001380,C04254,P0426,5,340.3,2024-01-03T10:24:00Z,S017
T001381,C01087,P0052,4,374.88,2024-01-01T17:53:00Z,S049
T001382,C04156,P0513,3,186.93,2024-01-02T22:11:00Z,S005
T001383,C00312,P0587,2,310.46,2024-01-03T05:52:00Z,S040
T001384,C04853,P0351,4,663.84,2024-01-03T17:42:00Z,S033
T001385,C01121,P0540,4,78.0,2024-01-03T20:04:00Z,S017
T001386,C04825,P0042,3,107.49,2024-01-02T04:32:00Z,S024
T001387,C03412,P0578,1,123.6,2024-01-01T14:09:00Z,S012
T001388,C00460,P0142,5,864.75,2024-01-02T18:07:00Z,S004
T001389,C02463,P0865,1,98.18,2024-01-01T09:00:00Z,S013
T001390,C03403,P0102,1,185.42,2024-01-02T21:03:00Z,S007
T001391,C02582,P0264,2,255.98,2024-01-01T20:39:00Z,S016
T001392,C01229,P0727,5,862.15,2024-01-03T20:21:00Z,S032
T001393,C03914,P0638,5,708.6,2024-01-03T01:10:00Z,S043
T001394,C01205,P0945,3,328.65,2024-01-03T13:12:00Z,S049
T001395,C02230,P0240,4,391.6,2024-01-03T06:07:00Z,S050
T001396,C04514,P0063,5,957.5,2024-01-02T22:10:00Z,S045
T001397,C00442,P0264,2,255.98,2024-01-02T14:11:00Z,S047
T001398,C01264,P0469,1,191.03,2024-01-02T15:18:00Z,S025
T001399,C01179,P0555,5,942.2,2024-01-02T12:03:00Z,S034
T001400,C01494,P0452,4,731.12,2024-01-01T11:33:00Z,S021
T001401,C01759,P0947,2,398.92,2024-01-02T09:25:00Z,S021
T001402,C00808,P0278,4,489.12,2024-01-01T14:31:00Z,S033
T001403,C00318,P0964,5,417.85,2024-01-03T09:48:00Z,S007
T001404,C02470,P0345,5,103.6,2024-01-03T19:23:00Z,S006
T001405,C03352,P0714,1,164.89,2024-01-03T20:27:00Z,S029
T001406,C01965,P0807,3,365.31,2024-01-02T06:59:00Z,S021
T001407,C01100,P0983,1,147.35,2024-01-01T15:21:00Z,S050
T001408,C01736,P0339,2,383.02,2024-01-02T16:28:00Z,S042
T001409,C01159,P0938,5,501.1,2024-01-01T10:13:00Z,S009
T001410,C02356,P0853,1,35.97,2024-01-02T01:47:00Z,S036
T001411,C03832,P0807,2,243.54,2024-01-03T05:20:00Z,S002
T001412,C00292,P0774,2,134.7,2024-01-01T14:33:00Z,S038
T001413,C04242,P0101,5,930.5,2024-01-02T08:17:00Z,S039
T001414,C03438,P0865,1,98.18,2024-01-01T18:45:00Z,S050
T001415,C03874,P0921,4,309.0,2024-01-01T23:05:00Z,S007
T001416,C00406,P0780,4,514.88,2024-01-03T09:08:00Z,S046
T001417,C01466,P0773,5,79.75,2024-01-01T12:48:00Z,S040
T001418,C03823,P0208,4,98.2,2024-01-01T21:38:00Z,S025
T001419,C01406,P0679,3,225.09,2024-01-03T20:42:00Z,S016
T001420,C00727,P0264,5,639.95,2024-01-02T13:43:00Z,S004
T001421,C02643,P0960,2,244.68,2024-01-03T16:27:00Z,S013
T001422,C04555,P0995,3,171.69,2024-01-02T12:10:00Z,S020
T001423,C03040,P0067,1,90.75,2024-01-03T01:11:00Z,S006
T001424,C02067,P0037,4,538.44,2024-01-03T12:26:00Z,S040
T001425,C00640,P0631,2,21.98,2024-01-01T15:02:00Z,S010
T001426,C04333,P0886,4,470.0,2024-01-01T20:44:00Z,S009
T001427,C02144,P0525,1,174.82,2024-01-01T17:18:00Z,S003
T001428,C00355,P0709,1,162.3,2024-01-02T18:47:00Z,S031
T001429,C02862,P0473,5,644.3,2024-01-01T23:56:00Z,S047
T001430,C03019,P0010,3,279.06,2024-01-02T19:02:00Z,S016
T001431,C00814,P0505,2,222.5,2024-01-03T05:20:00Z,S034
T001432,C02128,P0228,5,881.5,2024-01-01T16:29:00Z,S042
T001433,C01649,P0308,5,241.2,2024-01-01T16:21:00Z,S035
T001434,C02040,P0339,1,191.51,2024-01-03T08:00:00Z,S006
T001435,C03092,P0733,2,222.42,2024-01-01T23:34:00Z,S026
T001436,C04461,P0764,4,631.12,2024-01-03T06:57:00Z,S026
T001437,C03576,P0492,1,36.48,2024-01-03T03:18:00Z,S025
T001438,C04006,P0725,1,22.64,2024-01-01T16:07:00Z,S042
T001439,C04360,P0314,1,104.65,2024-01-01T19:27:00Z,S034
T001440,C02807,P0397,4,351.2,2024-01-02T06:48:00Z,S001
T001441,C04732,P0198,4,388.64,2024-01-02T14:43:00Z,S005
T001442,C04972,P0551,4,73.76,2024-01-03T16:33:00Z,S026
T001443,C01029,P0932,2,122.68,2024-01-02T22:33:00Z,S050
T001444,C01789,P0241,5,605.6,2024-01-02T09:46:00Z,S025
T001445,C01160,P0070,3,21.96,2024-01-03T07:58:00Z,S043
T001446,C03117,P0071,2,355.54,2024-01-03T10:13:00Z,S042
T001447,C04163,P0501,4,553.0,2024-01-02T00:24:00Z,S033
T001448,C02889,P0854,5,632.65,2024-01-01T23:29:00Z,S025
T001449,C00981,P0829,5,722.1,2024-01-02T14:55:00Z,S036
T001450,C01740,P0926,3,232.38,2024-01-01T09:39:00Z,S025
T001451,C04906,P0334,4,226.52,2024-01-01T18:45:00Z,S007
T001452,C02748,P0462,3,97.83,2024-01-01T14:54:00Z,S009
T001453,C00455,P0152,4,255.72,2024-01-03T01:18:00Z,S023
T001454,C01651,P0083,4,602.68,2024-01-01T19:30:00Z,S006
T001455,C02612,P0355,3,497.91,2024-01-02T10:04:00Z,S008
T001456,C04294,P0957,3,537.57,2024-01-02T04:53:00Z,S024
T001457,C04489,P0362,5,156.85,2024-01-03T19:44:00Z,S044
T001458,C04521,P0669,3,20.7,2024-01-01T16:15:00Z,S048
T001459,C01394,P0335,3,233.34,2024-01-01T18:29:00Z,S019
T001460,C02866,P0898,4,395.68,2024-01-01T18:07:00Z,S016
T001461,C01122,P0642,5,665.9,2024-01-02T09:53:00Z,S043
T001462,C02587,P0934,3,518.25,2024-01-02T21:06:00Z,S008
T001463,C03226,P0953,4,509.84,2024-01-03T00:37:00Z,S044
T001464,C00895,P0639,2,206.56,2024-01-02T17:52:00Z,S002
T001465,C02017,P0106,4,529.64,2024-01-02T11:35:00Z,S040
T001466,C03189,P0182,4,59.48,2024-01-02T10:46:00Z,S036
T001467,C00399,P0749,5,492.55,2024-01-02T19:18:00Z,S018
T001468,C04136,P0025,5,641.05,2024-01-03T10:24:00Z,S050
T001469,C03074,P0692,1,81.06,2024-01-01T17:14:00Z,S028
T001470,C01492,P0417,1,7.18,2024-01-01T16:46:00Z,S010
T001471,C04003,P0493,3,512.22,2024-01-01T17:03:00Z,S011
T001472,C02948,P0383,1,79.43,2024-01-02T08:44:00Z,S028
T001473,C02993,P0712,5,815.35,2024-01-02T03:44:00Z,S015
T001474,C01685,P0926,3,232.38,2024-01-03T05:40:00Z,S013
T001475,C01693,P0388,3,398.91,2024-01-01T09:09:00Z,S007
T001476,C00572,P0873,2,257.62,2024-01-02T07:40:00Z,S020
T001477,C00344,P0047,3,474.69,2024-01-03T07:07:00Z,S023
T001478,C02366,P0556,3,194.76,2024-01-02T14:20:00Z,S005
T001479,C00977,P0021,3,364.38,2024-01-03T03:11:00Z,S049
T001480,C01375,P0593,5,282.95,2024-01-03T06:51:00Z,S045
T001481,C03234,P0032,5,442.7,2024-01-03T16:02:00Z,S002
T001482,C00569,P0403,3,324.57,2024-01-03T07:29:00Z,S040
T001483,C01527,P0651,3,462.45,2024-01-03T18:42:00Z,S012
T001484,C01081,P0966,3,223.14,2024-01-02T05:49:00Z,S003
T001485,C03684,P0643,4,733.28,2024-01-03T02:33:00Z,S005
T001486,C03880,P0713,2,202.98,2024-01-03T04:39:00Z,S039
T001487,C01457,P0047,1,158.23,2024-01-02T04:20:00Z,S050
T001488,C00715,P0283,1,34.82,2024-01-01T20:41:00Z,S035
T001489,C03734,P0906,3,277.17,2024-01-01T12:41:00Z,S017
T001490,C01103,P0051,4,278.36,2024-01-01T13:59:00Z,S011
T001491,C01081,P0113,5,284.4,2024-01-02T14:22:00Z,S006
T001492,C00135,P0376,3,509.7,2024-01-02T02:45:00Z,S027
T001493,C04023,P0995,3,171.69,2024-01-03T06:30:00Z,S046
T001494,C01104,P0227,3,62.19,2024-01-03T12:26:00Z,S030
T001495,C00905,P0473,1,128.86,2024-01-02T14:46:00Z,S004
T001496,C02138,P0510,3,426.9,2024-01-03T14:22:00Z,S042
T001497,C01188,P0128,1,75.03,2024-01-03T02:47:00Z,S038
T001498,C04860,P0075,2,200.34,2024-01-03T05:25:00Z,S003
T001499,C02889,P0795,5,738.35,2024-01-02T14:53:00Z,S037
T001500,C03091,P0789,5,812.85,2024-01-02T14:47:00Z,S012
T001501,C01844,P0209,3,31.86,2024-01-03T17:55:00Z,S025
T001502,C02040,P0985,4,51.68,2024-01-02T00:56:00Z,S006
T001503,C00356,P0589,5,622.05,2024-01-01T21:08:00Z,S042
T001504,C02775,P0006,3,155.19,2024-01-03T14:19:00Z,S003
T001505,C04867,P0918,5,979.55,2024-01-03T02:01:00Z,S033
T001506,C02400,P0701,5,401.75,2024-01-01T17:25:00Z,S046
T001507,C04262,P0204,3,318.27,2024-01-03T07:15:00Z,S013
T001508,C00049,P0427,1,37.49,2024-01-01T13:33:00Z,S049
T001509,C00328,P0399,3,497.01,2024-01-03T06:58:00Z,S042
T001510,C03766,P0419,4,164.68,2024-01-03T08:06:00Z,S005
T001511,C02387,P0976,2,103.16,2024-01-02T18:08:00Z,S012
T001512,C00848,P0005,5,536.55,2024-01-01T09:33:00Z,S043
T001513,C01181,P0987,3,256.86,2024-01-03T01:25:00Z,S038
T001514,C04374,P0442,3,478.83,2024-01-01T18:57:00Z,S032
T001515,C01638,P0958,5,224.95,2024-01-02T14:10:00Z,S010
T001516,C04541,P0011,5,141.0,2024-01-01T13:57:00Z,S015
T001517,C02401,P0055,3,103.56,2024-01-01T23:28:00Z,S026
T001518,C04563,P0560,3,522.78,2024-01-01T10:12:00Z,S046
T001519,C01810,P0061,4,695.44,2024-01-03T10:10:00Z,S050
T001520,C04080,P0713,3,304.47,2024-01-02T23:04:00Z,S035
T001521,C04043,P0515,1,164.7,2024-01-01T21:44:00Z,S010
T001522,C01878,P0991,2,197.08,2024-01-02T06:00:00Z,S011
T001523,C00297,P0272,3,450.9,2024-01-02T22:28:00Z,S047
T001524,C03057,P0854,2,253.06,2024-01-03T17:28:00Z,S036
T001525,C02033,P0188,2,204.48,2024-01-01T11:25:00Z,S013
T001526,C00830,P0294,1,196.82,2024-01-01T14:06:00Z,S025
T001527,C02462,P0395,5,115.35,2024-01-03T09:24:00Z,S039
T001528,C00488,P0562,3,79.62,2024-01-03T10:39:00Z,S045
T001529,C01663,P0114,1,102.38,2024-01-03T17:23:00Z,S039
T001530,C02088,P0773,4,63.8,2024-01-02T02:32:00Z,S046
T001531,C00451,P0434,4,287.0,2024-01-02T07:44:00Z,S040
T001532,C02575,P0353,5,203.0,2024-01-01T19:55:00Z,S039
T001533,C04353,P0113,2,113.76,2024-01-02T22:49:00Z,S050
T001534,C04339,P0990,3,153.57,2024-01-02T01:27:00Z,S040
T001535,C00802,P0356,5,806.2,2024-01-01T23:28:00Z,S044
T001536,C03488,P0769,3,584.01,2024-01-01T16:58:00Z,S011
T001537,C04046,P0122,3,551.22,2024-01-02T23:45:00Z,S032
T001538,C04496,P0502,5,268.6,2024-01-01T20:31:00Z,S027
T001539,C02021,P0688,2,59.06,2024-01-02T18:20:00Z,S045
T001540,C01766,P0660,5,146.75,2024-01-03T20:44:00Z,S022
T001541,C02190,P0551,5,92.2,2024-01-02T13:57:00Z,S037
T001542,C02501,P0642,2,266.36,2024-01-03T16:32:00Z,S036
T001543,C03008,P0380,3,379.05,2024-01-02T06:03:00Z,S038
T001544,C00843,P0291,4,629.44,2024-01-01T19:28:00Z,S045
T001545,C00176,P0034,3,68.7,2024-01-01T14:41:00Z,S042
T001546,C00975,P0223,1,128.57,2024-01-03T00:48:00Z,S002
T001547,C01339,P0075,3,300.51,2024-01-02T01:49:00Z,S027
T001548,C02731,P0606,4,470.72,2024-01-03T18:17:00Z,S003
T001549,C03467,P0061,3,521.58,2024-01-02T13:42:00Z,S046
T001550,C00472,P0262,2,389.84,2024-01-02T10:40:00Z,S046
T001551,C04530,P0861,3,236.19,2024-01-01T11:47:00Z,S029
T001552,C03093,P0024,5,706.2,2024-01-01T21:20:00Z,S022
T001553,C02826,P0135,4,314.32,2024-01-02T16:49:00Z,S025
T001554,C04857,P0352,3,511.38,2024-01-03T12:19:00Z,S034
T001555,C00756,P0022,5,650.7,2024-01-02T01:45:00Z,S041
T001556,C03933,P0807,5,608.85,2024-01-03T00:48:00Z,S003
T001557,C00267,P0007,2,350.56,2024-01-01T17:51:00Z,S046
T001558,C01576,P0428,2,96.48,2024-01-03T00:49:00Z,S010
T001559,C01219,P0017,3,309.75,2024-01-02T21:42:00Z,S042
T001560,C03698,P0154,1,64.08,2024-01-02T00:42:00Z,S028
T001561,C03777,P0096,5,166.1,2024-01-03T18:48:00Z,S023
T001562,C04707,P0025,4,512.84,2024-01-01T16:17:00Z,S010
T001563,C03818,P0072,5,777.1,2024-01-01T15:42:00Z,S012
T001564,C00440,P0583,5,42.75,2024-01-03T14:52:00Z,S009
T001565,C03117,P0424,4,446.52,2024-01-02T02:13:00Z,S012
T001566,C02151,P0392,1,177.69,2024-01-02T23:44:00Z,S050
T001567,C02809,P0700,1,198.48,2024-01-03T12:35:00Z,S030
T001568,C03189,P0248,2,194.08,2024-01-02T14:54:00Z,S034
T001569,C04668,P0070,5,36.6,2024-01-02T21:15:00Z,S046
T001570,C04535,P0298,2,386.38,2024-01-03T06:53:00Z,S038
T001571,C00427,P0156,5,565.0,2024-01-02T01:34:00Z,S010
T001572,C02565,P0161,4,490.04,2024-01-02T13:08:00Z,S047
T001573,C00214,P0085,4,285.96,2024-01-03T00:46:00Z,S023
T001574,C04761,P0296,4,208.84,2024-01-02T08:15:00Z,S010
T001575,C03551,P0751,4,221.52,2024-01-01T23:49:00Z,S002
T001576,C04274,P0441,2,153.14,2024-01-02T00:28:00Z,S024
T001577,C03846,P0608,2,381.38,2024-01-03T04:11:00Z,S050
T001578,C01827,P0208,1,24.55,2024-01-02T11:35:00Z,S007
T001579,C02211,P0230,5,936.0,2024-01-03T04:02:00Z,S050
T001580,C04984,P0188,4,408.96,2024-01-01T15:31:00Z,S032
T001581,C03241,P0145,4,462.68,2024-01-03T07:55:00Z,S026
T001582,C04548,P0514,1,115.61,2024-01-03T05:21:00Z,S016
T001583,C03355,P0342,2,327.88,2024-01-01T09:35:00Z,S018
T001584,C03414,P0075,2,200.34,2024-01-02T04:25:00Z,S003
T001585,C03873,P0173,4,286.08,2024-01-01T17:11:00Z,S037
T001586,C04202,P0428,3,144.72,2024-01-03T18:27:00Z,S029
T001587,C04634,P0198,1,97.16,2024-01-01T19:30:00Z,S033
T001588,C00600,P0675,5,814.75,2024-01-01T11:13:00Z,S011
T001589,C02286,P0508,1,77.08,2024-01-01T14:54:00Z,S030
T001590,C02221,P0632,3,416.34,2024-01-03T05:40:00Z,S023
T001591,C04787,P0995,3,171.69,2024-01-02T21:56:00Z,S022
T001592,C04682,P0933,4,335.12,2024-01-02T05:08:00Z,S032
T001593,C01657,P0351,5,829.8,2024-01-01T10:28:00Z,S038
T001594,C03985,P0267,1,45.3,2024-01-02T03:48:00Z,S014
T001595,C04949,P0867,2,289.76,2024-01-03T17:11:00Z,S015
T001596,C04586,P0935,3,362.34,2024-01-03T09:16:00Z,S044
T001597,C02297,P0505,5,556.25,2024-01-02T15:16:00Z,S026
T001598,C03191,P0931,5,847.35,2024-01-02T16:53:00Z,S044
T001599,C00521,P0229,5,261.65,2024-01-03T07:40:00Z,S050
T001600,C04889,P0785,3,163.5,2024-01-02T00:24:00Z,S024
T001601,C04500,P0277,2,319.36,2024-01-03T02:57:00Z,S018
T001602,C02715,P0165,2,327.48,2024-01-03T19:22:00Z,S007
T001603,C04893,P0057,4,559.32,2024-01-03T07:39:00Z,S030
T001604,C02380,P0403,1,108.19,2024-01-02T09:30:00Z,S007
T001605,C04535,P0954,2,260.26,2024-01-02T02:57:00Z,S018
T001606,C00383,P0087,2,389.06,2024-01-02T13:13:00Z,S032
T001607,C04409,P0697,4,436.2,2024-01-03T11:24:00Z,S006
T001608,C01756,P0588,5,812.8,2024-01-01T23:03:00Z,S035
T001609,C01752,P0316,4,212.48,2024-01-02T01:03:00Z,S025
T001610,C04218,P0023,2,304.36,2024-01-02T19:09:00Z,S027
T001611,C03436,P0026,5,981.15,2024-01-01T15:38:00Z,S015
T001612,C01641,P0848,4,409.16,2024-01-02T22:30:00Z,S010
T001613,C03322,P0048,4,158.76,2024-01-01T21:31:00Z,S016
T001614,C00913,P0744,3,340.56,2024-01-03T13:51:00Z,S025
T001615,C03432,P0993,5,541.1,2024-01-03T10:27:00Z,S018
T001616,C04562,P0619,4,663.16,2024-01-01T13:07:00Z,S007
T001617,C00331,P0377,1,85.94,2024-01-02T17:18:00Z,S046
T001618,C03996,P0948,2,23.84,2024-01-03T13:38:00Z,S040
T001619,C03028,P0014,3,380.16,2024-01-03T14:59:00Z,S004
T001620,C02341,P0837,2,389.44,2024-01-02T20:16:00Z,S045
T001621,C00115,P0522,5,604.5,2024-01-02T13:47:00Z,S001
T001622,C01045,P0590,3,185.91,2024-01-03T08:35:00Z,S017
T001623,C04797,P0992,3,205.59,2024-01-02T04:46:00Z,S023
T001624,C04023,P0501,3,414.75,2024-01-01T23:48:00Z,S044
T001625,C00676,P0667,4,111.2,2024-01-01T15:02:00Z,S019
T001626,C04410,P0449,4,145.8,2024-01-03T14:31:00Z,S025
T001627,C02873,P0484,1,95.25,2024-01-03T05:03:00Z,S026
T001628,C03581,P0581,4,506.24,2024-01-03T20:57:00Z,S019
T001629,C00552,P0469,1,191.03,2024-01-02T21:50:00Z,S003
T001630,C02638,P0885,5,46.9,2024-01-01T18:02:00Z,S042
T001631,C04601,P0130,3,543.93,2024-01-03T17:13:00Z,S047
T001632,C04602,P0223,1,128.57,2024-01-02T04:17:00Z,S013
T001633,C04171,P0233,2,145.68,2024-01-02T04:49:00Z,S003
T001634,C04925,P0743,5,289.55,2024-01-02T00:57:00Z,S039
T001635,C01204,P0747,4,323.28,2024-01-01T17:36:00Z,S032
T001636,C01196,P0020,4,691.32,2024-01-02T23:25:00Z,S036
T001637,C02251,P0416,2,181.14,2024-01-02T16:37:00Z,S049
T001638,C02383,P0125,3,57.96,2024-01-02T18:53:00Z,S031
T001639,C01138,P0340,5,56.25,2024-01-02T06:23:00Z,S011
T001640,C00289,P0546,4,364.48,2024-01-01T09:54:00Z,S004
T001641,C00474,P0742,2,399.76,2024-01-03T05:18:00Z,S014
T001642,C03171,P0333,5,830.1,2024-01-03T13:35:00Z,S047
T001643,C03391,P0710,2,270.84,2024-01-03T13:24:00Z,S044
T001644,C03097,P0970,2,155.08,2024-01-03T16:00:00Z,S039
T001645,C01321,P0528,1,7.72,2024-01-02T20:10:00Z,S022
T001646,C00341,P0309,3,344.4,2024-01-02T15:36:00Z,S006
T001647,C03946,P0656,3,553.38,2024-01-03T20:30:00Z,S042
T001648,C00609,P0225,3,99.51,2024-01-01T19:20:00Z,S018
T001649,C02996,P0677,5,550.4,2024-01-01T13:34:00Z,S043
T001650,C04666,P0386,2,175.22,2024-01-02T01:18:00Z,S022
T001651,C04601,P0159,4,638.28,2024-01-02T13:48:00Z,S046
T001652,C01409,P0853,4,143.88,2024-01-01T20:34:00Z,S007
T001653,C02943,P0507,4,338.68,2024-01-03T19:33:00Z,S005
T001654,C03124,P0254,2,398.86,2024-01-03T20:57:00Z,S016
T001655,C03811,P0498,4,425.64,2024-01-03T00:43:00Z,S028
T001656,C03475,P0955,1,112.23,2024-01-02T23:30:00Z,S029
T001657,C03863,P0216,2,306.66,2024-01-03T00:49:00Z,S041
T001658,C04041,P0889,5,819.75,2024-01-03T02:38:00Z,S031
T001659,C03036,P0989,2,346.7,2024-01-01T17:47:00Z,S049
T001660,C01021,P0651,3,462.45,2024-01-02T12:43:00Z,S042
T001661,C01519,P0506,3,212.19,2024-01-02T01:58:00Z,S004
T001662,C01998,P0063,5,957.5,2024-01-02T21:55:00Z,S016
T001663,C04532,P0343,4,209.96,2024-01-03T05:16:00Z,S026
T001664,C00605,P0474,5,367.1,2024-01-03T13:35:00Z,S007
T001665,C01713,P0981,3,158.04,2024-01-01T20:00:00Z,S028
T001666,C02123,P0184,3,506.25,2024-01-02T07:42:00Z,S014
T001667,C04888,P0734,3,511.8,2024-01-02T13:24:00Z,S046
T001668,C01326,P0239,3,21.51,2024-01-03T07:01:00Z,S005
T001669,C01108,P0912,2,70.62,2024-01-01T14:09:00Z,S040
T001670,C02575,P0555,4,753.76,2024-01-01T19:12:00Z,S003
T001671,C04533,P0338,5,993.8,2024-01-01T23:06:00Z,S037
T001672,C03405,P0538,5,977.95,2024-01-02T12:20:00Z,S034
T001673,C01685,P0369,2,328.28,2024-01-02T22:53:00Z,S022
T001674,C01431,P0622,2,252.64,2024-01-03T00:16:00Z,S005
T001675,C01871,P0509,3,79.98,2024-01-03T10:40:00Z,S039
T001676,C01487,P0260,1,136.54,2024-01-03T07:45:00Z,S011
T001677,C01855,P0246,3,353.4,2024-01-01T13:50:00Z,S002
T001678,C03455,P0348,2,38.76,2024-01-02T11:57:00Z,S009
T001679,C02749,P0870,5,823.8,2024-01-03T01:29:00Z,S033
T001680,C03501,P0295,3,427.98,2024-01-01T15:27:00Z,S012
T001681,C03437,P0078,3,206.79,2024-01-02T18:39:00Z,S046
T001682,C00836,P0490,4,533.76,2024-01-02T23:48:00Z,S001
T001683,C03895,P0149,2,332.92,2024-01-02T05:38:00Z,S007
T001684,C01414,P0095,2,162.46,2024-01-02T00:03:00Z,S011
T001685,C02334,P0214,4,577.48,2024-01-02T10:11:00Z,S007
T001686,C00490,P0440,2,378.8,2024-01-02T05:56:00Z,S047
T001687,C02361,P0336,5,603.0,2024-01-01T15:01:00Z,S040
T001688,C03684,P0485,3,132.51,2024-01-02T11:19:00Z,S018
T001689,C00066,P0807,3,365.31,2024-01-03T08:28:00Z,S042
T001690,C03578,P0929,2,111.46,2024-01-03T12:14:00Z,S026
T001691,C01766,P0542,2,381.66,2024-01-03T06:17:00Z,S012
T001692,C01887,P0063,2,383.0,2024-01-02T08:39:00Z,S044
T001693,C04427,P0694,2,179.14,2024-01-03T03:11:00Z,S045
T001694,C03750,P0343,5,262.45,2024-01-03T11:41:00Z,S038
T001695,C04955,P0435,2,330.68,2024-01-02T18:31:00Z,S014
T001696,C04423,P0678,2,288.84,2024-01-01T10:19:00Z,S015
T001697,C02499,P0234,4,130.88,2024-01-03T06:55:00Z,S042
T001698,C00810,P0372,2,57.42,2024-01-02T05:41:00Z,S045
T001699,C03030,P0266,2,63.26,2024-01-03T00:31:00Z,S031
T001700,C00722,P0108,2,367.3,2024-01-03T15:20:00Z,S048
T001701,C01801,P0836,2,237.44,2024-01-02T06:25:00Z,S013
T001702,C04732,P0289,3,22.14,2024-01-03T17:35:00Z,S027
T001703,C04011,P0064,3,307.23,2024-01-02T11:48:00Z,S018
T001704,C03801,P0126,1,153.13,2024-01-02T12:48:00Z,S039
T001705,C02220,P0699,4,514.28,2024-01-02T11:11:00Z,S044
T001706,C04495,P0755,2,367.42,2024-01-01T18:23:00Z,S024
T001707,C03936,P0956,4,321.28,2024-01-03T18:04:00Z,S013
T001708,C02198,P0071,1,177.77,2024-01-02T21:55:00Z,S048
T001709,C04164,P0226,1,40.01,2024-01-03T09:26:00Z,S024
T001710,C00079,P0001,1,116.46,2024-01-02T04:46:00Z,S042
T001711,C04032,P0773,5,79.75,2024-01-02T07:23:00Z,S038
T001712,C04663,P0878,3,49.89,2024-01-03T02:21:00Z,S024
T001713,C02254,P0331,3,370.83,2024-01-03T00:22:00Z,S019
T001714,C04780,P0640,5,586.2,2024-01-01T19:29:00Z,S006
T001715,C00931,P0458,2,134.14,2024-01-02T00:13:00Z,S014
T001716,C00333,P0581,5,632.8,2024-01-01T21:16:00Z,S014
T001717,C01788,P0827,5,829.2,2024-01-02T04:22:00Z,S018
T001718,C03105,P0897,4,289.16,2024-01-02T09:01:00Z,S048
T001719,C03270,P0482,2,108.6,2024-01-01T11:14:00Z,S023
T001720,C01402,P0900,2,387.96,2024-01-03T00:10:00Z,S041
T001721,C03602,P0718,2,46.28,2024-01-03T07:58:00Z,S036
T001722,C02652,P0464,2,134.78,2024-01-03T07:42:00Z,S020
T001723,C01193,P0876,5,690.9,2024-01-02T01:04:00Z,S037
T001724,C03195,P0253,3,192.27,2024-01-01T09:06:00Z,S007
T001725,C01746,P0828,1,188.4,2024-01-02T02:53:00Z,S025
T001726,C00155,P0941,4,635.52,2024-01-02T03:23:00Z,S025
T001727,C00889,P0672,3,425.01,2024-01-02T01:31:00Z,S048
T001728,C03585,P0481,3,245.91,2024-01-02T00:33:00Z,S044
T001729,C01748,P0303,1,85.21,2024-01-02T08:31:00Z,S021
T001730,C00435,P0008,1,95.73,2024-01-01T16:55:00Z,S003
T001731,C02035,P0021,4,485.84,2024-01-03T17:38:00Z,S013
T001732,C01300,P0955,3,336.69,2024-01-03T19:53:00Z,S045
T001733,C02871,P0242,1,165.5,2024-01-03T14:59:00Z,S036
T001734,C00531,P0226,3,120.03,2024-01-02T00:09:00Z,S023
T001735,C02817,P0067,2,181.5,2024-01-02T11:55:00Z,S037
T001736,C04903,P0061,2,347.72,2024-01-01T19:50:00Z,S014
T001737,C02567,P0667,5,139.0,2024-01-02T00:47:00Z,S008
T001738,C03944,P0709,1,162.3,2024-01-01T14:41:00Z,S045
T001739,C00303,P0667,2,55.6,2024-01-03T08:28:00Z,S009
T001740,C03540,P0618,3,426.84,2024-01-02T23:19:00Z,S035
T001741,C04788,P0898,2,197.84,2024-01-01T12:59:00Z,S040
T001742,C04021,P0471,2,189.46,2024-01-02T23:28:00Z,S042
T001743,C01759,P0968,4,476.56,2024-01-01T21:03:00Z,S043
T001744,C00926,P0190,2,83.64,2024-01-02T15:28:00Z,S004
T001745,C03864,P0081,4,35.28,2024-01-01T10:17:00Z,S045
T001746,C04213,P0207,4,623.84,2024-01-03T09:03:00Z,S027
T001747,C00030,P0854,5,632.65,2024-01-02T15:32:00Z,S008
T001748,C00017,P0022,5,650.7,2024-01-03T02:02:00Z,S035
T001749,C00063,P0648,2,290.64,2024-01-03T06:04:00Z,S022
T001750,C03544,P0168,3,76.23,2024-01-02T06:59:00Z,S008
T001751,C04376,P0203,5,585.75,2024-01-03T08:44:00Z,S033
T001752,C03860,P0407,2,311.98,2024-01-01T19:14:00Z,S034
T001753,C03172,P0402,2,296.02,2024-01-01T16:28:00Z,S033
T001754,C01830,P0217,4,257.6,2024-01-02T00:44:00Z,S026
T001755,C01296,P0190,5,209.1,2024-01-03T09:26:00Z,S013
T001756,C04506,P0840,3,197.61,2024-01-02T16:06:00Z,S005
T001757,C01215,P0961,5,401.5,2024-01-03T09:06:00Z,S022
T001758,C00797,P0026,3,588.69,2024-01-02T18:53:00Z,S032
T001759,C04786,P0218,2,188.04,2024-01-02T22:01:00Z,S030
T001760,C01826,P0378,2,182.42,2024-01-02T11:48:00Z,S006
T001761,C04384,P0461,2,296.02,2024-01-03T14:45:00Z,S036
T001762,C02295,P0439,5,540.85,2024-01-01T21:31:00Z,S042
T001763,C02522,P0671,3,39.66,2024-01-02T21:58:00Z,S029
T001764,C04666,P0755,3,551.13,2024-01-03T11:29:00Z,S039
T001765,C02170,P0795,4,590.68,2024-01-03T20:49:00Z,S021
T001766,C01558,P0857,1,86.99,2024-01-02T00:10:00Z,S008
T001767,C02006,P0833,1,29.04,2024-01-01T11:50:00Z,S028
T001768,C00561,P0960,4,489.36,2024-01-02T11:20:00Z,S013
T001769,C04825,P0295,3,427.98,2024-01-02T08:26:00Z,S034
T001770,C01258,P0884,1,85.62,2024-01-02T04:38:00Z,S018
T001771,C03041,P0850,2,267.36,2024-01-03T09:19:00Z,S047
T001772,C04936,P0814,2,350.7,2024-01-01T13:12:00Z,S049
T001773,C04604,P0894,3,396.42,2024-01-01T21:36:00Z,S005
T001774,C03540,P0507,2,169.34,2024-01-02T09:03:00Z,S007
T001775,C01115,P0760,3,67.47,2024-01-03T06:18:00Z,S045
T001776,C01295,P0096,3,99.66,2024-01-03T00:24:00Z,S018
T001777,C00670,P0764,4,631.12,2024-01-03T15:22:00Z,S010
T001778,C00580,P0819,4,515.92,2024-01-01T11:06:00Z,S010
T001779,C03874,P0379,2,159.98,2024-01-01T16:48:00Z,S042
T001780,C02444,P0066,1,83.3,2024-01-02T04:55:00Z,S003
T001781,C04613,P0665,5,477.1,2024-01-03T11:11:00Z,S041
T001782,C02354,P0761,1,143.72,2024-01-03T04:22:00Z,S006
T001783,C02348,P0178,1,109.35,2024-01-02T13:46:00Z,S027
T001784,C01164,P0524,1,167.63,2024-01-01T15:38:00Z,S009
T001785,C03173,P0367,2,43.14,2024-01-01T13:53:00Z,S037
T001786,C01941,P0734,1,170.6,2024-01-03T09:45:00Z,S013
T001787,C03386,P0472,2,236.7,2024-01-02T18:36:00Z,S020
T001788,C00205,P0907,5,434.35,2024-01-03T15:13:00Z,S020
T001789,C01295,P0324,1,171.55,2024-01-01T09:46:00Z,S038
T001790,C03589,P0108,2,367.3,2024-01-02T16:01:00Z,S021
T001791,C03119,P0713,1,101.49,2024-01-02T00:54:00Z,S001
T001792,C00316,P0182,1,14.87,2024-01-03T00:41:00Z,S035
T001793,C02912,P0948,2,23.84,2024-01-01T22:07:00Z,S023
T001794,C04000,P0552,1,170.13,2024-01-02T10:19:00Z,S021
T001795,C00494,P0328,2,294.32,2024-01-02T00:25:00Z,S014
T001796,C04319,P0253,2,128.18,2024-01-02T15:15:00Z,S040
T001797,C03820,P0220,4,513.28,2024-01-03T14:20:00Z,S004
T001798,C04519,P0783,3,413.97,2024-01-02T07:56:00Z,S032
T001799,C02354,P0894,5,660.7,2024-01-03T17:32:00Z,S046
T001800,C04907,P0411,5,417.3,2024-01-02T00:44:00Z,S035
T001801,C03643,P0370,5,176.9,2024-01-02T00:59:00Z,S037
T001802,C02384,P0111,5,63.1,2024-01-03T10:54:00Z,S021
T001803,C03963,P0798,3,115.62,2024-01-02T09:46:00Z,S002
T001804,C01264,P0726,5,120.35,2024-01-01T20:31:00Z,S023
T001805,C02870,P0616,2,221.6,2024-01-03T07:13:00Z,S005
T001806,C02550,P0478,5,900.05,2024-01-01T13:00:00Z,S034
T001807,C03711,P0810,4,576.92,2024-01-02T13:50:00Z,S032
T001808,C01615,P0267,3,135.9,2024-01-03T05:46:00Z,S050
T001809,C01262,P0680,1,88.94,2024-01-01T10:22:00Z,S029
T001810,C00168,P0227,3,62.19,2024-01-01T23:25:00Z,S023
T001811,C04905,P0242,2,331.0,2024-01-01T11:49:00Z,S046
T001812,C03593,P0530,5,114.75,2024-01-02T09:58:00Z,S040
T001813,C04874,P0113,5,284.4,2024-01-02T05:20:00Z,S047
T001814,C02308,P0032,4,354.16,2024-01-02T18:55:00Z,S049
T001815,C02683,P0284,5,235.15,2024-01-02T20:43:00Z,S034
T001816,C00099,P0417,4,28.72,2024-01-03T11:53:00Z,S035
T001817,C01740,P0506,1,70.73,2024-01-02T08:25:00Z,S022
T001818,C01199,P0952,4,394.0,2024-01-01T10:01:00Z,S048
T001819,C03892,P0521,2,25.2,2024-01-02T03:09:00Z,S042
T001820,C00750,P0874,2,23.7,2024-01-01T20:09:00Z,S023
T001821,C00653,P0159,4,638.28,2024-01-02T23:45:00Z,S019
T001822,C02952,P0420,5,559.1,2024-01-03T04:45:00Z,S025
T001823,C00542,P0237,5,768.55,2024-01-02T15:28:00Z,S020
T001824,C04982,P0171,5,436.75,2024-01-01T21:32:00Z,S032
T001825,C04865,P0633,5,781.55,2024-01-03T14:04:00Z,S027
T001826,C01949,P0653,3,233.19,2024-01-03T07:03:00Z,S020
T001827,C02643,P0822,1,27.12,2024-01-02T12:52:00Z,S029
T001828,C03787,P0976,5,257.9,2024-01-03T09:33:00Z,S002
T001829,C03631,P0316,3,159.36,2024-01-03T04:22:00Z,S042
T001830,C03794,P0794,1,182.12,2024-01-03T18:50:00Z,S050
T001831,C02332,P0476,3,432.72,2024-01-02T08:56:00Z,S033
T001832,C04304,P0184,1,168.75,2024-01-02T23:20:00Z,S046
T001833,C00292,P0327,3,78.27,2024-01-02T20:04:00Z,S022
T001834,C01505,P0190,5,209.1,2024-01-02T05:58:00Z,S025
T001835,C01338,P0496,5,767.1,2024-01-03T18:20:00Z,S043
T001836,C00761,P0449,5,182.25,2024-01-02T13:38:00Z,S007
T001837,C04702,P0111,3,37.86,2024-01-02T02:20:00Z,S003
T001838,C03378,P0856,5,274.55,2024-01-03T20:02:00Z,S047
T001839,C01834,P0010,2,186.04,2024-01-01T21:34:00Z,S023
T001840,C01005,P0512,2,143.34,2024-01-03T04:36:00Z,S026
T001841,C01925,P0232,3,138.69,2024-01-02T18:53:00Z,S021
T001842,C04186,P0427,5,187.45,2024-01-01T15:36:00Z,S028
T001843,C00483,P0301,4,346.96,2024-01-02T16:26:00Z,S009
T001844,C01990,P0833,2,58.08,2024-01-02T02:32:00Z,S047
T001845,C01116,P0998,2,240.9,2024-01-03T07:33:00Z,S046
T001846,C00102,P0044,5,922.05,2024-01-02T07:54:00Z,S037
T001847,C03207,P0569,1,165.51,2024-01-02T23:43:00Z,S006
T001848,C00827,P0044,5,922.05,2024-01-03T03:39:00Z,S040
T001849,C00215,P0169,3,479.22,2024-01-02T11:18:00Z,S003
T001850,C03329,P0807,4,487.08,2024-01-01T18:50:00Z,S022
T001851,C01898,P0609,5,997.3,2024-01-02T05:25:00Z,S008
T001852,C00740,P0661,4,41.28,2024-01-03T09:19:00Z,S022
T001853,C00788,P0908,2,243.28,2024-01-03T06:59:00Z,S033
T001854,C04692,P0474,2,146.84,2024-01-01T14:32:00Z,S010
T001855,C02084,P0290,1,10.44,2024-01-02T07:05:00Z,S047
T001856,C00576,P0239,2,14.34,2024-01-03T06:31:00Z,S005
T001857,C00698,P0208,2,49.1,2024-01-03T20:01:00Z,S019
T001858,C03129,P0547,1,100.06,2024-01-03T17:27:00Z,S017
T001859,C01779,P0165,4,654.96,2024-01-03T17:59:00Z,S049
T001860,C02689,P0253,4,256.36,2024-01-03T02:11:00Z,S045
T001861,C00734,P0401,1,146.13,2024-01-03T17:06:00Z,S045
T001862,C02572,P0749,2,197.02,2024-01-03T07:12:00Z,S020
T001863,C04599,P0266,3,94.89,2024-01-01T13:02:00Z,S034
T001864,C03020,P0877,2,348.9,2024-01-01T18:13:00Z,S033
T001865,C02660,P0441,2,153.14,2024-01-02T20:33:00Z,S012
T001866,C04491,P0431,2,342.0,2024-01-03T07:12:00Z,S022
T001867,C04678,P0724,4,108.2,2024-01-03T20:45:00Z,S030
T001868,C03325,P0851,1,159.48,2024-01-03T08:15:00Z,S017
T001869,C03910,P0006,1,51.73,2024-01-03T17:58:00Z,S038
T001870,C03032,P0867,2,289.76,2024-01-03T03:24:00Z,S026
T001871,C04260,P0449,5,182.25,2024-01-02T19:58:00Z,S003
T001872,C03127,P0133,1,164.21,2024-01-02T11:04:00Z,S031
T001873,C00249,P0371,2,386.22,2024-01-02T11:15:00Z,S032
T001874,C00709,P0248,3,291.12,2024-01-03T07:31:00Z,S037
T001875,C03468,P0050,5,832.9,2024-01-03T13:04:00Z,S039
T001876,C03092,P0951,2,251.6,2024-01-03T02:04:00Z,S032
T001877,C01369,P0923,1,194.31,2024-01-02T18:14:00Z,S001
T001878,C04350,P0736,2,168.38,2024-01-01T12:54:00Z,S012
T001879,C01254,P0177,1,33.18,2024-01-03T00:17:00Z,S019
T001880,C01821,P0892,4,347.04,2024-01-03T13:02:00Z,S007
T001881,C01353,P0270,1,190.89,2024-01-01T20:32:00Z,S023
T001882,C01380,P0118,5,811.3,2024-01-03T02:03:00Z,S045
T001883,C04499,P0667,2,55.6,2024-01-03T08:41:00Z,S020
T001884,C04192,P0407,3,467.97,2024-01-02T07:29:00Z,S011
T001885,C00923,P0513,2,124.62,2024-01-01T17:45:00Z,S030
T001886,C03457,P0580,5,701.85,2024-01-03T17:46:00Z,S041
T001887,C02462,P0476,1,144.24,2024-01-02T16:34:00Z,S006
T001888,C00579,P0997,2,352.5,2024-01-02T09:35:00Z,S022
T001889,C00421,P0358,1,15.96,2024-01-02T12:52:00Z,S005
T001890,C04101,P0503,1,174.46,2024-01-02T21:39:00Z,S046
T001891,C02269,P0108,1,183.65,2024-01-03T06:02:00Z,S013
T001892,C04931,P0895,4,241.68,2024-01-03T15:33:00Z,S032
T001893,C02416,P0691,3,119.58,2024-01-02T19:32:00Z,S025
T001894,C02766,P0259,5,188.25,2024-01-03T12:51:00Z,S027
T001895,C04381,P0759,4,208.68,2024-01-03T05:02:00Z,S016
T001896,C04014,P0915,1,143.96,2024-01-01T18:27:00Z,S043
T001897,C03132,P0944,5,703.45,2024-01-02T06:56:00Z,S041
T001898,C02324,P0362,4,125.48,2024-01-01T13:50:00Z,S017
T001899,C02363,P0142,2,345.9,2024-01-03T09:45:00Z,S006
T001900,C04895,P0326,4,149.8,2024-01-02T16:45:00Z,S018
T001901,C01030,P0533,1,175.14,2024-01-01T11:54:00Z,S025
T001902,C04437,P0789,5,812.85,2024-01-03T00:19:00Z,S007
T001903,C04525,P0528,2,15.44,2024-01-02T01:47:00Z,S040
T001904,C03284,P0959,2,284.34,2024-01-03T06:06:00Z,S031
T001905,C04844,P0967,5,488.05,2024-01-01T12:42:00Z,S029
T001906,C04665,P0518,5,344.3,2024-01-03T03:22:00Z,S009
T001907,C00332,P0782,2,175.74,2024-01-02T19:02:00Z,S005
T001908,C04921,P0899,4,266.6,2024-01-01T20:00:00Z,S003
T001909,C03968,P0135,1,78.58,2024-01-01T17:36:00Z,S043
T001910,C03144,P0868,1,109.08,2024-01-03T00:33:00Z,S001
T001911,C00082,P0982,4,303.08,2024-01-03T05:08:00Z,S035
T001912,C00114,P0113,2,113.76,2024-01-02T18:09:00Z,S043
T001913,C03733,P0515,1,164.7,2024-01-03T11:53:00Z,S006
T001914,C00252,P0761,2,287.44,2024-01-01T16:16:00Z,S014
T001915,C02821,P0883,4,773.04,2024-01-02T19:23:00Z,S011
T001916,C04184,P0108,5,918.25,2024-01-03T12:33:00Z,S045
T001917,C04579,P0103,2,117.26,2024-01-02T22:43:00Z,S035
T001918,C02956,P0604,5,705.05,2024-01-02T03:58:00Z,S050
T001919,C01882,P0497,3,156.99,2024-01-01T17:26:00Z,S031
T001920,C00659,P0341,4,543.8,2024-01-01T17:24:00Z,S043
T001921,C01634,P0981,2,105.36,2024-01-02T19:23:00Z,S045
T001922,C04604,P0131,2,80.8,2024-01-02T06:52:00Z,S008
T001923,C00086,P0690,2,257.3,2024-01-03T15:09:00Z,S027
T001924,C03385,P0994,3,104.67,2024-01-03T18:13:00Z,S043
T001925,C02284,P0552,2,340.26,2024-01-03T10:14:00Z,S024
T001926,C01359,P0053,4,314.6,2024-01-02T21:07:00Z,S013
T001927,C01749,P0069,1,112.97,2024-01-01T13:09:00Z,S005
T001928,C04670,P0960,2,244.68,2024-01-02T11:00:00Z,S004
T001929,C04878,P0660,1,29.35,2024-01-01T23:55:00Z,S034
T001930,C04411,P0136,1,128.03,2024-01-03T05:37:00Z,S047
T001931,C01137,P0043,3,435.3,2024-01-02T10:33:00Z,S002
T001932,C01236,P0277,2,319.36,2024-01-02T23:51:00Z,S046
T001933,C03996,P0057,4,559.32,2024-01-02T04:36:00Z,S003
T001934,C02039,P0247,5,162.05,2024-01-02T10:46:00Z,S034
T001935,C00020,P0914,4,240.84,2024-01-02T07:55:00Z,S043
T001936,C03383,P0506,4,282.92,2024-01-02T23:15:00Z,S045
T001937,C02795,P0114,1,102.38,2024-01-01T21:43:00Z,S019
T001938,C04898,P0965,2,287.48,2024-01-01T11:10:00Z,S004
T001939,C02847,P0401,5,730.65,2024-01-02T11:56:00Z,S031
T001940,C02710,P0305,2,241.64,2024-01-03T13:22:00Z,S019
T001941,C00795,P0103,3,175.89,2024-01-02T18:40:00Z,S023
T001942,C00110,P0367,2,43.14,2024-01-03T02:29:00Z,S013
T001943,C02553,P0340,1,11.25,2024-01-03T19:14:00Z,S042
T001944,C04400,P0108,3,550.95,2024-01-01T11:16:00Z,S037
T001945,C00264,P0699,2,257.14,2024-01-02T12:09:00Z,S003
T001946,C03753,P0496,5,767.1,2024-01-01T17:31:00Z,S023
T001947,C02463,P0836,2,237.44,2024-01-01T11:25:00Z,S005
T001948,C01061,P0721,4,21.84,2024-01-03T10:11:00Z,S024
T001949,C03017,P0959,4,568.68,2024-01-03T04:43:00Z,S029
T001950,C03643,P0752,1,68.92,2024-01-02T02:10:00Z,S015
T001951,C00820,P0277,1,159.68,2024-01-01T18:01:00Z,S016
T001952,C02613,P0151,2,306.46,2024-01-02T10:27:00Z,S016
T001953,C03491,P0848,5,511.45,2024-01-01T22:40:00Z,S004
T001954,C04159,P0834,4,355.6,2024-01-03T14:07:00Z,S019
T001955,C01923,P0781,3,541.32,2024-01-03T07:33:00Z,S001
T001956,C02424,P0995,2,114.46,2024-01-01T16:04:00Z,S042
T001957,C01589,P0455,2,187.12,2024-01-03T04:27:00Z,S034
T001958,C01569,P0885,5,46.9,2024-01-03T10:41:00Z,S032
T001959,C00545,P0201,2,294.68,2024-01-01T15:34:00Z,S003
T001960,C00439,P0556,4,259.68,2024-01-02T18:55:00Z,S001
T001961,C02249,P0096,4,132.88,2024-01-01T14:09:00Z,S018
T001962,C04414,P0256,4,457.8,2024-01-02T14:21:00Z,S046
T001963,C03885,P0725,4,90.56,2024-01-03T14:12:00Z,S019
T001964,C00533,P0919,4,459.6,2024-01-01T23:34:00Z,S025
T001965,C03020,P0936,2,113.58,2024-01-02T08:59:00Z,S042
T001966,C04000,P0567,4,228.76,2024-01-01T11:05:00Z,S002
T001967,C02588,P0117,2,127.0,2024-01-02T05:44:00Z,S018
T001968,C02455,P0743,1,57.91,2024-01-02T07:08:00Z,S036
T001969,C04183,P0454,5,534.65,2024-01-01T19:10:00Z,S006
T001970,C01547,P0039,5,621.45,2024-01-02T00:08:00Z,S020
T001971,C00335,P0117,2,127.0,2024-01-02T16:26:00Z,S002
T001972,C02075,P0949,2,33.28,2024-01-01T13:07:00Z,S026
T001973,C03598,P0733,2,222.42,2024-01-03T02:38:00Z,S007
T001974,C01626,P0204,1,106.09,2024-01-02T00:21:00Z,S038
T001975,C03119,P0971,1,57.87,2024-01-01T11:27:00Z,S039
T001976,C02791,P0134,1,122.07,2024-01-03T18:26:00Z,S008
T001977,C00457,P0511,4,728.32,2024-01-03T20:21:00Z,S019
T001978,C02105,P0402,5,740.05,2024-01-02T22:25:00Z,S004
T001979,C02230,P0454,4,427.72,2024-01-03T14:02:00Z,S012
T001980,C04940,P0453,2,355.26,2024-01-03T12:55:00Z,S008
T001981,C02307,P0654,2,347.56,2024-01-03T11:13:00Z,S013
T001982,C00581,P0992,4,274.12,2024-01-02T06:42:00Z,S019
T001983,C01184,P0696,1,48.82,2024-01-01T16:05:00Z,S034
T001984,C02908,P0429,4,229.92,2024-01-03T03:49:00Z,S048
T001985,C03975,P0313,2,201.6,2024-01-02T09:07:00Z,S034
T001986,C04953,P0426,2,136.12,2024-01-02T06:22:00Z,S018
T001987,C00405,P0602,4,329.12,2024-01-02T12:14:00Z,S036
T001988,C00988,P0087,5,972.65,2024-01-02T01:56:00Z,S041
T001989,C00296,P0529,1,16.57,2024-01-02T23:21:00Z,S007
T001990,C03769,P0709,3,486.9,2024-01-03T06:18:00Z,S010
T001991,C01696,P0172,1,33.44,2024-01-02T16:23:00Z,S005
T001992,C00863,P0296,2,104.42,2024-01-01T13:44:00Z,S010
T001993,C02927,P0541,1,43.99,2024-01-02T05:09:00Z,S047
T001994,C00144,P0460,2,292.52,2024-01-01T22:57:00Z,S023
T001995,C00482,P0184,4,675.0,2024-01-03T08:54:00Z,S047
T001996,C04379,P0605,5,95.3,2024-01-03T19:28:00Z,S043
T001997,C00497,P0649,5,912.55,2024-01-01T16:59:00Z,S029
T001998,C00693,P0655,2,223.4,2024-01-01T21:35:00Z,S007
T001999,C03400,P0988,2,330.52,2024-01-02T00:49:00Z,S043
T002000,C01886,P0052,4,374.88,2024-01-02T02:44:00Z,S003
T002001,C01069,P0846,4,603.36,2024-01-02T19:25:00Z,S012
T002002,C03460,P0807,5,608.85,2024-01-02T22:09:00Z,S030
T002003,C02012,P0687,4,177.6,2024-01-02T19:52:00Z,S012
T002004,C00277,P0461,2,296.02,2024-01-03T15:21:00Z,S036
T002005,C00706,P0487,4,186.48,2024-01-03T20:48:00Z,S042
T002006,C00771,P0658,5,420.5,2024-01-02T11:53:00Z,S024
T002007,C04659,P0343,2,104.98,2024-01-03T06:58:00Z,S003
T002008,C03278,P0578,3,370.8,2024-01-03T19:38:00Z,S006
T002009,C01785,P0809,1,103.73,2024-01-03T07:24:00Z,S012
T002010,C01667,P0134,1,122.07,2024-01-02T21:00:00Z,S027
T002011,C03996,P0923,5,971.55,2024-01-02T05:00:00Z,S024
T002012,C02015,P0932,4,245.36,2024-01-01T15:51:00Z,S044
T002013,C02023,P0803,3,379.35,2024-01-01T13:47:00Z,S011
T002014,C02432,P0275,1,134.15,2024-01-01T20:47:00Z,S032
T002015,C00016,P0072,5,777.1,2024-01-01T21:40:00Z,S014
T002016,C02939,P0151,2,306.46,2024-01-01T12:14:00Z,S016
T002017,C03827,P0893,3,274.35,2024-01-03T10:33:00Z,S006
T002018,C01297,P0995,2,114.46,2024-01-02T16:14:00Z,S023
T002019,C00538,P0617,4,147.6,2024-01-02T21:51:00Z,S047
T002020,C01370,P0740,5,751.9,2024-01-02T03:00:00Z,S043
T002021,C00285,P0568,1,87.17,2024-01-01T12:16:00Z,S041
T002022,C01092,P0211,4,481.6,2024-01-02T11:44:00Z,S005
T002023,C04603,P0235,3,298.26,2024-01-03T07:37:00Z,S035
T002024,C04314,P0646,1,77.69,2024-01-02T19:38:00Z,S032
T002025,C02844,P0342,4,655.76,2024-01-03T07:14:00Z,S039
T002026,C04857,P0294,1,196.82,2024-01-03T15:33:00Z,S002
T002027,C00850,P0946,3,370.56,2024-01-03T03:56:00Z,S029
T002028,C03806,P0042,2,71.66,2024-01-02T04:37:00Z,S010
T002029,C01190,P0940,4,80.6,2024-01-02T20:57:00Z,S049
T002030,C02528,P0884,2,171.24,2024-01-03T06:15:00Z,S020
T002031,C03531,P0957,3,537.57,2024-01-01T16:33:00Z,S022
T002032,C02525,P0004,2,164.74,2024-01-01T15:58:00Z,S009
T002033,C02498,P0501,3,414.75,2024-01-02T08:32:00Z,S032
T002034,C04336,P0266,4,126.52,2024-01-01T17:10:00Z,S015
T002035,C00558,P0684,2,142.36,2024-01-03T20:34:00Z,S017
T002036,C00857,P0476,3,432.72,2024-01-01T15:59:00Z,S009
T002037,C04166,P0719,5,692.65,2024-01-01T18:53:00Z,S019
T002038,C03601,P0494,1,38.78,2024-01-03T12:52:00Z,S006
T002039,C03574,P0072,5,777.1,2024-01-02T08:13:00Z,S036
T002040,C01992,P0319,2,157.86,2024-01-03T20:46:00Z,S047
T002041,C02873,P0800,5,184.35,2024-01-02T00:39:00Z,S032
T002042,C03066,P0645,4,609.16,2024-01-03T00:19:00Z,S045
T002043,C03023,P0013,3,93.51,2024-01-03T17:07:00Z,S037
T002044,C02167,P0106,4,529.64,2024-01-03T15:50:00Z,S038
T002045,C03132,P0640,3,351.72,2024-01-02T22:07:00Z,S034
T002046,C00245,P0683,4,246.0,2024-01-03T09:35:00Z,S010
T002047,C02575,P0251,3,348.42,2024-01-01T18:15:00Z,S045
T002048,C04231,P0550,5,131.25,2024-01-02T17:23:00Z,S035
T002049,C00046,P0212,5,346.25,2024-01-01T22:20:00Z,S044
T002050,C03561,P0139,1,194.4,2024-01-02T11:05:00Z,S047
T002051,C04773,P0990,4,204.76,2024-01-02T21:39:00Z,S007
T002052,C02761,P0072,4,621.68,2024-01-03T11:03:00Z,S047
T002053,C01302,P0998,2,240.9,2024-01-03T06:58:00Z,S009
T002054,C02387,P0022,4,520.56,2024-01-02T03:37:00Z,S006
T002055,C02729,P0530,4,91.8,2024-01-03T06:39:00Z,S044
T002056,C03949,P0376,3,509.7,2024-01-02T00:17:00Z,S039
T002057,C03997,P0465,1,128.23,2024-01-03T09:16:00Z,S050
T002058,C03165,P0397,4,351.2,2024-01-03T16:19:00Z,S033
T002059,C02992,P0573,4,494.64,2024-01-01T10:24:00Z,S044
T002060,C02759,P0735,3,152.34,2024-01-01T20:07:00Z,S036
T002061,C04640,P0738,1,155.12,2024-01-03T14:26:00Z,S002
T002062,C04398,P0032,4,354.16,2024-01-01T15:57:00Z,S042
T002063,C03032,P0520,4,581.44,2024-01-03T18:20:00Z,S049
T002064,C04262,P0483,3,363.75,2024-01-01T13:47:00Z,S021
T002065,C00991,P0449,5,182.25,2024-01-02T11:08:00Z,S028
T002066,C03610,P0480,3,588.15,2024-01-03T01:21:00Z,S015
T002067,C02601,P0688,1,29.53,2024-01-02T22:27:00Z,S007
T002068,C03078,P0248,5,485.2,2024-01-02T22:04:00Z,S014
T002069,C04134,P0053,4,314.6,2024-01-03T12:07:00Z,S028
T002070,C03959,P0910,4,112.84,2024-01-03T11:46:00Z,S035
T002071,C03875,P0171,1,87.35,2024-01-03T09:39:00Z,S036
T002072,C01357,P0648,5,726.6,2024-01-01T16:47:00Z,S032
T002073,C01498,P0613,1,72.96,2024-01-03T04:26:00Z,S024
T002074,C02423,P0017,3,309.75,2024-01-01T22:18:00Z,S008
T002075,C04871,P0947,4,797.84,2024-01-01T12:13:00Z,S050
T002076,C00613,P0638,4,566.88,2024-01-02T17:50:00Z,S039
T002077,C03357,P0382,4,98.4,2024-01-02T10:54:00Z,S030
T002078,C04350,P0163,4,248.4,2024-01-03T06:52:00Z,S033
T002079,C02910,P0072,5,777.1,2024-01-01T19:27:00Z,S041
T002080,C01933,P0811,2,280.92,2024-01-02T23:42:00Z,S023
T002081,C00065,P0731,3,499.32,2024-01-02T07:32:00Z,S008
T002082,C02577,P0982,5,378.85,2024-01-03T19:56:00Z,S038
T002083,C01266,P0419,1,41.17,2024-01-02T14:19:00Z,S039
T002084,C04166,P0332,4,666.48,2024-01-02T16:10:00Z,S001
T002085,C02993,P0628,5,792.0,2024-01-03T01:17:00Z,S044
T002086,C04378,P0550,1,26.25,2024-01-02T08:35:00Z,S011
T002087,C04862,P0621,5,521.8,2024-01-01T15:37:00Z,S031
T002088,C01672,P0163,3,186.3,2024-01-01T15:03:00Z,S032
T002089,C02543,P0944,5,703.45,2024-01-02T04:04:00Z,S012
T002090,C03296,P0461,2,296.02,2024-01-01T11:21:00Z,S037
T002091,C04097,P0082,2,338.48,2024-01-03T18:44:00Z,S015
T002092,C02210,P0662,2,245.94,2024-01-01T10:20:00Z,S028
T002093,C04550,P1000,3,35.73,2024-01-03T10:27:00Z,S005
T002094,C01245,P0841,1,57.2,2024-01-01T18:05:00Z,S033
T002095,C00437,P0366,5,732.1,2024-01-02T04:13:00Z,S040
T002096,C03251,P0922,5,274.05,2024-01-03T11:33:00Z,S041
T002097,C03364,P0730,3,465.39,2024-01-02T17:57:00Z,S027
T002098,C02644,P0717,3,564.75,2024-01-03T10:39:00Z,S022
T002099,C04771,P0906,2,184.78,2024-01-02T01:10:00Z,S017
T002100,C04700,P0821,2,17.24,2024-01-03T04:05:00Z,S026
T002101,C00322,P0394,1,142.58,2024-01-03T05:09:00Z,S021
T002102,C02019,P0441,3,229.71,2024-01-03T13:22:00Z,S035
T002103,C01019,P0866,2,154.08,2024-01-01T17:15:00Z,S036
T002104,C00787,P0952,4,394.0,2024-01-03T03:01:00Z,S004
T002105,C03154,P0457,5,53.85,2024-01-02T07:34:00Z,S003
T002106,C04175,P0922,2,109.62,2024-01-03T17:23:00Z,S032
T002107,C02881,P0163,5,310.5,2024-01-03T15:36:00Z,S022
T002108,C04779,P0414,1,18.09,2024-01-01T15:51:00Z,S009
T002109,C03542,P0958,4,179.96,2024-01-01T16:39:00Z,S015
T002110,C03172,P0371,1,193.11,2024-01-03T13:51:00Z,S027
T002111,C04200,P0867,3,434.64,2024-01-02T17:24:00Z,S005
T002112,C03093,P0484,5,476.25,2024-01-03T10:14:00Z,S030
T002113,C02947,P0059,4,706.8,2024-01-01T18:16:00Z,S016
T002114,C04608,P0951,1,125.8,2024-01-02T17:34:00Z,S048
T002115,C02100,P0923,5,971.55,2024-01-03T20:55:00Z,S036
T002116,C03514,P0213,4,746.44,2024-01-03T16:44:00Z,S048
T002117,C03831,P0803,4,505.8,2024-01-02T03:24:00Z,S039
T002118,C04565,P0456,2,367.44,2024-01-01T09:01:00Z,S008
T002119,C04554,P0333,1,166.02,2024-01-02T23:18:00Z,S040
T002120,C04164,P0776,1,116.76,2024-01-02T19:09:00Z,S024
T002121,C00736,P0763,5,304.65,2024-01-03T02:20:00Z,S022
T002122,C02343,P0523,1,193.51,2024-01-01T18:07:00Z,S007
T002123,C01182,P0732,1,106.61,2024-01-01T19:46:00Z,S029
T002124,C02125,P0407,5,779.95,2024-01-03T17:27:00Z,S050
T002125,C00693,P0446,3,338.19,2024-01-02T08:58:00Z,S012
T002126,C02529,P0928,5,563.6,2024-01-02T08:41:00Z,S002
T002127,C04600,P0133,3,492.63,2024-01-03T11:26:00Z,S025
T002128,C01761,P0512,4,286.68,2024-01-02T03:59:00Z,S041
T002129,C02886,P0968,5,595.7,2024-01-02T03:13:00Z,S006
T002130,C00005,P0721,3,16.38,2024-01-02T18:47:00Z,S023
T002131,C01217,P0281,3,315.57,2024-01-01T16:23:00Z,S025
T002132,C04122,P0550,3,78.75,2024-01-01T20:28:00Z,S002
T002133,C01563,P0756,2,101.18,2024-01-03T11:06:00Z,S016
T002134,C02310,P0109,5,270.9,2024-01-01T19:42:00Z,S047
T002135,C04638,P0646,1,77.69,2024-01-02T02:11:00Z,S007
T002136,C00059,P0893,4,365.8,2024-01-02T22:12:00Z,S021
T002137,C00844,P0638,5,708.6,2024-01-02T11:07:00Z,S009
T002138,C03899,P0023,1,152.18,2024-01-01T18:32:00Z,S038
T002139,C00787,P0456,1,183.72,2024-01-02T04:49:00Z,S046
T002140,C01849,P0085,3,214.47,2024-01-01T22:17:00Z,S038
T002141,C00130,P0284,2,94.06,2024-01-03T20:49:00Z,S021
T002142,C01737,P0243,1,24.64,2024-01-02T06:50:00Z,S039
T002143,C01893,P0224,4,451.28,2024-01-02T04:44:00Z,S018
T002144,C04905,P0744,1,113.52,2024-01-02T02:42:00Z,S015
T002145,C00077,P0848,4,409.16,2024-01-01T16:58:00Z,S026
T002146,C00475,P0081,3,26.46,2024-01-03T13:41:00Z,S018
T002147,C01290,P0596,3,214.29,2024-01-01T14:38:00Z,S023
T002148,C04629,P0310,2,319.92,2024-01-02T00:08:00Z,S023
T002149,C00321,P0244,1,103.77,2024-01-02T07:07:00Z,S018
T002150,C02075,P0645,4,609.16,2024-01-02T12:37:00Z,S025
T002151,C03746,P0949,2,33.28,2024-01-02T09:44:00Z,S019
T002152,C04999,P0963,4,134.8,2024-01-03T11:16:00Z,S036
T002153,C04511,P0527,2,311.66,2024-01-02T12:51:00Z,S024
T002154,C03144,P0820,2,159.6,2024-01-01T18:45:00Z,S021
T002155,C02131,P0285,1,31.54,2024-01-03T06:03:00Z,S037
T002156,C03339,P0353,5,203.0,2024-01-01T12:09:00Z,S012
T002157,C01287,P0686,3,508.95,2024-01-03T10:26:00Z,S010
T002158,C04602,P0251,2,232.28,2024-01-02T12:37:00Z,S027
T002159,C02147,P0599,2,22.3,2024-01-03T12:57:00Z,S014
T002160,C02174,P0792,4,89.0,2024-01-03T13:53:00Z,S033
T002161,C00873,P0402,1,148.01,2024-01-01T09:41:00Z,S035
T002162,C04054,P0267,3,135.9,2024-01-03T14:12:00Z,S015
T002163,C03647,P0763,3,182.79,2024-01-03T18:57:00Z,S006
T002164,C02202,P0462,5,163.05,2024-01-02T10:53:00Z,S012
T002165,C01005,P0497,1,52.33,2024-01-01T15:32:00Z,S018
T002166,C02474,P0951,4,503.2,2024-01-02T02:24:00Z,S050
T002167,C00700,P0006,2,103.46,2024-01-02T23:39:00Z,S007
T002168,C00238,P0229,3,156.99,2024-01-02T11:16:00Z,S031
T002169,C00336,P0405,4,117.84,2024-01-03T14:49:00Z,S027
T002170,C01967,P0765,4,208.16,2024-01-02T01:52:00Z,S021
T002171,C02818,P0199,3,298.92,2024-01-03T07:01:00Z,S014
T002172,C00118,P0697,3,327.15,2024-01-01T23:02:00Z,S036
T002173,C03234,P0847,2,38.9,2024-01-03T20:16:00Z,S042
T002174,C04098,P0795,1,147.67,2024-01-03T15:53:00Z,S022
T002175,C00878,P0995,3,171.69,2024-01-01T11:30:00Z,S034
T002176,C00701,P0813,5,919.55,2024-01-03T14:17:00Z,S021
T002177,C03683,P0077,4,398.52,2024-01-01T19:29:00Z,S005
T002178,C03147,P0824,4,482.24,2024-01-02T14:21:00Z,S047
T002179,C02152,P0030,3,479.37,2024-01-01T10:19:00Z,S047
T002180,C02688,P0691,1,39.86,2024-01-02T11:15:00Z,S008
T002181,C04261,P0832,1,161.12,2024-01-02T18:45:00Z,S034
T002182,C03626,P0824,3,361.68,2024-01-03T01:28:00Z,S035
T002183,C04321,P0512,3,215.01,2024-01-01T15:28:00Z,S035
T002184,C02027,P0456,5,918.6,2024-01-03T08:28:00Z,S026
T002185,C01999,P0113,5,284.4,2024-01-03T04:49:00Z,S001
T002186,C00863,P0532,2,326.24,2024-01-03T09:24:00Z,S006
T002187,C00769,P0092,2,173.94,2024-01-03T20:50:00Z,S044
T002188,C02830,P0031,3,236.19,2024-01-01T14:45:00Z,S045
T002189,C01291,P0155,3,552.57,2024-01-02T01:21:00Z,S037
T002190,C02107,P0979,2,280.66,2024-01-03T06:33:00Z,S029
T002191,C03813,P0958,1,44.99,2024-01-03T05:52:00Z,S027
T002192,C03894,P0378,5,456.05,2024-01-02T03:48:00Z,S015
T002193,C03731,P0190,5,209.1,2024-01-02T10:06:00Z,S006
T002194,C03420,P0077,1,99.63,2024-01-03T20:29:00Z,S047
T002195,C04214,P0775,3,335.88,2024-01-03T18:15:00Z,S045
T002196,C02269,P0374,4,96.04,2024-01-03T08:44:00Z,S015
T002197,C00003,P0368,5,568.85,2024-01-01T17:41:00Z,S036
T002198,C02282,P0418,5,545.7,2024-01-02T10:36:00Z,S048
T002199,C00484,P0205,2,264.78,2024-01-01T16:57:00Z,S011
T002200,C00363,P0269,2,98.12,2024-01-02T09:56:00Z,S042
T002201,C03031,P0512,1,71.67,2024-01-02T21:07:00Z,S006
T002202,C04179,P0541,1,43.99,2024-01-03T04:18:00Z,S047
T002203,C04845,P0975,4,294.72,2024-01-03T14:41:00Z,S026
T002204,C04460,P0832,5,805.6,2024-01-02T11:21:00Z,S043
T002205,C04119,P0906,3,277.17,2024-01-03T18:33:00Z,S041
T002206,C04287,P0018,3,329.07,2024-01-03T00:07:00Z,S016
T002207,C01350,P0284,1,47.03,2024-01-02T23:45:00Z,S043
T002208,C00906,P0345,4,82.88,2024-01-01T14:59:00Z,S021
T002209,C04169,P0117,5,317.5,2024-01-02T12:01:00Z,S032
T002210,C04238,P0480,1,196.05,2024-01-03T06:24:00Z,S018
T002211,C01090,P0559,4,209.44,2024-01-01T14:00:00Z,S050
T002212,C03244,P0984,3,594.45,2024-01-02T12:09:00Z,S044
T002213,C03967,P0892,3,260.28,2024-01-01T12:37:00Z,S024
T002214,C00615,P0728,4,623.68,2024-01-01T22:36:00Z,S033
T002215,C00235,P0194,5,257.0,2024-01-02T16:38:00Z,S001
T002216,C01380,P0470,3,499.02,2024-01-03T16:15:00Z,S029
T002217,C04632,P0406,2,250.5,2024-01-01T21:30:00Z,S020
T002218,C01504,P0474,1,73.42,2024-01-02T07:08:00Z,S018
T002219,C04795,P0063,5,957.5,2024-01-02T18:02:00Z,S029
T002220,C04095,P0935,3,362.34,2024-01-02T13:16:00Z,S006
T002221,C02667,P0028,2,111.14,2024-01-02T09:11:00Z,S030
T002222,C02101,P0800,4,147.48,2024-01-02T05:21:00Z,S023
T002223,C03560,P0893,5,457.25,2024-01-01T22:16:00Z,S043
T002224,C01834,P0102,1,185.42,2024-01-01T13:51:00Z,S019
T002225,C04093,P0626,4,352.08,2024-01-01T12:38:00Z,S012
T002226,C01210,P0113,2,113.76,2024-01-03T00:27:00Z,S023
T002227,C00487,P0098,3,261.93,2024-01-03T04:13:00Z,S042
T002228,C04427,P0892,3,260.28,2024-01-03T19:55:00Z,S002
T002229,C04524,P0932,3,184.02,2024-01-03T16:20:00Z,S029
T002230,C04341,P0054,1,85.35,2024-01-01T17:35:00Z,S041
T002231,C03552,P0903,4,771.24,2024-01-01T12:23:00Z,S042
T002232,C00225,P0002,5,760.45,2024-01-03T17:37:00Z,S008
T002233,C03453,P0345,2,41.44,2024-01-01T18:06:00Z,S026
T002234,C02233,P0004,1,82.37,2024-01-01T17:50:00Z,S049
T002235,C00286,P0479,2,376.98,2024-01-02T17:36:00Z,S017
T002236,C02836,P0691,1,39.86,2024-01-02T06:08:00Z,S004
T002237,C02770,P0823,1,31.49,2024-01-02T07:20:00Z,S029
T002238,C04988,P0678,2,288.84,2024-01-03T10:38:00Z,S021
T002239,C03267,P0491,2,381.64,2024-01-03T20:41:00Z,S028
T002240,C02712,P0461,3,444.03,2024-01-02T23:22:00Z,S003
T002241,C04233,P0484,5,476.25,2024-01-02T06:05:00Z,S031
T002242,C02930,P0510,2,284.6,2024-01-03T04:00:00Z,S022
T002243,C01645,P0938,1,100.22,2024-01-02T02:08:00Z,S023
T002244,C00011,P0195,3,413.34,2024-01-03T05:37:00Z,S043
T002245,C01181,P0726,5,120.35,2024-01-02T17:10:00Z,S017
T002246,C00036,P0335,4,311.12,2024-01-03T19:40:00Z,S014
T002247,C04859,P0214,4,577.48,2024-01-03T09:00:00Z,S019
T002248,C03786,P0643,1,183.32,2024-01-02T14:49:00Z,S036
T002249,C04287,P0897,2,144.58,2024-01-02T04:07:00Z,S011
T002250,C04552,P0491,2,381.64,2024-01-03T19:56:00Z,S024
T002251,C01610,P0132,1,181.42,2024-01-03T05:41:00Z,S024
T002252,C02471,P0156,4,452.0,2024-01-03T14:37:00Z,S022
T002253,C02796,P0204,2,212.18,2024-01-03T00:26:00Z,S044
T002254,C02218,P0823,1,31.49,2024-01-02T20:13:00Z,S031
T002255,C01283,P0537,1,45.83,2024-01-03T03:33:00Z,S016
T002256,C01847,P0582,4,251.6,2024-01-01T16:55:00Z,S033
T002257,C01020,P0558,3,291.87,2024-01-02T08:03:00Z,S032
T002258,C02929,P0002,5,760.45,2024-01-01T11:11:00Z,S037
T002259,C00830,P0186,3,112.59,2024-01-02T07:51:00Z,S047
T002260,C04836,P0892,4,347.04,2024-01-01T22:47:00Z,S030
T002261,C03042,P0796,5,118.5,2024-01-01T15:57:00Z,S007
T002262,C01690,P0619,4,663.16,2024-01-02T21:24:00Z,S040
T002263,C01885,P0327,4,104.36,2024-01-03T04:52:00Z,S049
T002264,C04335,P0655,1,111.7,2024-01-02T22:19:00Z,S005
T002265,C00189,P0069,3,338.91,2024-01-03T02:30:00Z,S016
T002266,C01673,P0361,3,186.03,2024-01-03T08:48:00Z,S041
T002267,C02678,P0586,3,80.34,2024-01-01T12:01:00Z,S048
T002268,C03234,P0613,5,364.8,2024-01-03T10:42:00Z,S019
T002269,C00868,P0288,5,66.2,2024-01-02T02:17:00Z,S040
T002270,C00507,P0284,3,141.09,2024-01-02T02:19:00Z,S003
T002271,C01261,P0529,1,16.57,2024-01-03T02:05:00Z,S049
T002272,C01247,P0999,5,969.7,2024-01-02T14:30:00Z,S038
T002273,C04645,P0037,1,134.61,2024-01-02T01:11:00Z,S023
T002274,C00389,P0175,4,698.88,2024-01-01T10:37:00Z,S044
T002275,C01619,P0851,2,318.96,2024-01-01T10:25:00Z,S014
T002276,C03957,P0925,1,22.98,2024-01-01T22:30:00Z,S031
T002277,C00766,P0794,1,182.12,2024-01-03T13:59:00Z,S014
T002278,C03820,P0538,2,391.18,2024-01-01T22:36:00Z,S048
T002279,C04627,P0932,1,61.34,2024-01-01T22:52:00Z,S010
T002280,C04078,P0721,3,16.38,2024-01-02T18:34:00Z,S043
T002281,C00611,P0750,5,44.65,2024-01-02T05:17:00Z,S041
T002282,C04606,P0394,5,712.9,2024-01-02T23:54:00Z,S012
T002283,C04304,P0904,3,463.41,2024-01-03T03:21:00Z,S032
T002284,C02211,P0848,1,102.29,2024-01-02T02:01:00Z,S035
T002285,C01781,P0501,5,691.25,2024-01-01T14:51:00Z,S002
T002286,C01816,P0034,4,91.6,2024-01-03T05:00:00Z,S038
T002287,C01209,P0077,4,398.52,2024-01-02T05:10:00Z,S003
T002288,C03006,P0317,3,51.87,2024-01-02T15:16:00Z,S042
T002289,C04016,P0052,4,374.88,2024-01-03T01:30:00Z,S048
T002290,C01233,P0460,2,292.52,2024-01-02T20:23:00Z,S040
T002291,C04058,P0639,4,413.12,2024-01-02T22:02:00Z,S024
T002292,C01422,P0130,1,181.31,2024-01-02T08:57:00Z,S041
T002293,C01701,P0429,1,57.48,2024-01-03T03:21:00Z,S004
T002294,C03705,P0191,5,292.25,2024-01-03T13:55:00Z,S038
T002295,C04562,P0533,3,525.42,2024-01-03T03:21:00Z,S050
T002296,C04873,P0531,4,757.48,2024-01-02T03:56:00Z,S019
T002297,C03105,P0372,4,114.84,2024-01-02T14:00:00Z,S010
T002298,C03482,P0510,2,284.6,2024-01-03T15:10:00Z,S002
T002299,C01677,P0397,5,439.0,2024-01-02T00:53:00Z,S040
T002300,C04322,P0338,1,198.76,2024-01-03T09:58:00Z,S007
T002301,C03881,P0587,3,465.69,2024-01-03T03:40:00Z,S028
T002302,C00830,P0182,3,44.61,2024-01-02T11:29:00Z,S006
T002303,C00967,P0926,3,232.38,2024-01-01T16:50:00Z,S038
T002304,C01715,P0311,1,147.93,2024-01-02T02:43:00Z,S023
T002305,C04942,P0636,3,375.57,2024-01-03T16:49:00Z,S035
T002306,C02143,P0526,5,499.5,2024-01-01T12:26:00Z,S029
T002307,C04445,P0040,2,127.98,2024-01-02T20:26:00Z,S034
T002308,C04386,P0319,1,78.93,2024-01-03T01:02:00Z,S025
T002309,C04442,P0591,2,252.18,2024-01-02T04:04:00Z,S036
T002310,C03392,P0200,3,129.12,2024-01-01T10:57:00Z,S008
T002311,C02326,P0861,2,157.46,2024-01-01T10:39:00Z,S042
T002312,C02956,P0072,4,621.68,2024-01-01T15:50:00Z,S003
T002313,C03893,P0977,3,248.1,2024-01-02T18:43:00Z,S045
T002314,C00384,P0451,1,92.12,2024-01-03T03:53:00Z,S027
T002315,C04893,P0212,5,346.25,2024-01-03T11:33:00Z,S045
T002316,C04567,P0474,1,73.42,2024-01-02T12:45:00Z,S026
T002317,C02248,P0388,5,664.85,2024-01-01T09:38:00Z,S032
T002318,C00756,P0499,1,46.06,2024-01-03T18:04:00Z,S013
T002319,C01551,P0430,3,380.46,2024-01-02T02:49:00Z,S038
T002320,C03923,P0285,4,126.16,2024-01-03T10:21:00Z,S035
T002321,C01903,P0850,1,133.68,2024-01-03T13:06:00Z,S029
T002322,C04963,P0759,4,208.68,2024-01-02T11:56:00Z,S043
T002323,C01463,P0067,4,363.0,2024-01-03T21:00:00Z,S028
T002324,C03117,P0519,4,439.52,2024-01-03T19:36:00Z,S002
T002325,C03768,P0241,5,605.6,2024-01-01T17:28:00Z,S046
T002326,C02733,P0643,5,916.6,2024-01-03T13:06:00Z,S045
T002327,C00104,P0242,2,331.0,2024-01-03T07:57:00Z,S050
T002328,C00902,P0898,5,494.6,2024-01-03T02:47:00Z,S022
T002329,C02562,P0656,4,737.84,2024-01-01T21:56:00Z,S001
T002330,C00024,P0403,3,324.57,2024-01-02T15:39:00Z,S015
T002331,C02277,P0662,3,368.91,2024-01-01T23:02:00Z,S023
T002332,C03053,P0885,3,28.14,2024-01-03T16:07:00Z,S031
T002333,C02770,P0707,3,388.89,2024-01-02T11:53:00Z,S040
T002334,C04655,P0752,4,275.68,2024-01-02T16:05:00Z,S043
T002335,C01924,P0908,5,608.2,2024-01-03T16:48:00Z,S045
T002336,C03900,P0266,3,94.89,2024-01-01T14:17:00Z,S041
T002337,C03712,P0633,2,312.62,2024-01-01T19:26:00Z,S008
T002338,C02684,P0033,3,183.12,2024-01-03T19:45:00Z,S003
T002339,C01108,P0277,2,319.36,2024-01-02T18:39:00Z,S011
T002340,C02942,P0627,1,191.28,2024-01-02T11:48:00Z,S037
T002341,C04531,P0701,1,80.35,2024-01-03T06:13:00Z,S040
T002342,C00436,P0883,5,966.3,2024-01-01T14:16:00Z,S048
T002343,C04069,P0027,3,444.72,2024-01-03T04:17:00Z,S017
T002344,C00198,P0619,1,165.79,2024-01-01T09:10:00Z,S019
T002345,C03440,P0599,4,44.6,2024-01-02T08:17:00Z,S017
T002346,C03237,P0973,4,372.04,2024-01-02T04:45:00Z,S025
T002347,C02555,P0103,5,293.15,2024-01-02T02:39:00Z,S049
T002348,C00144,P0040,1,63.99,2024-01-01T18:47:00Z,S005
T002349,C02133,P0995,4,228.92,2024-01-03T03:06:00Z,S026
T002350,C04932,P0724,5,135.25,2024-01-03T07:59:00Z,S042
T002351,C01119,P0213,1,186.61,2024-01-03T04:12:00Z,S029
T002352,C03957,P0148,5,696.5,2024-01-01T22:44:00Z,S015
T002353,C01645,P0198,2,194.32,2024-01-03T10:29:00Z,S042
T002354,C01200,P0687,3,133.2,2024-01-03T06:04:00Z,S029
T002355,C04382,P0953,5,637.3,2024-01-02T08:24:00Z,S045
T002356,C01678,P0735,5,253.9,2024-01-01T19:20:00Z,S038
T002357,C03290,P0156,5,565.0,2024-01-02T02:48:00Z,S009
T002358,C04956,P0702,3,168.54,2024-01-03T03:19:00Z,S031
T002359,C04916,P0462,2,65.22,2024-01-03T03:52:00Z,S002
T002360,C01484,P0370,5,176.9,2024-01-02T01:49:00Z,S049
T002361,C02718,P0968,4,476.56,2024-01-01T13:56:00Z,S026
T002362,C02654,P0239,1,7.17,2024-01-01T18:03:00Z,S028
T002363,C01972,P0589,4,497.64,2024-01-01T21:32:00Z,S019
T002364,C00716,P0274,3,52.29,2024-01-02T00:59:00Z,S036
T002365,C04195,P0884,1,85.62,2024-01-02T04:31:00Z,S017
T002366,C03394,P0524,3,502.89,2024-01-02T23:58:00Z,S014
T002367,C04374,P0113,5,284.4,2024-01-03T02:17:00Z,S028
T002368,C04383,P0364,3,387.99,2024-01-02T23:28:00Z,S001
T002369,C02986,P0905,1,7.69,2024-01-02T09:12:00Z,S003
T002370,C01767,P0219,5,223.6,2024-01-03T17:36:00Z,S015
T002371,C02443,P0335,1,77.78,2024-01-01T19:32:00Z,S039
T002372,C01032,P0164,4,424.92,2024-01-03T14:15:00Z,S006
T002373,C03724,P0955,3,336.69,2024-01-01T16:16:00Z,S040
T002374,C03022,P0737,5,461.0,2024-01-02T10:47:00Z,S040
T002375,C01156,P0909,4,465.36,2024-01-03T10:09:00Z,S036
T002376,C01951,P0868,4,436.32,2024-01-01T15:50:00Z,S012
T002377,C00681,P0343,3,157.47,2024-01-03T15:54:00Z,S004
T002378,C03661,P0540,5,97.5,2024-01-02T16:23:00Z,S003
T002379,C03704,P0527,5,779.15,2024-01-03T08:53:00Z,S014
T002380,C03845,P0792,3,66.75,2024-01-02T11:59:00Z,S038
T002381,C04774,P0290,3,31.32,2024-01-02T01:30:00Z,S017
T002382,C04652,P0691,1,39.86,2024-01-01T22:06:00Z,S038
T002383,C03800,P0624,2,352.04,2024-01-02T05:17:00Z,S022
T002384,C02453,P0098,2,174.62,2024-01-03T07:49:00Z,S037
T002385,C03743,P0245,1,72.3,2024-01-02T17:18:00Z,S003
T002386,C04262,P0721,3,16.38,2024-01-03T12:08:00Z,S042
T002387,C02696,P0453,3,532.89,2024-01-02T12:41:00Z,S027
T002388,C01510,P0831,3,341.76,2024-01-01T21:03:00Z,S034
T002389,C00242,P0619,2,331.58,2024-01-02T23:34:00Z,S006
T002390,C04129,P0326,4,149.8,2024-01-02T18:00:00Z,S014
T002391,C01660,P0635,2,132.58,2024-01-02T05:31:00Z,S032
T002392,C03421,P0497,5,261.65,2024-01-02T16:47:00Z,S020
T002393,C04540,P0593,1,56.59,2024-01-03T13:52:00Z,S041
T002394,C03627,P0365,5,606.8,2024-01-02T00:17:00Z,S042
T002395,C00945,P0329,2,255.18,2024-01-03T20:02:00Z,S008
T002396,C00668,P0889,1,163.95,2024-01-01T19:26:00Z,S022
T002397,C04439,P0367,5,107.85,2024-01-03T03:11:00Z,S014
T002398,C04229,P0403,1,108.19,2024-01-02T20:09:00Z,S035
T002399,C01711,P0469,4,764.12,2024-01-02T00:03:00Z,S004
T002400,C03114,P0178,2,218.7,2024-01-02T20:45:00Z,S050
T002401,C01988,P0618,3,426.84,2024-01-03T19:23:00Z,S035
T002402,C02629,P0575,1,69.27,2024-01-01T20:54:00Z,S038
T002403,C03565,P0066,3,249.9,2024-01-02T23:56:00Z,S032
T002404,C02019,P0782,3,263.61,2024-01-03T19:17:00Z,S006
T002405,C02316,P0147,1,196.1,2024-01-03T12:09:00Z,S029
T002406,C00310,P0626,5,440.1,2024-01-02T16:22:00Z,S027
T002407,C02605,P0359,3,527.1,2024-01-01T15:33:00Z,S039
T002408,C01720,P0031,5,393.65,2024-01-03T08:21:00Z,S018
T002409,C04302,P0416,2,181.14,2024-01-01T11:31:00Z,S004
T002410,C04750,P0625,5,807.9,2024-01-01T16:51:00Z,S050
T002411,C03407,P0514,5,578.05,2024-01-01T20:06:00Z,S027
T002412,C04025,P0249,4,783.8,2024-01-02T05:36:00Z,S050
T002413,C04105,P0798,2,77.08,2024-01-02T23:32:00Z,S041
T002414,C00605,P0753,3,21.84,2024-01-02T20:32:00Z,S014
T002415,C04617,P0822,3,81.36,2024-01-02T04:37:00Z,S040
T002416,C03695,P0756,5,252.95,2024-01-03T20:36:00Z,S005
T002417,C00090,P0777,5,442.75,2024-01-03T11:19:00Z,S042
T002418,C03694,P0626,1,88.02,2024-01-03T03:15:00Z,S014
T002419,C02938,P0961,5,401.5,2024-01-02T02:56:00Z,S027
T002420,C00893,P0293,3,317.61,2024-01-02T11:00:00Z,S020
T002421,C00099,P0456,1,183.72,2024-01-02T08:52:00Z,S023
T002422,C00218,P0108,5,918.25,2024-01-03T19:19:00Z,S026
T002423,C04186,P0279,2,38.16,2024-01-01T13:20:00Z,S048
T002424,C01117,P0991,1,98.54,2024-01-02T19:38:00Z,S009
T002425,C03727,P0616,3,332.4,2024-01-01T19:19:00Z,S021
T002426,C01954,P0215,1,45.53,2024-01-02T19:59:00Z,S022
T002427,C00715,P0859,5,465.05,2024-01-02T13:46:00Z,S022
T002428,C03396,P0380,2,252.7,2024-01-01T14:52:00Z,S046
T002429,C04198,P0641,1,143.18,2024-01-02T05:44:00Z,S039
T002430,C04935,P0767,3,47.37,2024-01-03T19:00:00Z,S038
T002431,C02366,P0528,4,30.88,2024-01-02T04:06:00Z,S050
T002432,C02778,P0382,5,123.0,2024-01-03T06:22:00Z,S008
T002433,C03590,P0222,1,72.45,2024-01-02T21:57:00Z,S021
T002434,C02367,P0837,1,194.72,2024-01-02T14:53:00Z,S022
T002435,C00793,P0009,3,152.67,2024-01-02T14:26:00Z,S026
T002436,C04375,P0171,5,436.75,2024-01-03T19:17:00Z,S006
T002437,C02608,P0418,5,545.7,2024-01-02T14:17:00Z,S004
T002438,C04355,P0917,4,715.2,2024-01-01T10:17:00Z,S023
T002439,C02603,P0452,3,548.34,2024-01-01T16:31:00Z,S048
T002440,C00679,P0692,1,81.06,2024-01-03T16:12:00Z,S034
T002441,C04111,P0040,5,319.95,2024-01-01T10:51:00Z,S046
T002442,C03354,P0172,5,167.2,2024-01-02T14:22:00Z,S025
T002443,C02708,P0811,1,140.46,2024-01-01T10:40:00Z,S050
T002444,C02187,P0429,4,229.92,2024-01-03T03:20:00Z,S003
T002445,C03957,P0995,4,228.92,2024-01-02T17:31:00Z,S049
T002446,C01179,P0295,5,713.3,2024-01-03T20:10:00Z,S014
T002447,C01068,P0319,2,157.86,2024-01-03T18:39:00Z,S025
T002448,C02982,P0402,1,148.01,2024-01-02T03:36:00Z,S022
T002449,C03571,P0891,1,159.15,2024-01-02T15:39:00Z,S020
T002450,C01883,P0601,3,257.46,2024-01-03T10:05:00Z,S031
T002451,C00959,P0684,3,213.54,2024-01-01T23:50:00Z,S005
T002452,C03874,P0471,4,378.92,2024-01-02T23:38:00Z,S001
T002453,C03250,P0662,4,491.88,2024-01-03T03:23:00Z,S035
T002454,C00569,P0952,2,197.0,2024-01-02T01:54:00Z,S035
T002455,C03921,P0644,2,190.04,2024-01-02T13:27:00Z,S036
T002456,C01999,P0302,4,415.92,2024-01-02T00:35:00Z,S045
T002457,C02302,P0686,1,169.65,2024-01-03T18:29:00Z,S023
T002458,C01826,P0493,2,341.48,2024-01-01T11:39:00Z,S012
T002459,C03924,P0843,1,101.77,2024-01-03T14:35:00Z,S048
T002460,C04700,P0213,3,559.83,2024-01-03T03:56:00Z,S007
T002461,C00545,P0912,4,141.24,2024-01-02T23:52:00Z,S045
T002462,C01970,P0092,2,173.94,2024-01-02T08:30:00Z,S040
T002463,C03403,P0153,1,8.73,2024-01-03T16:17:00Z,S047
T002464,C03503,P0970,2,155.08,2024-01-02T14:59:00Z,S047
T002465,C03288,P0015,4,519.08,2024-01-03T19:49:00Z,S004
T002466,C04416,P0356,4,644.96,2024-01-03T11:32:00Z,S022
T002467,C00179,P0425,1,132.28,2024-01-03T17:23:00Z,S008
T002468,C00509,P0112,2,102.2,2024-01-03T14:50:00Z,S034
T002469,C02367,P0950,5,459.35,2024-01-01T22:54:00Z,S020
T002470,C00772,P0816,5,891.45,2024-01-03T13:44:00Z,S014
T002471,C03755,P0632,2,277.56,2024-01-01T20:27:00Z,S005
T002472,C02193,P0628,3,475.2,2024-01-01T11:10:00Z,S024
T002473,C04882,P0753,2,14.56,2024-01-03T18:12:00Z,S019
T002474,C02501,P0922,4,219.24,2024-01-03T08:33:00Z,S050
T002475,C04882,P0858,3,575.25,2024-01-01T10:24:00Z,S009
T002476,C00573,P0195,1,137.78,2024-01-02T11:41:00Z,S007
T002477,C04384,P0658,3,252.3,2024-01-02T20:46:00Z,S033
T002478,C04043,P0977,3,248.1,2024-01-03T01:40:00Z,S041
T002479,C02453,P0959,3,426.51,2024-01-03T02:14:00Z,S017
T002480,C02433,P0697,5,545.25,2024-01-03T19:28:00Z,S009
T002481,C03541,P0854,5,632.65,2024-01-03T13:24:00Z,S035
T002482,C03417,P0080,1,64.06,2024-01-02T11:12:00Z,S010
T002483,C01802,P0540,2,39.0,2024-01-01T11:47:00Z,S004
T002484,C04979,P0516,1,184.37,2024-01-01T16:41:00Z,S031
T002485,C04607,P0045,3,346.98,2024-01-03T15:11:00Z,S007
T002486,C01715,P0827,1,165.84,2024-01-01T22:24:00Z,S029
T002487,C00702,P0335,4,311.12,2024-01-03T11:35:00Z,S007
T002488,C02971,P0246,3,353.4,2024-01-03T19:18:00Z,S038
T002489,C00945,P0989,2,346.7,2024-01-02T21:57:00Z,S039
T002490,C01520,P0525,5,874.1,2024-01-02T02:23:00Z,S012
T002491,C03596,P0266,2,63.26,2024-01-02T17:46:00Z,S044
T002492,C00557,P0025,2,256.42,2024-01-01T14:42:00Z,S004
T002493,C00484,P0257,5,64.9,2024-01-02T04:29:00Z,S009
T002494,C04737,P0372,2,57.42,2024-01-03T09:23:00Z,S024
T002495,C04796,P0495,2,69.14,2024-01-01T09:58:00Z,S043
T002496,C01134,P0480,2,392.1,2024-01-02T18:57:00Z,S020
T002497,C03870,P0155,5,920.95,2024-01-02T00:59:00Z,S024
T002498,C02075,P0165,2,327.48,2024-01-03T11:39:00Z,S032
T002499,C03924,P0150,4,86.08,2024-01-02T15:26:00Z,S018
T002500,C03039,P0132,5,907.1,2024-01-02T14:47:00Z,S015
T002501,C04726,P0439,3,324.51,2024-01-02T09:57:00Z,S021
T002502,C04078,P0673,5,220.45,2024-01-02T13:59:00Z,S045
T002503,C01053,P0729,1,85.59,2024-01-01T09:20:00Z,S010
T002504,C00685,P0421,5,425.6,2024-01-02T02:21:00Z,S014
T002505,C03144,P0444,1,192.14,2024-01-01T14:08:00Z,S013
T002506,C03156,P0492,5,182.4,2024-01-02T19:55:00Z,S016
T002507,C03901,P0426,5,340.3,2024-01-03T11:28:00Z,S019
T002508,C02756,P0066,2,166.6,2024-01-03T16:51:00Z,S002
T002509,C04656,P0976,3,154.74,2024-01-03T19:20:00Z,S004
T002510,C01469,P0150,1,21.52,2024-01-03T06:28:00Z,S042
T002511,C01233,P0987,1,85.62,2024-01-02T22:16:00Z,S013
T002512,C03876,P0633,4,625.24,2024-01-01T20:00:00Z,S028
T002513,C00188,P0790,2,211.52,2024-01-02T13:47:00Z,S001
T002514,C02502,P0855,1,121.78,2024-01-01T23:53:00Z,S039
T002515,C00754,P0877,1,174.45,2024-01-01T20:51:00Z,S034
T002516,C02573,P0905,3,23.07,2024-01-03T11:06:00Z,S029
T002517,C03377,P0082,2,338.48,2024-01-01T13:34:00Z,S019
T002518,C02299,P0223,5,642.85,2024-01-02T08:34:00Z,S025
T002519,C03008,P0277,1,159.68,2024-01-03T12:30:00Z,S027
T002520,C00102,P0421,3,255.36,2024-01-02T07:43:00Z,S014
T002521,C02339,P0592,2,198.32,2024-01-03T20:41:00Z,S037
T002522,C04683,P0986,2,279.54,2024-01-02T00:00:00Z,S038
T002523,C01558,P0857,1,86.99,2024-01-03T14:53:00Z,S042
T002524,C03055,P0400,4,368.64,2024-01-02T20:37:00Z,S019
T002525,C02219,P0652,2,15.3,2024-01-03T18:56:00Z,S009
T002526,C03674,P0897,2,144.58,2024-01-01T10:52:00Z,S022
T002527,C00246,P0783,2,275.98,2024-01-03T17:26:00Z,S019
T002528,C01623,P0447,3,298.8,2024-01-02T14:59:00Z,S001
T002529,C00685,P0435,2,330.68,2024-01-02T17:41:00Z,S007
T002530,C02062,P0007,2,350.56,2024-01-03T02:11:00Z,S034
T002531,C02106,P0061,1,173.86,2024-01-02T11:58:00Z,S027
T002532,C04908,P0925,2,45.96,2024-01-03T11:27:00Z,S027
T002533,C02297,P0115,5,564.05,2024-01-02T00:15:00Z,S017
T002534,C04993,P0892,4,347.04,2024-01-03T11:59:00Z,S038
T002535,C02748,P0122,1,183.74,2024-01-03T18:15:00Z,S040
T002536,C01718,P0502,1,53.72,2024-01-01T11:35:00Z,S049
T002537,C00609,P0681,4,690.8,2024-01-03T20:46:00Z,S005
T002538,C00852,P0160,4,354.56,2024-01-01T23:08:00Z,S041
T002539,C02356,P0950,2,183.74,2024-01-02T20:04:00Z,S009
T002540,C04125,P0724,1,27.05,2024-01-03T02:29:00Z,S039
T002541,C03738,P0995,1,57.23,2024-01-02T02:02:00Z,S001
T002542,C02207,P0967,2,195.22,2024-01-03T00:43:00Z,S009
T002543,C03299,P0048,4,158.76,2024-01-02T06:31:00Z,S016
T002544,C02300,P0643,1,183.32,2024-01-03T00:26:00Z,S017
T002545,C02243,P0489,5,398.65,2024-01-02T09:43:00Z,S017
T002546,C00814,P0733,1,111.21,2024-01-03T01:01:00Z,S001
T002547,C04796,P0549,5,483.0,2024-01-03T18:59:00Z,S005
T002548,C00770,P0768,1,96.25,2024-01-02T14:41:00Z,S024
T002549,C03801,P0180,3,94.44,2024-01-01T21:20:00Z,S049
T002550,C01236,P0168,5,127.05,2024-01-02T06:53:00Z,S041
T002551,C02529,P0236,4,106.24,2024-01-02T20:23:00Z,S041
T002552,C04288,P0870,2,329.52,2024-01-01T20:48:00Z,S008
T002553,C00255,P0020,2,345.66,2024-01-02T04:44:00Z,S028
T002554,C01077,P0673,3,132.27,2024-01-02T05:52:00Z,S023
T002555,C03684,P0987,1,85.62,2024-01-03T12:38:00Z,S032
T002556,C01963,P0648,5,726.6,2024-01-03T02:05:00Z,S026
T002557,C03652,P0174,5,500.75,2024-01-02T08:02:00Z,S023
T002558,C01095,P0500,4,225.92,2024-01-01T14:11:00Z,S003
T002559,C00745,P0630,3,356.01,2024-01-03T01:53:00Z,S033
T002560,C01589,P0545,2,243.26,2024-01-02T23:34:00Z,S005
T002561,C04591,P0775,2,223.92,2024-01-01T09:59:00Z,S005
T002562,C04906,P0395,1,23.07,2024-01-01T12:44:00Z,S042
T002563,C02047,P0282,5,353.5,2024-01-03T17:14:00Z,S033
T002564,C01180,P0022,4,520.56,2024-01-03T05:58:00Z,S011
T002565,C01672,P0715,5,867.05,2024-01-02T15:30:00Z,S043
T002566,C03344,P0119,4,127.84,2024-01-01T12:55:00Z,S004
T002567,C01737,P0614,2,346.72,2024-01-01T11:12:00Z,S040
T002568,C02293,P0929,4,222.92,2024-01-01T19:23:00Z,S010
T002569,C01845,P0768,3,288.75,2024-01-02T01:40:00Z,S044
T002570,C02499,P0009,4,203.56,2024-01-03T12:15:00Z,S026
T002571,C01517,P0585,1,36.19,2024-01-03T20:09:00Z,S023
T002572,C02808,P0083,3,452.01,2024-01-03T12:46:00Z,S002
T002573,C04464,P0578,2,247.2,2024-01-03T06:59:00Z,S042
T002574,C02734,P0903,3,578.43,2024-01-03T19:35:00Z,S015
T002575,C01824,P0908,5,608.2,2024-01-02T11:25:00Z,S040
T002576,C02874,P0003,3,400.41,2024-01-02T04:40:00Z,S007
T002577,C03304,P0734,3,511.8,2024-01-03T05:12:00Z,S019
T002578,C02776,P0542,4,763.32,2024-01-03T13:21:00Z,S022
T002579,C00928,P0477,1,114.11,2024-01-02T12:24:00Z,S022
T002580,C02076,P0758,4,204.12,2024-01-01T13:47:00Z,S013
T002581,C00935,P0048,3,119.07,2024-01-02T14:13:00Z,S009
T002582,C02358,P0503,1,174.46,2024-01-03T15:56:00Z,S049
T002583,C04159,P0681,2,345.4,2024-01-01T23:58:00Z,S050
T002584,C03494,P0330,4,725.28,2024-01-03T19:38:00Z,S024
T002585,C02445,P0732,2,213.22,2024-01-03T15:24:00Z,S001
T002586,C04889,P0751,1,55.38,2024-01-02T07:26:00Z,S039
T002587,C04367,P0330,5,906.6,2024-01-02T04:25:00Z,S034
T002588,C01333,P0176,2,47.7,2024-01-02T05:33:00Z,S011
T002589,C04110,P0964,4,334.28,2024-01-03T17:06:00Z,S019
T002590,C02952,P0548,4,735.2,2024-01-02T03:58:00Z,S022
T002591,C04819,P0149,4,665.84,2024-01-01T23:21:00Z,S050
T002592,C04882,P0245,3,216.9,2024-01-01T12:21:00Z,S026
T002593,C04890,P0860,2,245.34,2024-01-03T01:51:00Z,S045
T002594,C04092,P0081,4,35.28,2024-01-02T02:37:00Z,S026
T002595,C02344,P0261,1,130.95,2024-01-03T03:40:00Z,S016
T002596,C00165,P0445,2,157.04,2024-01-02T06:18:00Z,S002
T002597,C00709,P0207,3,467.88,2024-01-01T14:13:00Z,S012
T002598,C04757,P0626,5,440.1,2024-01-03T11:59:00Z,S024
T002599,C03906,P0954,1,130.13,2024-01-02T00:56:00Z,S012
T002600,C03602,P0095,4,324.92,2024-01-02T14:31:00Z,S028
T002601,C01582,P0868,3,327.24,2024-01-03T01:44:00Z,S011
T002602,C03715,P0659,1,51.1,2024-01-02T00:13:00Z,S012
T002603,C01844,P0952,4,394.0,2024-01-02T07:01:00Z,S037
T002604,C01003,P0376,2,339.8,2024-01-03T08:50:00Z,S028
T002605,C02494,P0495,4,138.28,2024-01-01T18:41:00Z,S025
T002606,C01968,P0159,4,638.28,2024-01-01T10:54:00Z,S019
T002607,C04376,P0561,4,97.36,2024-01-02T06:49:00Z,S042
T002608,C02183,P0050,3,499.74,2024-01-02T07:40:00Z,S037
T002609,C03831,P0497,5,261.65,2024-01-03T01:59:00Z,S045
T002610,C03619,P0712,3,489.21,2024-01-02T01:39:00Z,S002
T002611,C03339,P0556,5,324.6,2024-01-03T02:57:00Z,S023
T002612,C01087,P0790,3,317.28,2024-01-01T10:28:00Z,S044
T002613,C01669,P0842,2,198.72,2024-01-01T11:15:00Z,S014
T002614,C04434,P0299,3,149.1,2024-01-01T16:41:00Z,S001
T002615,C03024,P0894,3,396.42,2024-01-03T20:19:00Z,S016
T002616,C01320,P0410,1,126.64,2024-01-03T06:44:00Z,S020
T002617,C01978,P0206,2,395.1,2024-01-01T18:39:00Z,S001
T002618,C04987,P0195,3,413.34,2024-01-01T15:23:00Z,S012
T002619,C01828,P0738,2,310.24,2024-01-01T12:08:00Z,S008
T002620,C01919,P0396,4,486.96,2024-01-02T10:44:00Z,S008
T002621,C01604,P0571,5,399.5,2024-01-03T06:41:00Z,S034
T002622,C03347,P0089,4,511.92,2024-01-01T18:56:00Z,S041
T002623,C02708,P0190,5,209.1,2024-01-01T18:29:00Z,S035
T002624,C04294,P0098,4,349.24,2024-01-02T05:08:00Z,S045
T002625,C01987,P0241,1,121.12,2024-01-02T22:11:00Z,S010
T002626,C02057,P0874,1,11.85,2024-01-03T02:51:00Z,S022
T002627,C03956,P0756,4,202.36,2024-01-02T03:06:00Z,S017
T002628,C02513,P0808,4,278.12,2024-01-03T01:20:00Z,S020
T002629,C04714,P0728,1,155.92,2024-01-02T04:18:00Z,S034
T002630,C01774,P0250,4,602.16,2024-01-02T09:01:00Z,S011
T002631,C00989,P0022,3,390.42,2024-01-01T09:46:00Z,S015
T002632,C02315,P0688,2,59.06,2024-01-03T02:23:00Z,S021
T002633,C02806,P0629,3,134.04,2024-01-02T08:12:00Z,S029
T002634,C04422,P0013,2,62.34,2024-01-01T12:39:00Z,S044
T002635,C04403,P0816,5,891.45,2024-01-03T16:08:00Z,S004
T002636,C04765,P0467,2,134.64,2024-01-02T06:39:00Z,S048
T002637,C03237,P0700,3,595.44,2024-01-01T21:55:00Z,S027
T002638,C01744,P0020,4,691.32,2024-01-01T12:47:00Z,S046
T002639,C00126,P0404,5,923.95,2024-01-03T09:10:00Z,S013
T002640,C00791,P0502,4,214.88,2024-01-03T16:13:00Z,S001
T002641,C03067,P0431,3,513.0,2024-01-03T16:42:00Z,S026
T002642,C04415,P0027,1,148.24,2024-01-02T01:40:00Z,S026
T002643,C00590,P0311,5,739.65,2024-01-03T19:21:00Z,S039
T002644,C02541,P0289,1,7.38,2024-01-02T04:16:00Z,S032
T002645,C00759,P0866,1,77.04,2024-01-01T17:17:00Z,S028
T002646,C01850,P0116,5,161.9,2024-01-01T20:03:00Z,S044
T002647,C02771,P0916,4,310.4,2024-01-02T05:14:00Z,S018
T002648,C04000,P0882,2,296.62,2024-01-01T12:33:00Z,S009
T002649,C01785,P0266,2,63.26,2024-01-01T15:41:00Z,S020
T002650,C03735,P0310,4,639.84,2024-01-02T21:49:00Z,S050
T002651,C00085,P0690,4,514.6,2024-01-03T17:02:00Z,S050
T002652,C02419,P0128,5,375.15,2024-01-01T09:50:00Z,S035
T002653,C04349,P0569,2,331.02,2024-01-02T07:06:00Z,S023
T002654,C02441,P0030,5,798.95,2024-01-03T17:51:00Z,S016
T002655,C02486,P0759,1,52.17,2024-01-03T12:27:00Z,S031
T002656,C00298,P0135,3,235.74,2024-01-03T12:59:00Z,S003
T002657,C00121,P0767,1,15.79,2024-01-02T15:42:00Z,S048
T002658,C00549,P0331,1,123.61,2024-01-03T14:42:00Z,S015
T002659,C04432,P0427,2,74.98,2024-01-01T17:26:00Z,S033
T002660,C00631,P0813,3,551.73,2024-01-03T07:15:00Z,S016
T002661,C04211,P0331,3,370.83,2024-01-02T05:30:00Z,S035
T002662,C02349,P0508,3,231.24,2024-01-03T02:02:00Z,S006
T002663,C03279,P0845,2,308.42,2024-01-03T18:39:00Z,S001
T002664,C03308,P0415,3,284.94,2024-01-01T11:50:00Z,S014
T002665,C02777,P0181,2,127.44,2024-01-02T03:14:00Z,S045
T002666,C01569,P0040,4,255.96,2024-01-02T22:47:00Z,S014
T002667,C00402,P0254,3,598.29,2024-01-01T12:48:00Z,S022
T002668,C00165,P0389,2,42.8,2024-01-01T10:09:00Z,S019
T002669,C04142,P0195,4,551.12,2024-01-01T13:46:00Z,S036
T002670,C01235,P0461,3,444.03,2024-01-02T09:11:00Z,S023
T002671,C03951,P0856,4,219.64,2024-01-01T09:09:00Z,S022
T002672,C00827,P0737,5,461.0,2024-01-01T09:47:00Z,S043
T002673,C04418,P0626,1,88.02,2024-01-03T11:34:00Z,S014
T002674,C01828,P0682,4,157.52,2024-01-01T21:49:00Z,S023
T002675,C03556,P0140,4,717.4,2024-01-01T16:13:00Z,S046
T002676,C04373,P0986,2,279.54,2024-01-03T19:08:00Z,S040
T002677,C03750,P0991,5,492.7,2024-01-03T18:43:00Z,S043
T002678,C00513,P0767,1,15.79,2024-01-03T02:28:00Z,S037
T002679,C00759,P0847,1,19.45,2024-01-02T03:48:00Z,S020
T002680,C04000,P0834,2,177.8,2024-01-02T07:49:00Z,S017
T002681,C04017,P0335,1,77.78,2024-01-01T18:59:00Z,S035
T002682,C04168,P0291,1,157.36,2024-01-03T08:05:00Z,S025
T002683,C04393,P0265,4,590.88,2024-01-02T16:12:00Z,S017
T002684,C00987,P0578,5,618.0,2024-01-02T02:09:00Z,S009
T002685,C02523,P0644,1,95.02,2024-01-02T03:33:00Z,S023
T002686,C00249,P0224,5,564.1,2024-01-03T10:03:00Z,S027
T002687,C00826,P0494,3,116.34,2024-01-03T18:51:00Z,S025
T002688,C00848,P0335,1,77.78,2024-01-02T01:10:00Z,S007
T002689,C03104,P0058,3,343.29,2024-01-03T13:32:00Z,S014
T002690,C04226,P0110,4,281.12,2024-01-03T12:05:00Z,S003
T002691,C01163,P0389,4,85.6,2024-01-02T13:52:00Z,S020
T002692,C02797,P0400,2,184.32,2024-01-03T18:18:00Z,S043
T002693,C02064,P0023,2,304.36,2024-01-03T20:50:00Z,S042
T002694,C04642,P0981,4,210.72,2024-01-02T10:49:00Z,S041
T002695,C02439,P0678,5,722.1,2024-01-02T07:10:00Z,S008
T002696,C04934,P0571,5,399.5,2024-01-01T20:46:00Z,S003
T002697,C01179,P0516,1,184.37,2024-01-02T18:18:00Z,S036
T002698,C03983,P0161,5,612.55,2024-01-03T08:58:00Z,S012
T002699,C02529,P0536,5,97.25,2024-01-02T09:55:00Z,S006
T002700,C00814,P0360,5,699.3,2024-01-03T02:09:00Z,S010
T002701,C04523,P0450,3,157.8,2024-01-03T16:05:00Z,S017
T002702,C01541,P0552,1,170.13,2024-01-02T09:11:00Z,S026
T002703,C01968,P0375,5,649.75,2024-01-01T10:22:00Z,S001
T002704,C00163,P0366,3,439.26,2024-01-02T10:53:00Z,S003
T002705,C02379,P0191,3,175.35,2024-01-01T14:35:00Z,S047
T002706,C01249,P0704,2,86.98,2024-01-02T06:35:00Z,S005
T002707,C01809,P0263,1,64.07,2024-01-03T11:57:00Z,S021
T002708,C01575,P0677,4,440.32,2024-01-03T00:03:00Z,S025
T002709,C04566,P0826,4,267.84,2024-01-02T17:58:00Z,S033
T002710,C02465,P0588,2,325.12,2024-01-02T14:04:00Z,S046
T002711,C03262,P0024,5,706.2,2024-01-02T23:33:00Z,S015
T002712,C02456,P0855,3,365.34,2024-01-01T12:54:00Z,S004
T002713,C03007,P0690,5,643.25,2024-01-03T18:59:00Z,S015
T002714,C04094,P0096,4,132.88,2024-01-01T20:30:00Z,S029
T002715,C01837,P0205,4,529.56,2024-01-03T16:00:00Z,S044
T002716,C00414,P0986,1,139.77,2024-01-02T19:53:00Z,S040
T002717,C02275,P0802,3,17.16,2024-01-02T01:16:00Z,S017
T002718,C01760,P0237,5,768.55,2024-01-02T05:17:00Z,S007
T002719,C01892,P0798,1,38.54,2024-01-01T20:13:00Z,S034
T002720,C01758,P0122,4,734.96,2024-01-03T17:40:00Z,S014
T002721,C04404,P0139,4,777.6,2024-01-02T04:38:00Z,S011
T002722,C02915,P0408,5,709.0,2024-01-02T05:05:00Z,S008
T002723,C04081,P0792,3,66.75,2024-01-02T21:48:00Z,S032
T002724,C04389,P0792,4,89.0,2024-01-02T21:09:00Z,S001
T002725,C01728,P0972,1,187.48,2024-01-01T21:18:00Z,S021
T002726,C00457,P0716,1,158.35,2024-01-01T13:55:00Z,S013
T002727,C00548,P0887,2,110.64,2024-01-01T14:53:00Z,S036
T002728,C03904,P0131,3,121.2,2024-01-03T01:27:00Z,S027
T002729,C00493,P0398,4,237.36,2024-01-03T16:35:00Z,S020
T002730,C00479,P0760,3,67.47,2024-01-01T15:46:00Z,S035
T002731,C04056,P0455,4,374.24,2024-01-02T23:03:00Z,S021
T002732,C03394,P0447,2,199.2,2024-01-03T04:52:00Z,S041
T002733,C04859,P0358,5,79.8,2024-01-02T00:06:00Z,S048
T002734,C03063,P0316,3,159.36,2024-01-03T16:56:00Z,S006
T002735,C02468,P0512,4,286.68,2024-01-01T20:51:00Z,S013
T002736,C04708,P0916,2,155.2,2024-01-03T08:44:00Z,S022
T002737,C03820,P0794,3,546.36,2024-01-03T06:16:00Z,S048
T002738,C01297,P0640,1,117.24,2024-01-01T17:17:00Z,S006
T002739,C02519,P0987,1,85.62,2024-01-02T07:33:00Z,S005
T002740,C02210,P0004,2,164.74,2024-01-01T15:00:00Z,S042
T002741,C02977,P0185,1,174.8,2024-01-03T14:14:00Z,S037
T002742,C02739,P0910,3,84.63,2024-01-02T00:25:00Z,S001
T002743,C04969,P0690,4,514.6,2024-01-02T09:58:00Z,S004
T002744,C04493,P0990,5,255.95,2024-01-02T21:40:00Z,S030
T002745,C04334,P0678,5,722.1,2024-01-02T13:29:00Z,S006
T002746,C02230,P0269,5,245.3,2024-01-03T12:28:00Z,S046
T002747,C02092,P0833,3,87.12,2024-01-02T22:10:00Z,S001
T002748,C02051,P0537,4,183.32,2024-01-01T09:37:00Z,S007
T002749,C03234,P0162,5,359.25,2024-01-03T19:07:00Z,S045
T002750,C03152,P0268,3,324.66,2024-01-02T19:23:00Z,S004
T002751,C01009,P0171,5,436.75,2024-01-02T01:08:00Z,S022
T002752,C00308,P0321,1,29.23,2024-01-03T07:11:00Z,S043
T002753,C00460,P0722,5,431.6,2024-01-03T18:27:00Z,S011
T002754,C04161,P0693,1,193.86,2024-01-02T07:20:00Z,S004
T002755,C00498,P0251,1,116.14,2024-01-02T01:28:00Z,S030
T002756,C00837,P0265,3,443.16,2024-01-03T13:54:00Z,S015
T002757,C04091,P0146,1,199.5,2024-01-02T05:20:00Z,S017
T002758,C04718,P0112,2,102.2,2024-01-02T05:42:00Z,S042
T002759,C04086,P0771,5,638.9,2024-01-03T05:20:00Z,S047
T002760,C04112,P0708,3,514.23,2024-01-01T15:02:00Z,S006
T002761,C02490,P0127,4,514.84,2024-01-03T05:27:00Z,S023
T002762,C01384,P0646,5,388.45,2024-01-03T04:20:00Z,S009
T002763,C01539,P0622,4,505.28,2024-01-01T19:56:00Z,S028
T002764,C00245,P0035,2,84.16,2024-01-03T16:39:00Z,S033
T002765,C00381,P0757,4,204.64,2024-01-03T13:19:00Z,S038
T002766,C01440,P0148,4,557.2,2024-01-03T05:01:00Z,S006
T002767,C00671,P0908,5,608.2,2024-01-02T06:18:00Z,S006
T002768,C02403,P0017,5,516.25,2024-01-02T10:13:00Z,S050
T002769,C04390,P0827,1,165.84,2024-01-03T13:09:00Z,S035
T002770,C01782,P0105,3,217.44,2024-01-03T12:33:00Z,S018
T002771,C02737,P0447,3,298.8,2024-01-02T12:57:00Z,S005
T002772,C04994,P0553,2,369.94,2024-01-03T12:48:00Z,S037
T002773,C04849,P0255,3,337.65,2024-01-02T10:26:00Z,S047
T002774,C01678,P0385,1,6.74,2024-01-03T15:11:00Z,S033
T002775,C01318,P0768,2,192.5,2024-01-02T04:40:00Z,S002
T002776,C04624,P0609,3,598.38,2024-01-02T02:46:00Z,S036
T002777,C04997,P0670,2,229.54,2024-01-02T13:22:00Z,S035
T002778,C03666,P0445,5,392.6,2024-01-02T03:52:00Z,S040
T002779,C04907,P0773,3,47.85,2024-01-03T06:19:00Z,S003
T002780,C04505,P0279,1,19.08,2024-01-01T15:52:00Z,S010
T002781,C01868,P0303,3,255.63,2024-01-01T18:40:00Z,S047
T002782,C02561,P0381,2,192.4,2024-01-03T20:40:00Z,S019
T002783,C04804,P0788,5,993.45,2024-01-03T12:55:00Z,S021
T002784,C02904,P0039,4,497.16,2024-01-03T01:06:00Z,S028
T002785,C01305,P0057,1,139.83,2024-01-02T01:43:00Z,S014
T002786,C00585,P0132,1,181.42,2024-01-02T14:02:00Z,S020
T002787,C04179,P0172,3,100.32,2024-01-03T12:06:00Z,S001
T002788,C00036,P0737,3,276.6,2024-01-02T01:52:00Z,S013
T002789,C04178,P0248,3,291.12,2024-01-02T19:46:00Z,S048
T002790,C04973,P0876,4,552.72,2024-01-02T22:25:00Z,S040
T002791,C04234,P0821,2,17.24,2024-01-02T00:07:00Z,S001
T002792,C02100,P0611,4,67.36,2024-01-02T11:36:00Z,S050
T002793,C04889,P0119,1,31.96,2024-01-03T07:04:00Z,S049
T002794,C00063,P0086,4,319.04,2024-01-02T00:24:00Z,S025
T002795,C00452,P0916,5,388.0,2024-01-02T20:44:00Z,S034
T002796,C02566,P0953,3,382.38,2024-01-02T23:56:00Z,S008
T002797,C01182,P0129,3,560.97,2024-01-03T02:42:00Z,S018
T002798,C01863,P0961,1,80.3,2024-01-01T09:51:00Z,S012
T002799,C04899,P0033,2,122.08,2024-01-03T02:38:00Z,S017
T002800,C00607,P0188,2,204.48,2024-01-02T10:04:00Z,S037
T002801,C00462,P0095,2,162.46,2024-01-03T02:29:00Z,S027
T002802,C03837,P0897,3,216.87,2024-01-03T13:26:00Z,S023
T002803,C00685,P0624,5,880.1,2024-01-01T22:14:00Z,S047
T002804,C03091,P0695,5,584.05,2024-01-03T03:07:00Z,S001
T002805,C00525,P0276,5,241.8,2024-01-02T11:08:00Z,S024
T002806,C02348,P0459,1,133.75,2024-01-01T10:24:00Z,S029
T002807,C04781,P0052,2,187.44,2024-01-02T05:45:00Z,S031
T002808,C01335,P0507,1,84.67,2024-01-03T09:54:00Z,S049
T002809,C00493,P0200,5,215.2,2024-01-01T20:28:00Z,S017
T002810,C03298,P0805,5,301.25,2024-01-03T12:19:00Z,S039
T002811,C01664,P0605,4,76.24,2024-01-03T12:58:00Z,S015
T002812,C00580,P0928,5,563.6,2024-01-01T22:45:00Z,S018
T002813,C03239,P0550,2,52.5,2024-01-02T17:31:00Z,S046
T002814,C04366,P0704,3,130.47,2024-01-01T20:10:00Z,S021
T002815,C04112,P0010,2,186.04,2024-01-03T00:57:00Z,S017
T002816,C02028,P0860,2,245.34,2024-01-03T11:42:00Z,S019
T002817,C00712,P0036,3,324.99,2024-01-01T10:53:00Z,S006
T002818,C00853,P0108,3,550.95,2024-01-02T23:50:00Z,S046
T002819,C01957,P0231,3,117.12,2024-01-03T14:06:00Z,S007
T002820,C00299,P0809,3,311.19,2024-01-03T00:46:00Z,S027
T002821,C02311,P0391,4,252.12,2024-01-01T22:47:00Z,S039
T002822,C01867,P0266,1,31.63,2024-01-03T11:34:00Z,S020
T002823,C04671,P0921,5,386.25,2024-01-02T20:17:00Z,S005
T002824,C00139,P0402,3,444.03,2024-01-03T02:15:00Z,S015
T002825,C02792,P0607,3,234.84,2024-01-03T09:03:00Z,S014
T002826,C00732,P0906,1,92.39,2024-01-01T15:40:00Z,S006
T002827,C01540,P0438,5,931.25,2024-01-03T00:49:00Z,S034
T002828,C03678,P0298,2,386.38,2024-01-02T15:47:00Z,S011
T002829,C00132,P0169,3,479.22,2024-01-02T18:56:00Z,S003
T002830,C00928,P0870,3,494.28,2024-01-01T13:15:00Z,S050
T002831,C03620,P0272,2,300.6,2024-01-03T12:47:00Z,S017
T002832,C02411,P0107,5,359.95,2024-01-02T09:26:00Z,S003
T002833,C03763,P0268,5,541.1,2024-01-01T11:04:00Z,S032
T002834,C01280,P0553,3,554.91,2024-01-01T22:34:00Z,S022
T002835,C04919,P0947,3,598.38,2024-01-01T20:19:00Z,S042
T002836,C02823,P0542,3,572.49,2024-01-01T11:52:00Z,S003
T002837,C04292,P0928,2,225.44,2024-01-02T01:10:00Z,S048
T002838,C01672,P0849,1,165.19,2024-01-03T06:38:00Z,S021
T002839,C01479,P0502,2,107.44,2024-01-01T17:27:00Z,S017
T002840,C04604,P0652,1,7.65,2024-01-03T03:36:00Z,S040
T002841,C02272,P0748,2,326.64,2024-01-03T17:24:00Z,S001
T002842,C03055,P0438,4,745.0,2024-01-02T17:21:00Z,S029
T002843,C04801,P0335,4,311.12,2024-01-03T00:47:00Z,S004
T002844,C02870,P0477,1,114.11,2024-01-03T20:57:00Z,S022
T002845,C03419,P0659,5,255.5,2024-01-01T16:58:00Z,S048
T002846,C02359,P0737,4,368.8,2024-01-02T06:31:00Z,S003
T002847,C04166,P0475,5,716.85,2024-01-02T08:21:00Z,S002
T002848,C02909,P0879,2,245.26,2024-01-03T20:31:00Z,S021
T002849,C03343,P0209,2,21.24,2024-01-02T09:51:00Z,S024
T002850,C02589,P0830,3,192.42,2024-01-02T06:08:00Z,S018
T002851,C01071,P0694,5,447.85,2024-01-01T20:11:00Z,S039
T002852,C04677,P0736,1,84.19,2024-01-02T12:03:00Z,S031
T002853,C00206,P0237,2,307.42,2024-01-02T13:34:00Z,S048
T002854,C02598,P0588,2,325.12,2024-01-02T22:44:00Z,S039
T002855,C03432,P0479,4,753.96,2024-01-03T03:31:00Z,S031
T002856,C01841,P0215,5,227.65,2024-01-03T11:26:00Z,S035
T002857,C04585,P0793,1,119.51,2024-01-02T15:48:00Z,S008
T002858,C01227,P0776,5,583.8,2024-01-03T19:02:00Z,S037
T002859,C04591,P0954,4,520.52,2024-01-03T07:21:00Z,S041
T002860,C02083,P0369,1,164.14,2024-01-02T03:01:00Z,S041
T002861,C03163,P0155,4,736.76,2024-01-02T17:04:00Z,S016
T002862,C04770,P0730,4,620.52,2024-01-02T10:16:00Z,S030
T002863,C02693,P0443,2,43.72,2024-01-01T20:12:00Z,S029
T002864,C04101,P0849,5,825.95,2024-01-02T03:50:00Z,S019
T002865,C02749,P0280,4,292.2,2024-01-03T06:32:00Z,S040
T002866,C00009,P0704,1,43.49,2024-01-01T16:37:00Z,S038
T002867,C03453,P0825,1,40.42,2024-01-03T17:20:00Z,S021
T002868,C04314,P0979,4,561.32,2024-01-02T08:50:00Z,S005
T002869,C04105,P0838,5,462.4,2024-01-03T07:21:00Z,S036
T002870,C01792,P0477,2,228.22,2024-01-02T04:37:00Z,S014
T002871,C01929,P0039,1,124.29,2024-01-03T19:15:00Z,S034
T002872,C00174,P0025,2,256.42,2024-01-02T14:32:00Z,S018
T002873,C00989,P0175,2,349.44,2024-01-03T06:31:00Z,S016
T002874,C03840,P0949,2,33.28,2024-01-03T07:55:00Z,S015
T002875,C01195,P0516,5,921.85,2024-01-03T15:59:00Z,S036
T002876,C00038,P0966,5,371.9,2024-01-02T06:33:00Z,S016
T002877,C02691,P0336,1,120.6,2024-01-02T18:39:00Z,S010
T002878,C01383,P0687,5,222.0,2024-01-01T15:14:00Z,S031
T002879,C04073,P0221,1,146.3,2024-01-03T04:55:00Z,S019
T002880,C02213,P0836,2,237.44,2024-01-02T12:58:00Z,S039
T002881,C01950,P0250,1,150.54,2024-01-02T17:17:00Z,S047
T002882,C03362,P0964,4,334.28,2024-01-02T14:18:00Z,S043
T002883,C03636,P0993,4,432.88,2024-01-03T20:33:00Z,S041
T002884,C00653,P0837,5,973.6,2024-01-03T16:07:00Z,S038
T002885,C02361,P0782,3,263.61,2024-01-02T02:34:00Z,S014
T002886,C04620,P0999,1,193.94,2024-01-02T14:03:00Z,S034
T002887,C01539,P0513,5,311.55,2024-01-02T00:35:00Z,S032
T002888,C03195,P0822,1,27.12,2024-01-03T13:36:00Z,S011
T002889,C04178,P0716,2,316.7,2024-01-01T16:51:00Z,S013
T002890,C02237,P0700,4,793.92,2024-01-02T08:27:00Z,S014
T002891,C01629,P0097,3,453.78,2024-01-03T00:16:00Z,S005
T002892,C02480,P0818,4,576.88,2024-01-01T19:28:00Z,S032
T002893,C03313,P0137,2,158.72,2024-01-03T06:54:00Z,S026
T002894,C02361,P0449,2,72.9,2024-01-03T10:25:00Z,S033
T002895,C04941,P0328,4,588.64,2024-01-01T11:14:00Z,S030
T002896,C01855,P0886,4,470.0,2024-01-01T21:44:00Z,S020
T002897,C04816,P0625,2,323.16,2024-01-03T17:34:00Z,S006
T002898,C04948,P0594,3,28.98,2024-01-02T02:46:00Z,S042
T002899,C04247,P0182,1,14.87,2024-01-02T06:45:00Z,S028
T002900,C02575,P0916,1,77.6,2024-01-03T19:34:00Z,S031
T002901,C02865,P0414,4,72.36,2024-01-01T22:57:00Z,S045
T002902,C01128,P0195,1,137.78,2024-01-03T15:55:00Z,S018
T002903,C00504,P0328,3,441.48,2024-01-03T10:48:00Z,S027
T002904,C01493,P0431,2,342.0,2024-01-01T10:25:00Z,S043
T002905,C03380,P0036,3,324.99,2024-01-01T13:31:00Z,S033
T002906,C00388,P0282,2,141.4,2024-01-01T19:50:00Z,S008
T002907,C04517,P0526,4,399.6,2024-01-03T05:01:00Z,S005
T002908,C02083,P0930,2,49.34,2024-01-01T11:52:00Z,S004
T002909,C04768,P0045,4,462.64,2024-01-03T16:40:00Z,S028
T002910,C01242,P0267,2,90.6,2024-01-02T03:47:00Z,S045
T002911,C04510,P0129,5,934.95,2024-01-02T07:45:00Z,S009
T002912,C04777,P0814,2,350.7,2024-01-02T17:00:00Z,S010
T002913,C02275,P0517,1,108.55,2024-01-02T10:24:00Z,S048
T002914,C02011,P0948,5,59.6,2024-01-01T22:24:00Z,S011
T002915,C01477,P0814,5,876.75,2024-01-02T13:33:00Z,S036
T002916,C01420,P0851,1,159.48,2024-01-02T13:32:00Z,S046
T002917,C00185,P0701,4,321.4,2024-01-01T18:41:00Z,S004
T002918,C00442,P0198,3,291.48,2024-01-02T11:49:00Z,S002
T002919,C03220,P0990,1,51.19,2024-01-02T17:01:00Z,S040
T002920,C04680,P0104,5,833.3,2024-01-03T01:02:00Z,S037
T002921,C03020,P0175,2,349.44,2024-01-03T08:29:00Z,S011
T002922,C00463,P0903,4,771.24,2024-01-01T17:06:00Z,S022
T002923,C00810,P0662,3,368.91,2024-01-03T13:56:00Z,S024
T002924,C01622,P0886,5,587.5,2024-01-02T15:05:00Z,S043
T002925,C03758,P0398,5,296.7,2024-01-03T15:42:00Z,S045
T002926,C04154,P0783,3,413.97,2024-01-02T02:25:00Z,S011
T002927,C01878,P0522,2,241.8,2024-01-02T10:35:00Z,S040
T002928,C02272,P0961,2,160.6,2024-01-01T21:26:00Z,S038
T002929,C03425,P0272,1,150.3,2024-01-02T23:54:00Z,S032
T002930,C02799,P0998,2,240.9,2024-01-01T20:28:00Z,S011
T002931,C04887,P0163,2,124.2,2024-01-02T14:10:00Z,S036
T002932,C04691,P0249,3,587.85,2024-01-03T03:41:00Z,S043
T002933,C03305,P0437,4,721.8,2024-01-03T18:12:00Z,S049
T002934,C00294,P0389,2,42.8,2024-01-03T02:48:00Z,S047
T002935,C03706,P0285,4,126.16,2024-01-03T15:48:00Z,S008
T002936,C00227,P0056,1,143.51,2024-01-01T11:57:00Z,S044
T002937,C00959,P0716,4,633.4,2024-01-01T16:31:00Z,S006
T002938,C00159,P0926,5,387.3,2024-01-02T18:51:00Z,S006
T002939,C04334,P0975,5,368.4,2024-01-02T21:23:00Z,S001
T002940,C01034,P0997,4,705.0,2024-01-03T17:09:00Z,S011
T002941,C04879,P0947,3,598.38,2024-01-02T19:55:00Z,S007
T002942,C04458,P0271,4,326.72,2024-01-02T19:42:00Z,S018
T002943,C03459,P0023,2,304.36,2024-01-03T07:57:00Z,S023
T002944,C02254,P0542,5,954.15,2024-01-02T04:54:00Z,S005
T002945,C04722,P0849,3,495.57,2024-01-03T01:21:00Z,S016
T002946,C00006,P0281,4,420.76,2024-01-02T07:20:00Z,S015
T002947,C04841,P0482,2,108.6,2024-01-03T06:49:00Z,S010
T002948,C04929,P0130,3,543.93,2024-01-03T01:14:00Z,S014
T002949,C04316,P0590,2,123.94,2024-01-01T22:43:00Z,S032
T002950,C01102,P0753,4,29.12,2024-01-03T14:26:00Z,S011
T002951,C03924,P0204,5,530.45,2024-01-02T17:52:00Z,S021
T002952,C02528,P0140,3,538.05,2024-01-01T14:38:00Z,S005
T002953,C04119,P0828,5,942.0,2024-01-03T03:04:00Z,S044
T002954,C02202,P0258,1,166.85,2024-01-02T08:15:00Z,S045
T002955,C04275,P0002,5,760.45,2024-01-01T14:06:00Z,S022
T002956,C02394,P0068,2,83.22,2024-01-01T12:54:00Z,S034
T002957,C04578,P0300,5,316.15,2024-01-03T16:00:00Z,S009
T002958,C01586,P0693,4,775.44,2024-01-02T12:38:00Z,S041
T002959,C01354,P0382,2,49.2,2024-01-01T12:13:00Z,S045
T002960,C02368,P0040,3,191.97,2024-01-03T08:07:00Z,S001
T002961,C01701,P0012,2,22.46,2024-01-02T14:04:00Z,S021
T002962,C01524,P0464,1,67.39,2024-01-02T23:55:00Z,S003
T002963,C01792,P0928,4,450.88,2024-01-02T11:04:00Z,S037
T002964,C01732,P0868,5,545.4,2024-01-03T08:42:00Z,S003
T002965,C04502,P0412,4,753.08,2024-01-01T09:20:00Z,S035
T002966,C01824,P0217,4,257.6,2024-01-02T01:21:00Z,S043
T002967,C01819,P0451,5,460.6,2024-01-01T22:38:00Z,S001
T002968,C00703,P0977,2,165.4,2024-01-02T18:36:00Z,S046
T002969,C00480,P0858,3,575.25,2024-01-03T03:39:00Z,S002
T002970,C00409,P0500,1,56.48,2024-01-03T20:55:00Z,S024
T002971,C04500,P0563,3,346.56,2024-01-02T18:22:00Z,S047
T002972,C00818,P0971,4,231.48,2024-01-02T03:02:00Z,S014
T002973,C02356,P0182,4,59.48,2024-01-01T14:26:00Z,S040
T002974,C02788,P0627,1,191.28,2024-01-03T04:26:00Z,S002
T002975,C00323,P0300,4,252.92,2024-01-02T10:48:00Z,S033
T002976,C04429,P0066,5,416.5,2024-01-03T06:35:00Z,S006
T002977,C02010,P0767,2,31.58,2024-01-02T14:04:00Z,S015
T002978,C01830,P0024,1,141.24,2024-01-03T07:09:00Z,S004
T002979,C03332,P0600,3,160.17,2024-01-03T03:09:00Z,S009
T002980,C02720,P0687,2,88.8,2024-01-03T18:07:00Z,S047
T002981,C01465,P0723,3,445.02,2024-01-02T16:26:00Z,S050
T002982,C03098,P0226,2,80.02,2024-01-01T21:03:00Z,S014
T002983,C02023,P0260,3,409.62,2024-01-02T21:44:00Z,S025
T002984,C04894,P0760,4,89.96,2024-01-03T14:12:00Z,S004
T002985,C02091,P0627,1,191.28,2024-01-02T02:36:00Z,S011
T002986,C04768,P0126,1,153.13,2024-01-03T00:43:00Z,S025
T002987,C03311,P0806,1,41.57,2024-01-02T06:16:00Z,S008
T002988,C01907,P0101,5,930.5,2024-01-01T17:48:00Z,S036
T002989,C02412,P0575,1,69.27,2024-01-02T16:51:00Z,S042
T002990,C01233,P0337,4,26.16,2024-01-03T11:51:00Z,S038
T002991,C03078,P0546,5,455.6,2024-01-03T14:56:00Z,S012
T002992,C04500,P0029,1,146.41,2024-01-01T18:32:00Z,S024
T002993,C02814,P0273,3,335.22,2024-01-02T15:17:00Z,S034
T002994,C00957,P0084,3,599.58,2024-01-02T19:56:00Z,S050
T002995,C00732,P0891,1,159.15,2024-01-01T19:06:00Z,S048
T002996,C00275,P0611,3,50.52,2024-01-01T15:04:00Z,S024
T002997,C04051,P0090,1,28.75,2024-01-02T19:48:00Z,S002
T002998,C04059,P0542,3,572.49,2024-01-02T08:15:00Z,S010
T002999,C04810,P0027,2,296.48,2024-01-01T13:30:00Z,S014
T003000,C03791,P0994,2,69.78,2024-01-02T01:38:00Z,S025
T003001,C03525,P0732,5,533.05,2024-01-01T21:05:00Z,S023
T003002,C03711,P0122,5,918.7,2024-01-02T08:00:00Z,S022
T003003,C01989,P0217,1,64.4,2024-01-03T12:35:00Z,S022
T003004,C02269,P0197,4,180.8,2024-01-01T20:11:00Z,S047
T003005,C04206,P0865,1,98.18,2024-01-02T03:41:00Z,S012
T003006,C03136,P0082,1,169.24,2024-01-03T15:54:00Z,S047
T003007,C00641,P0627,4,765.12,2024-01-02T15:07:00Z,S046
T003008,C01517,P0281,1,105.19,2024-01-03T01:47:00Z,S043
T003009,C03953,P0518,3,206.58,2024-01-02T00:18:00Z,S012
T003010,C01919,P0212,1,69.25,2024-01-02T13:32:00Z,S004
T003011,C02140,P0113,4,227.52,2024-01-02T12:11:00Z,S050
T003012,C04249,P0657,2,218.34,2024-01-02T19:55:00Z,S044
T003013,C00629,P0706,3,256.29,2024-01-02T06:40:00Z,S024
T003014,C03178,P0232,4,184.92,2024-01-02T06:52:00Z,S014
T003015,C03525,P0900,4,775.92,2024-01-03T02:20:00Z,S025
T003016,C01711,P0892,3,260.28,2024-01-01T17:03:00Z,S041
T003017,C03286,P0807,1,121.77,2024-01-03T07:13:00Z,S016
T003018,C04590,P0237,2,307.42,2024-01-01T23:10:00Z,S044
T003019,C03839,P0527,3,467.49,2024-01-03T02:24:00Z,S001
T003020,C04067,P0768,1,96.25,2024-01-01T22:33:00Z,S045
T003021,C03554,P0845,4,616.84,2024-01-02T09:11:00Z,S037
T003022,C04040,P0005,1,107.31,2024-01-01T21:03:00Z,S048
T003023,C04789,P0511,4,728.32,2024-01-02T09:43:00Z,S014
T003024,C00243,P0054,5,426.75,2024-01-02T07:10:00Z,S025
T003025,C02497,P0432,1,182.55,2024-01-01T20:42:00Z,S031
T003026,C04042,P0809,3,311.19,2024-01-03T09:30:00Z,S008
T003027,C02595,P0729,1,85.59,2024-01-03T08:40:00Z,S035
T003028,C00171,P0930,2,49.34,2024-01-03T17:56:00Z,S043
T003029,C03161,P0441,2,153.14,2024-01-02T00:46:00Z,S010
T003030,C00230,P0195,5,688.9,2024-01-01T11:13:00Z,S039
T003031,C04080,P0838,2,184.96,2024-01-01T15:16:00Z,S049
T003032,C02731,P0304,3,337.17,2024-01-02T10:42:00Z,S048
T003033,C00927,P0971,1,57.87,2024-01-03T04:53:00Z,S025
T003034,C03857,P0979,1,140.33,2024-01-01T15:25:00Z,S022
T003035,C00347,P0112,4,204.4,2024-01-01T15:19:00Z,S049
T003036,C03755,P0252,3,125.31,2024-01-03T09:59:00Z,S047
T003037,C01880,P0025,5,641.05,2024-01-02T11:25:00Z,S012
T003038,C00501,P0483,5,606.25,2024-01-03T07:35:00Z,S045
T003039,C00563,P0319,1,78.93,2024-01-02T08:41:00Z,S029
T003040,C04587,P0260,4,546.16,2024-01-02T01:08:00Z,S025
T003041,C02942,P0803,5,632.25,2024-01-01T19:10:00Z,S014
T003042,C00060,P0476,2,288.48,2024-01-02T16:28:00Z,S012
T003043,C00098,P0710,5,677.1,2024-01-03T13:38:00Z,S008
T003044,C00755,P0426,5,340.3,2024-01-02T08:05:00Z,S020
T003045,C04132,P0395,1,23.07,2024-01-03T05:30:00Z,S033
T003046,C00866,P0780,4,514.88,2024-01-01T21:02:00Z,S010
T003047,C01525,P0698,3,521.13,2024-01-02T17:22:00Z,S025
T003048,C00893,P0426,4,272.24,2024-01-01T12:40:00Z,S043
T003049,C04922,P0623,2,379.48,2024-01-02T23:45:00Z,S037
T003050,C03144,P0598,5,141.5,2024-01-03T18:28:00Z,S037
T003051,C02214,P0075,4,400.68,2024-01-01T15:10:00Z,S032
T003052,C03442,P0872,1,118.39,2024-01-02T01:05:00Z,S041
T003053,C03032,P0577,2,147.04,2024-01-01T15:33:00Z,S017
T003054,C01754,P0550,1,26.25,2024-01-03T12:59:00Z,S039
T003055,C00564,P0602,3,246.84,2024-01-01T18:30:00Z,S045
T003056,C00077,P0217,5,322.0,2024-01-03T06:34:00Z,S046
T003057,C01717,P0882,1,148.31,2024-01-03T09:58:00Z,S044
T003058,C02861,P0474,4,293.68,2024-01-01T16:42:00Z,S010
T003059,C00192,P0833,2,58.08,2024-01-02T21:36:00Z,S031
T003060,C00415,P0554,5,418.95,2024-01-03T09:29:00Z,S037
T003061,C04166,P0158,3,29.85,2024-01-01T21:34:00Z,S016
T003062,C02719,P0423,2,174.8,2024-01-03T02:15:00Z,S011
T003063,C02823,P0981,5,263.4,2024-01-02T20:28:00Z,S009
T003064,C02979,P0171,4,349.4,2024-01-02T20:01:00Z,S012
T003065,C00824,P0506,5,353.65,2024-01-01T20:54:00Z,S001
T003066,C01105,P0984,1,198.15,2024-01-03T16:15:00Z,S032
T003067,C00748,P0436,5,705.75,2024-01-01T20:01:00Z,S049
T003068,C02586,P0102,4,741.68,2024-01-02T01:33:00Z,S003
T003069,C02172,P0803,3,379.35,2024-01-01T10:28:00Z,S001
T003070,C01049,P0682,4,157.52,2024-01-02T03:24:00Z,S047
T003071,C02769,P0024,2,282.48,2024-01-01T20:40:00Z,S017
T003072,C03151,P0429,4,229.92,2024-01-03T13:11:00Z,S037
T003073,C00082,P0955,5,561.15,2024-01-03T16:15:00Z,S049
T003074,C01500,P0936,3,170.37,2024-01-03T15:57:00Z,S027
T003075,C03265,P0197,3,135.6,2024-01-02T19:32:00Z,S020
T003076,C03220,P0728,2,311.84,2024-01-01T21:20:00Z,S021
T003077,C02437,P0872,4,473.56,2024-01-02T04:27:00Z,S027
T003078,C00564,P0250,3,451.62,2024-01-02T10:32:00Z,S020
T003079,C03789,P0598,5,141.5,2024-01-02T10:38:00Z,S001
T003080,C01116,P0038,4,138.44,2024-01-02T21:49:00Z,S033
T003081,C03109,P0193,3,559.92,2024-01-01T09:15:00Z,S015
T003082,C03481,P0887,4,221.28,2024-01-01T11:11:00Z,S017
T003083,C04544,P0302,1,103.98,2024-01-02T14:32:00Z,S024
T003084,C01496,P0393,4,54.2,2024-01-01T18:08:00Z,S012
T003085,C04643,P0596,5,357.15,2024-01-03T04:58:00Z,S013
T003086,C00325,P0608,1,190.69,2024-01-02T03:43:00Z,S011
T003087,C01271,P0602,4,329.12,2024-01-03T03:11:00Z,S044
T003088,C03794,P0090,1,28.75,2024-01-01T17:47:00Z,S038
T003089,C02350,P0376,2,339.8,2024-01-03T20:20:00Z,S046
T003090,C03803,P0829,4,577.68,2024-01-03T08:42:00Z,S012
T003091,C02704,P0023,3,456.54,2024-01-01T14:00:00Z,S007
T003092,C00482,P0872,1,118.39,2024-01-03T13:33:00Z,S027
T003093,C04771,P0171,1,87.35,2024-01-02T01:16:00Z,S028
T003094,C04813,P0814,3,526.05,2024-01-02T20:44:00Z,S008
T003095,C04343,P0147,4,784.4,2024-01-03T12:45:00Z,S026
T003096,C01570,P0875,3,222.6,2024-01-01T09:17:00Z,S034
T003097,C00057,P0605,4,76.24,2024-01-01T14:35:00Z,S039
T003098,C03755,P0532,4,652.48,2024-01-02T15:57:00Z,S011
T003099,C03248,P0780,3,386.16,2024-01-03T03:49:00Z,S008
T003100,C02053,P0243,3,73.92,2024-01-02T06:52:00Z,S006
T003101,C04932,P0538,3,586.77,2024-01-02T22:10:00Z,S026
T003102,C00440,P0932,3,184.02,2024-01-02T21:22:00Z,S023
T003103,C00446,P0496,4,613.68,2024-01-01T17:57:00Z,S016
T003104,C01619,P0823,4,125.96,2024-01-02T11:32:00Z,S041
T003105,C03416,P0740,4,601.52,2024-01-02T03:41:00Z,S024
T003106,C03331,P0211,1,120.4,2024-01-03T07:22:00Z,S034
T003107,C04856,P0625,5,807.9,2024-01-02T23:57:00Z,S027
T003108,C02479,P0312,2,214.94,2024-01-03T02:45:00Z,S044
T003109,C00273,P0098,3,261.93,2024-01-03T08:23:00Z,S002
T003110,C04449,P0204,4,424.36,2024-01-03T07:11:00Z,S039
T003111,C01412,P0081,1,8.82,2024-01-01T22:52:00Z,S023
T003112,C03983,P0274,1,17.43,2024-01-03T09:23:00Z,S014
T003113,C02927,P0332,1,166.62,2024-01-03T01:21:00Z,S004
T003114,C02879,P0523,1,193.51,2024-01-01T20:08:00Z,S003
T003115,C00865,P0305,1,120.82,2024-01-01T20:16:00Z,S021
T003116,C03929,P0795,1,147.67,2024-01-02T14:29:00Z,S028
T003117,C01543,P0550,5,131.25,2024-01-02T01:40:00Z,S008
T003118,C00959,P0727,5,862.15,2024-01-03T12:20:00Z,S025
T003119,C04724,P0674,5,413.9,2024-01-03T16:27:00Z,S005
T003120,C01384,P0881,5,704.9,2024-01-03T06:41:00Z,S013
T003121,C02832,P0253,1,64.09,2024-01-01T18:53:00Z,S027
T003122,C04300,P0854,5,632.65,2024-01-01T16:52:00Z,S009
T003123,C01744,P0378,5,456.05,2024-01-02T18:51:00Z,S029
T003124,C01444,P0420,2,223.64,2024-01-02T10:57:00Z,S006
T003125,C04499,P0142,3,518.85,2024-01-02T23:40:00Z,S050
T003126,C01912,P0564,4,449.56,2024-01-03T04:29:00Z,S033
T003127,C02743,P0712,2,326.14,2024-01-01T15:12:00Z,S029
T003128,C01936,P0830,4,256.56,2024-01-03T17:38:00Z,S037
T003129,C00318,P0655,4,446.8,2024-01-03T05:11:00Z,S028
T003130,C04527,P0049,4,174.2,2024-01-01T09:59:00Z,S026
T003131,C00810,P0299,1,49.7,2024-01-03T06:53:00Z,S032
T003132,C00779,P0528,3,23.16,2024-01-01T13:14:00Z,S011
T003133,C03370,P0907,2,173.74,2024-01-02T18:06:00Z,S043
T003134,C02529,P0839,4,77.24,2024-01-03T02:28:00Z,S023
T003135,C00577,P0768,2,192.5,2024-01-03T09:07:00Z,S024
T003136,C01729,P0860,1,122.67,2024-01-03T01:27:00Z,S032
T003137,C02865,P0801,2,241.46,2024-01-02T20:03:00Z,S049
T003138,C04594,P0855,4,487.12,2024-01-03T06:21:00Z,S049
T003139,C02878,P0105,1,72.48,2024-01-03T05:46:00Z,S037
T003140,C03790,P0057,1,139.83,2024-01-02T14:57:00Z,S021
T003141,C01855,P0394,3,427.74,2024-01-03T05:51:00Z,S001
T003142,C01442,P0194,5,257.0,2024-01-02T18:19:00Z,S012
T003143,C03577,P0850,1,133.68,2024-01-03T13:49:00Z,S048
T003144,C03664,P0492,3,109.44,2024-01-02T16:57:00Z,S001
T003145,C02350,P0312,4,429.88,2024-01-03T05:48:00Z,S021
T003146,C02517,P0448,1,68.65,2024-01-03T19:24:00Z,S030
T003147,C04278,P0363,1,153.2,2024-01-01T21:05:00Z,S024
T003148,C03840,P0596,3,214.29,2024-01-03T15:19:00Z,S022
T003149,C01523,P0881,3,422.94,2024-01-01T10:06:00Z,S048
T003150,C02659,P0247,5,162.05,2024-01-03T07:10:00Z,S015
T003151,C00407,P0087,2,389.06,2024-01-01T21:16:00Z,S012
T003152,C00061,P0111,5,63.1,2024-01-03T01:40:00Z,S011
T003153,C03277,P0909,1,116.34,2024-01-03T16:21:00Z,S032
T003154,C02715,P0029,4,585.64,2024-01-01T20:16:00Z,S015
T003155,C02384,P0440,5,947.0,2024-01-02T09:01:00Z,S048
T003156,C04466,P0987,1,85.62,2024-01-02T05:06:00Z,S017
T003157,C04227,P0288,5,66.2,2024-01-03T15:14:00Z,S012
T003158,C00009,P0982,5,378.85,2024-01-02T21:09:00Z,S018
T003159,C03558,P0017,4,413.0,2024-01-02T09:57:00Z,S002
T003160,C02251,P0718,2,46.28,2024-01-01T09:25:00Z,S028
T003161,C03728,P0832,5,805.6,2024-01-03T05:13:00Z,S022
T003162,C04964,P0777,5,442.75,2024-01-02T00:56:00Z,S006
T003163,C01002,P0294,2,393.64,2024-01-03T18:12:00Z,S042
T003164,C01077,P0470,3,499.02,2024-01-01T19:45:00Z,S023
T003165,C00306,P0654,2,347.56,2024-01-03T05:41:00Z,S024
T003166,C01540,P0504,1,126.23,2024-01-02T19:23:00Z,S014
T003167,C00683,P0299,4,198.8,2024-01-02T03:11:00Z,S003
T003168,C01543,P0887,3,165.96,2024-01-02T11:52:00Z,S028
T003169,C00474,P0762,2,170.68,2024-01-01T16:20:00Z,S036
T003170,C01381,P0501,5,691.25,2024-01-02T16:52:00Z,S016
T003171,C04613,P0453,1,177.63,2024-01-01T16:07:00Z,S020
T003172,C03416,P0970,5,387.7,2024-01-02T02:08:00Z,S045
T003173,C02967,P0852,1,143.67,2024-01-03T08:46:00Z,S029
T003174,C01947,P0303,2,170.42,2024-01-03T02:42:00Z,S003
T003175,C01620,P0322,2,292.76,2024-01-03T06:19:00Z,S039
T003176,C02718,P0060,4,663.48,2024-01-02T10:26:00Z,S006
T003177,C01850,P0707,4,518.52,2024-01-03T20:28:00Z,S040
T003178,C04899,P0801,3,362.19,2024-01-02T13:29:00Z,S024
T003179,C04286,P0157,5,943.15,2024-01-03T18:56:00Z,S008
T003180,C03674,P0775,1,111.96,2024-01-02T03:49:00Z,S010
T003181,C04197,P0269,2,98.12,2024-01-03T12:48:00Z,S013
T003182,C03266,P0225,5,165.85,2024-01-03T03:31:00Z,S007
T003183,C04762,P0975,2,147.36,2024-01-03T01:49:00Z,S003
T003184,C04276,P0144,2,288.12,2024-01-03T19:33:00Z,S023
T003185,C04488,P0579,2,342.78,2024-01-03T13:49:00Z,S022
T003186,C02790,P0829,3,433.26,2024-01-03T00:01:00Z,S032
T003187,C03929,P0654,1,173.78,2024-01-03T20:47:00Z,S011
T003188,C02038,P0239,1,7.17,2024-01-03T01:22:00Z,S031
T003189,C00261,P0459,1,133.75,2024-01-01T10:14:00Z,S025
T003190,C03120,P0247,2,64.82,2024-01-02T11:20:00Z,S025
T003191,C01036,P0764,2,315.56,2024-01-02T21:13:00Z,S030
T003192,C01314,P0025,3,384.63,2024-01-02T10:19:00Z,S027
T003193,C03009,P0093,3,363.57,2024-01-03T10:10:00Z,S016
T003194,C00649,P0177,1,33.18,2024-01-01T20:03:00Z,S027
T003195,C04342,P0190,4,167.28,2024-01-02T06:47:00Z,S013
T003196,C02860,P0963,3,101.1,2024-01-03T07:35:00Z,S027
T003197,C01714,P0984,2,396.3,2024-01-02T13:33:00Z,S046
T003198,C04894,P0179,3,529.32,2024-01-03T05:56:00Z,S023
T003199,C03408,P0142,4,691.8,2024-01-01T16:58:00Z,S045
T003200,C02992,P0258,5,834.25,2024-01-03T19:11:00Z,S037
T003201,C03405,P0425,5,661.4,2024-01-01T16:08:00Z,S010
T003202,C00062,P0265,5,738.6,2024-01-02T19:30:00Z,S016
T003203,C01481,P0438,2,372.5,2024-01-02T23:41:00Z,S049
T003204,C02978,P0315,2,285.72,2024-01-03T20:51:00Z,S046
T003205,C00596,P0481,4,327.88,2024-01-01T23:19:00Z,S040
T003206,C02346,P0841,5,286.0,2024-01-02T03:15:00Z,S024
T003207,C03372,P0955,5,561.15,2024-01-02T05:15:00Z,S025
T003208,C01172,P0208,4,98.2,2024-01-02T16:12:00Z,S023
T003209,C02520,P0900,2,387.96,2024-01-03T06:32:00Z,S049
T003210,C00107,P0879,1,122.63,2024-01-02T01:32:00Z,S044
T003211,C04906,P0914,2,120.42,2024-01-01T17:03:00Z,S023
T003212,C01790,P0927,1,10.6,2024-01-03T03:59:00Z,S007
T003213,C02714,P0753,5,36.4,2024-01-02T06:00:00Z,S005
T003214,C01647,P0240,5,489.5,2024-01-02T09:28:00Z,S009
T003215,C04317,P0724,3,81.15,2024-01-01T17:50:00Z,S008
T003216,C04885,P0932,4,245.36,2024-01-03T15:48:00Z,S040
T003217,C03711,P0609,1,199.46,2024-01-03T01:33:00Z,S010
T003218,C01612,P0786,5,254.45,2024-01-02T23:19:00Z,S015
T003219,C03601,P0015,1,129.77,2024-01-03T00:01:00Z,S049
T003220,C01882,P0699,4,514.28,2024-01-03T09:22:00Z,S047
T003221,C03101,P0720,2,312.78,2024-01-02T11:23:00Z,S029
T003222,C02367,P0445,1,78.52,2024-01-01T12:17:00Z,S010
T003223,C03898,P0280,4,292.2,2024-01-02T10:36:00Z,S015
T003224,C01552,P0689,2,211.94,2024-01-03T20:16:00Z,S038
T003225,C00388,P0303,5,426.05,2024-01-01T16:35:00Z,S030
T003226,C04546,P0466,5,795.9,2024-01-01T23:37:00Z,S019
T003227,C01640,P0898,2,197.84,2024-01-02T02:38:00Z,S023
T003228,C00574,P0431,5,855.0,2024-01-03T07:41:00Z,S025
T003229,C04448,P0311,2,295.86,2024-01-01T20:11:00Z,S023
T003230,C03610,P0459,5,668.75,2024-01-03T15:16:00Z,S044
T003231,C03531,P0307,5,504.05,2024-01-03T15:20:00Z,S049
T003232,C00281,P0824,3,361.68,2024-01-01T21:56:00Z,S044
T003233,C04714,P0545,4,486.52,2024-01-03T17:58:00Z,S034
T003234,C01291,P0625,1,161.58,2024-01-01T17:20:00Z,S044
T003235,C00527,P0911,4,400.76,2024-01-03T08:50:00Z,S046
T003236,C01115,P0756,4,202.36,2024-01-02T10:08:00Z,S021
T003237,C04216,P0581,1,126.56,2024-01-01T10:18:00Z,S046
T003238,C03958,P0967,5,488.05,2024-01-03T07:10:00Z,S025
T003239,C04506,P0584,4,43.4,2024-01-03T05:35:00Z,S013
T003240,C01720,P0807,1,121.77,2024-01-02T02:39:00Z,S013
T003241,C00670,P0197,4,180.8,2024-01-03T19:29:00Z,S042
T003242,C02032,P0305,4,483.28,2024-01-02T08:36:00Z,S022
T003243,C03947,P0698,4,694.84,2024-01-03T01:20:00Z,S030
T003244,C01161,P0538,1,195.59,2024-01-02T21:22:00Z,S009
T003245,C02455,P0060,5,829.35,2024-01-02T18:57:00Z,S025
T003246,C03083,P0797,1,154.02,2024-01-02T00:37:00Z,S006
T003247,C00986,P0687,4,177.6,2024-01-02T12:31:00Z,S025
T003248,C04470,P0139,2,388.8,2024-01-02T01:01:00Z,S001
T003249,C04089,P0793,3,358.53,2024-01-02T05:28:00Z,S049
T003250,C00263,P0605,5,95.3,2024-01-01T11:39:00Z,S017
T003251,C00069,P0329,4,510.36,2024-01-01T09:52:00Z,S048
T003252,C04879,P0491,3,572.46,2024-01-01T18:15:00Z,S009
T003253,C02238,P0605,4,76.24,2024-01-02T18:14:00Z,S003
T003254,C04347,P0373,3,539.79,2024-01-02T05:57:00Z,S004
T003255,C04099,P0332,1,166.62,2024-01-03T11:55:00Z,S044
T003256,C03954,P0039,3,372.87,2024-01-02T03:56:00Z,S033
T003257,C02781,P0926,2,154.92,2024-01-02T00:07:00Z,S048
T003258,C01300,P0745,1,195.7,2024-01-03T05:51:00Z,S023
T003259,C02656,P0227,3,62.19,2024-01-02T09:26:00Z,S027
T003260,C01011,P0070,4,29.28,2024-01-02T20:06:00Z,S028
T003261,C03014,P0792,5,111.25,2024-01-02T13:27:00Z,S033
T003262,C02661,P0191,5,292.25,2024-01-02T21:17:00Z,S035
T003263,C04724,P0487,4,186.48,2024-01-01T22:48:00Z,S026
T003264,C04215,P0743,4,231.64,2024-01-01T11:13:00Z,S040
T003265,C00825,P0305,5,604.1,2024-01-02T23:06:00Z,S027
T003266,C03623,P0492,5,182.4,2024-01-01T21:58:00Z,S005
T003267,C04831,P0758,2,102.06,2024-01-02T09:30:00Z,S043
T003268,C02321,P0183,4,253.52,2024-01-03T19:47:00Z,S045
T003269,C04314,P0505,1,111.25,2024-01-01T21:00:00Z,S023
T003270,C01826,P0590,1,61.97,2024-01-01T15:11:00Z,S001
T003271,C00644,P0878,1,16.63,2024-01-03T10:34:00Z,S036
T003272,C04776,P0075,4,400.68,2024-01-02T00:28:00Z,S019
T003273,C04129,P0197,2,90.4,2024-01-02T00:40:00Z,S045
T003274,C00110,P0796,4,94.8,2024-01-01T11:11:00Z,S013
T003275,C00056,P0943,1,123.06,2024-01-02T06:32:00Z,S010
T003276,C04971,P0472,1,118.35,2024-01-03T14:13:00Z,S017
T003277,C02001,P0581,2,253.12,2024-01-02T15:09:00Z,S008
T003278,C00022,P0040,1,63.99,2024-01-03T11:26:00Z,S007
T003279,C00360,P0967,2,195.22,2024-01-02T20:25:00Z,S041
T003280,C02140,P0295,5,713.3,2024-01-01T11:19:00Z,S034
T003281,C02025,P0247,5,162.05,2024-01-02T17:20:00Z,S011
T003282,C04095,P0657,1,109.17,2024-01-01T18:01:00Z,S030
T003283,C00202,P0817,5,627.65,2024-01-02T18:14:00Z,S018
T003284,C03593,P0372,2,57.42,2024-01-02T16:18:00Z,S038
T003285,C02837,P0450,4,210.4,2024-01-03T01:51:00Z,S043
T003286,C00578,P0542,5,954.15,2024-01-02T19:53:00Z,S047
T003287,C02547,P0865,4,392.72,2024-01-03T19:30:00Z,S026
T003288,C03092,P0128,4,300.12,2024-01-02T14:50:00Z,S007
T003289,C01943,P0641,4,572.72,2024-01-03T17:10:00Z,S026
T003290,C04915,P0693,1,193.86,2024-01-02T14:04:00Z,S010
T003291,C01007,P0239,3,21.51,2024-01-03T08:46:00Z,S038
T003292,C01919,P0403,3,324.57,2024-01-02T05:04:00Z,S002
T003293,C01786,P0221,3,438.9,2024-01-01T18:27:00Z,S014
T003294,C00984,P0205,3,397.17,2024-01-02T08:12:00Z,S005
T003295,C01840,P0310,4,639.84,2024-01-02T07:52:00Z,S024
T003296,C02414,P0102,4,741.68,2024-01-03T01:41:00Z,S038
T003297,C00347,P0743,5,289.55,2024-01-02T20:11:00Z,S050
T003298,C01228,P0120,1,26.64,2024-01-03T03:42:00Z,S002
T003299,C00116,P0069,4,451.88,2024-01-02T17:28:00Z,S017
T003300,C02039,P0884,4,342.48,2024-01-03T08:31:00Z,S001
T003301,C01278,P0354,2,272.98,2024-01-02T13:45:00Z,S043
T003302,C00962,P0351,3,497.88,2024-01-01T13:12:00Z,S010
T003303,C03761,P0329,4,510.36,2024-01-03T15:53:00Z,S004
T003304,C04534,P0959,2,284.34,2024-01-03T00:51:00Z,S037
T003305,C02442,P0813,3,551.73,2024-01-03T02:30:00Z,S048
T003306,C01035,P0948,5,59.6,2024-01-02T09:48:00Z,S005
T003307,C01669,P0726,1,24.07,2024-01-03T02:07:00Z,S015
T003308,C04591,P0315,1,142.86,2024-01-01T17:23:00Z,S001
T003309,C01785,P0896,4,574.52,2024-01-02T10:33:00Z,S046
T003310,C04736,P0298,3,579.57,2024-01-01T23:08:00Z,S036
T003311,C04339,P0489,1,79.73,2024-01-01T23:11:00Z,S008
T003312,C03905,P0452,4,731.12,2024-01-02T08:05:00Z,S033
T003313,C03236,P0975,4,294.72,2024-01-03T11:29:00Z,S003
T003314,C02596,P0391,5,315.15,2024-01-01T09:10:00Z,S024
T003315,C03769,P0246,5,589.0,2024-01-01T17:27:00Z,S027
T003316,C04814,P0653,1,77.73,2024-01-03T01:03:00Z,S001
T003317,C04642,P0884,2,171.24,2024-01-02T20:35:00Z,S020
T003318,C01651,P0632,2,277.56,2024-01-03T03:33:00Z,S041
T003319,C03463,P0503,2,348.92,2024-01-01T13:09:00Z,S002
T003320,C03460,P0863,1,72.15,2024-01-02T05:42:00Z,S011
T003321,C00859,P0104,5,833.3,2024-01-01T12:40:00Z,S029
T003322,C04731,P0764,2,315.56,2024-01-03T16:42:00Z,S001
T003323,C01857,P0516,3,553.11,2024-01-03T08:17:00Z,S026
T003324,C04758,P0051,2,139.18,2024-01-02T16:27:00Z,S049
T003325,C04098,P0927,5,53.0,2024-01-03T17:34:00Z,S029
T003326,C03921,P0207,2,311.92,2024-01-02T08:30:00Z,S049
T003327,C00890,P0629,4,178.72,2024-01-02T00:50:00Z,S023
T003328,C03907,P0849,1,165.19,2024-01-01T09:14:00Z,S025
T003329,C01895,P0929,1,55.73,2024-01-02T01:19:00Z,S032
T003330,C03470,P0418,5,545.7,2024-01-01T10:15:00Z,S012
T003331,C01734,P0296,5,261.05,2024-01-03T10:01:00Z,S010
T003332,C00392,P0676,5,747.7,2024-01-02T00:49:00Z,S035
T003333,C04467,P0376,2,339.8,2024-01-03T15:03:00Z,S026
T003334,C04617,P0315,4,571.44,2024-01-01T12:01:00Z,S004
T003335,C02867,P0493,1,170.74,2024-01-02T16:25:00Z,S008
T003336,C03728,P0667,5,139.0,2024-01-02T14:48:00Z,S022
T003337,C02880,P0985,2,25.84,2024-01-01T18:57:00Z,S016
T003338,C01914,P0873,4,515.24,2024-01-01T22:34:00Z,S008
T003339,C03556,P0708,4,685.64,2024-01-01T16:10:00Z,S020
T003340,C01442,P0940,2,40.3,2024-01-01T16:40:00Z,S023
T003341,C02308,P0753,2,14.56,2024-01-02T08:42:00Z,S044
T003342,C04652,P0910,1,28.21,2024-01-02T22:20:00Z,S027
T003343,C04864,P0708,4,685.64,2024-01-01T17:52:00Z,S001
T003344,C01963,P0568,2,174.34,2024-01-03T03:44:00Z,S022
T003345,C00377,P0687,1,44.4,2024-01-03T05:54:00Z,S023
T003346,C03733,P0883,5,966.3,2024-01-01T16:57:00Z,S048
T003347,C01394,P0472,5,591.75,2024-01-03T14:08:00Z,S009
T003348,C04036,P0703,4,717.52,2024-01-03T18:01:00Z,S026
T003349,C04134,P0097,3,453.78,2024-01-02T03:51:00Z,S045
T003350,C04733,P0786,3,152.67,2024-01-03T03:11:00Z,S044
T003351,C03920,P0030,3,479.37,2024-01-03T06:35:00Z,S015
T003352,C00472,P0886,2,235.0,2024-01-03T12:46:00Z,S009
T003353,C00711,P0722,3,258.96,2024-01-03T00:31:00Z,S022
T003354,C01981,P0139,1,194.4,2024-01-03T05:21:00Z,S024
T003355,C01765,P0112,5,255.5,2024-01-01T12:51:00Z,S037
T003356,C01748,P0465,2,256.46,2024-01-02T08:47:00Z,S039
T003357,C00732,P0946,5,617.6,2024-01-03T17:49:00Z,S038
T003358,C03453,P0622,1,126.32,2024-01-03T09:51:00Z,S015
T003359,C04253,P0251,5,580.7,2024-01-01T20:54:00Z,S036
T003360,C03505,P0167,5,40.75,2024-01-01T20:37:00Z,S004
T003361,C01690,P0290,5,52.2,2024-01-03T09:34:00Z,S013
T003362,C02182,P0636,3,375.57,2024-01-03T19:06:00Z,S046
T003363,C00738,P0807,5,608.85,2024-01-02T08:23:00Z,S017
T003364,C00171,P0860,2,245.34,2024-01-01T10:52:00Z,S022
T003365,C02798,P0135,3,235.74,2024-01-02T07:11:00Z,S023
T003366,C01881,P0879,2,245.26,2024-01-02T23:18:00Z,S019
T003367,C00404,P0781,1,180.44,2024-01-02T06:14:00Z,S046
T003368,C02743,P0961,3,240.9,2024-01-02T05:07:00Z,S026
T003369,C02045,P0036,1,108.33,2024-01-01T21:44:00Z,S027
T003370,C04766,P0588,1,162.56,2024-01-03T17:15:00Z,S025
T003371,C01538,P0043,4,580.4,2024-01-03T20:25:00Z,S027
T003372,C04148,P0670,3,344.31,2024-01-03T06:40:00Z,S013
T003373,C00913,P0884,1,85.62,2024-01-02T03:49:00Z,S012
T003374,C03426,P0960,5,611.7,2024-01-03T09:13:00Z,S042
T003375,C00766,P0231,5,195.2,2024-01-01T10:16:00Z,S005
T003376,C01709,P0022,1,130.14,2024-01-02T08:20:00Z,S010
T003377,C01997,P0861,4,314.92,2024-01-03T00:09:00Z,S029
T003378,C01296,P0412,2,376.54,2024-01-02T08:05:00Z,S010
T003379,C01224,P0309,1,114.8,2024-01-01T23:42:00Z,S015
T003380,C04885,P0785,4,218.0,2024-01-02T23:13:00Z,S024
T003381,C04866,P0017,4,413.0,2024-01-03T03:34:00Z,S001
T003382,C04004,P0561,2,48.68,2024-01-01T13:53:00Z,S017
T003383,C01754,P0262,3,584.76,2024-01-03T14:46:00Z,S024
T003384,C00189,P0874,5,59.25,2024-01-03T14:43:00Z,S015
T003385,C01951,P0489,2,159.46,2024-01-02T16:28:00Z,S037
T003386,C00836,P0527,1,155.83,2024-01-03T02:19:00Z,S018
T003387,C04159,P0598,1,28.3,2024-01-02T09:37:00Z,S041
T003388,C00035,P0317,5,86.45,2024-01-03T16:13:00Z,S043
T003389,C02500,P0169,5,798.7,2024-01-03T04:15:00Z,S045
T003390,C03237,P0256,1,114.45,2024-01-02T05:11:00Z,S019
T003391,C03184,P0252,4,167.08,2024-01-02T20:00:00Z,S025
T003392,C01800,P0903,1,192.81,2024-01-03T02:55:00Z,S047
T003393,C00304,P0236,4,106.24,2024-01-02T10:42:00Z,S002
T003394,C02563,P0461,5,740.05,2024-01-02T11:52:00Z,S016
T003395,C03436,P0949,4,66.56,2024-01-02T02:44:00Z,S045
T003396,C02627,P0448,3,205.95,2024-01-03T15:54:00Z,S029
T003397,C01221,P0690,3,385.95,2024-01-02T12:18:00Z,S006
T003398,C02702,P0363,5,766.0,2024-01-01T14:02:00Z,S043
T003399,C03821,P0750,2,17.86,2024-01-02T16:05:00Z,S034
T003400,C04682,P0896,5,718.15,2024-01-03T01:22:00Z,S041
T003401,C01418,P0631,2,21.98,2024-01-03T13:24:00Z,S028
T003402,C03029,P0177,2,66.36,2024-01-02T15:33:00Z,S047
T003403,C00494,P0707,4,518.52,2024-01-02T04:27:00Z,S016
T003404,C02146,P0818,4,576.88,2024-01-02T23:00:00Z,S025
T003405,C04411,P0065,1,17.83,2024-01-03T17:47:00Z,S018
T003406,C03614,P0165,1,163.74,2024-01-02T15:28:00Z,S035
T003407,C01632,P0794,5,910.6,2024-01-01T21:28:00Z,S004
T003408,C04631,P0023,3,456.54,2024-01-02T04:32:00Z,S034
T003409,C02201,P0556,2,129.84,2024-01-01T14:57:00Z,S028
T003410,C04195,P0088,1,136.83,2024-01-03T10:01:00Z,S045
T003411,C01209,P0704,2,86.98,2024-01-03T11:30:00Z,S039
T003412,C04927,P0223,1,128.57,2024-01-03T06:17:00Z,S025
T003413,C01305,P0357,1,89.23,2024-01-01T10:13:00Z,S034
T003414,C02868,P0876,4,552.72,2024-01-03T03:23:00Z,S001
T003415,C00535,P0337,3,19.62,2024-01-01T23:21:00Z,S026
T003416,C00766,P0626,1,88.02,2024-01-03T00:13:00Z,S020
T003417,C01114,P0365,2,242.72,2024-01-02T15:15:00Z,S040
T003418,C03049,P0004,4,329.48,2024-01-01T12:57:00Z,S041
T003419,C00173,P0563,2,231.04,2024-01-02T02:56:00Z,S012
T003420,C01178,P0995,5,286.15,2024-01-03T11:54:00Z,S049
T003421,C02208,P0979,2,280.66,2024-01-01T19:33:00Z,S010
T003422,C04350,P0728,1,155.92,2024-01-01T17:34:00Z,S026
T003423,C01876,P0040,4,255.96,2024-01-02T19:23:00Z,S023
T003424,C03336,P0095,4,324.92,2024-01-03T13:05:00Z,S047
T003425,C01802,P0762,2,170.68,2024-01-03T03:21:00Z,S042
T003426,C01646,P0849,1,165.19,2024-01-01T19:45:00Z,S021
T003427,C02026,P0767,3,47.37,2024-01-02T18:49:00Z,S024
T003428,C00655,P0209,1,10.62,2024-01-01T18:36:00Z,S005
T003429,C04202,P0352,4,681.84,2024-01-02T09:01:00Z,S034
T003430,C03795,P0039,5,621.45,2024-01-01T22:20:00Z,S006
T003431,C03286,P0194,4,205.6,2024-01-02T02:25:00Z,S041
T003432,C02551,P0285,3,94.62,2024-01-01T17:51:00Z,S023
T003433,C01183,P0652,3,22.95,2024-01-01T16:14:00Z,S005
T003434,C02102,P0196,4,689.24,2024-01-02T00:15:00Z,S020
T003435,C02761,P0929,5,278.65,2024-01-02T07:00:00Z,S014
T003436,C01521,P0051,1,69.59,2024-01-02T18:19:00Z,S005
T003437,C00057,P0981,1,52.68,2024-01-03T19:08:00Z,S029
T003438,C03614,P0428,3,144.72,2024-01-01T18:13:00Z,S026
T003439,C00589,P0286,4,167.56,2024-01-03T10:23:00Z,S003
T003440,C04295,P0259,5,188.25,2024-01-01T18:52:00Z,S012
T003441,C00263,P0130,3,543.93,2024-01-01T13:57:00Z,S008
T003442,C01543,P0305,3,362.46,2024-01-02T22:27:00Z,S025
T003443,C04665,P0553,5,924.85,2024-01-03T05:00:00Z,S047
T003444,C03130,P0646,1,77.69,2024-01-03T11:18:00Z,S041
T003445,C02571,P0027,3,444.72,2024-01-02T15:24:00Z,S006
T003446,C00475,P0543,4,46.16,2024-01-03T05:58:00Z,S006
T003447,C00226,P0027,1,148.24,2024-01-01T17:48:00Z,S009
T003448,C04969,P0857,1,86.99,2024-01-02T20:14:00Z,S018
T003449,C00420,P0339,3,574.53,2024-01-02T19:14:00Z,S039
T003450,C02943,P0731,2,332.88,2024-01-02T07:30:00Z,S018
T003451,C03683,P0236,4,106.24,2024-01-02T03:01:00Z,S049
T003452,C02161,P0429,3,172.44,2024-01-03T10:04:00Z,S043
T003453,C00429,P0680,2,177.88,2024-01-03T04:58:00Z,S038
T003454,C01882,P0890,1,33.55,2024-01-01T10:08:00Z,S006
T003455,C03021,P0487,4,186.48,2024-01-02T14:40:00Z,S019
T003456,C02141,P0640,5,586.2,2024-01-02T23:03:00Z,S025
T003457,C02531,P0996,3,275.61,2024-01-03T16:12:00Z,S042
T003458,C01706,P0133,4,656.84,2024-01-02T07:15:00Z,S044
T003459,C02096,P0333,2,332.04,2024-01-01T20:29:00Z,S012
T003460,C02547,P0018,4,438.76,2024-01-01T19:50:00Z,S004
T003461,C04801,P0960,3,367.02,2024-01-03T05:25:00Z,S006
T003462,C04114,P0344,5,672.05,2024-01-02T14:35:00Z,S028
T003463,C02735,P0386,5,438.05,2024-01-02T08:28:00Z,S031
T003464,C01936,P0054,1,85.35,2024-01-03T17:31:00Z,S033
T003465,C01607,P0235,1,99.42,2024-01-02T19:33:00Z,S038
T003466,C02465,P0945,2,219.1,2024-01-02T06:55:00Z,S047
T003467,C04650,P0439,3,324.51,2024-01-03T19:57:00Z,S003
T003468,C00137,P0387,5,674.3,2024-01-02T01:00:00Z,S016
T003469,C02290,P0920,3,323.79,2024-01-01T18:34:00Z,S022
T003470,C02791,P0714,5,824.45,2024-01-02T06:42:00Z,S011
T003471,C00373,P0455,2,187.12,2024-01-02T20:24:00Z,S031
T003472,C02745,P0046,2,278.56,2024-01-03T09:21:00Z,S007
T003473,C03258,P0869,3,177.75,2024-01-01T15:19:00Z,S042
T003474,C02204,P1000,3,35.73,2024-01-03T01:19:00Z,S043
T003475,C01851,P0215,2,91.06,2024-01-02T18:02:00Z,S046
T003476,C03081,P0090,3,86.25,2024-01-03T07:07:00Z,S023
T003477,C04773,P0540,3,58.5,2024-01-02T19:15:00Z,S021
T003478,C01923,P0360,4,559.44,2024-01-02T03:51:00Z,S049
T003479,C03000,P0178,4,437.4,2024-01-01T16:41:00Z,S006
T003480,C00969,P0831,3,341.76,2024-01-01T11:08:00Z,S032
T003481,C00074,P0135,2,157.16,2024-01-02T22:10:00Z,S003
T003482,C02359,P0678,1,144.42,2024-01-01T19:26:00Z,S033
T003483,C02352,P0419,1,41.17,2024-01-03T03:06:00Z,S005
T003484,C02297,P0313,3,302.4,2024-01-02T10:46:00Z,S001
T003485,C00401,P0823,1,31.49,2024-01-02T02:15:00Z,S044
T003486,C00684,P0394,5,712.9,2024-01-02T18:59:00Z,S046
T003487,C03814,P0596,5,357.15,2024-01-01T21:09:00Z,S045
T003488,C03225,P0776,3,350.28,2024-01-01T16:32:00Z,S015
T003489,C03429,P0823,2,62.98,2024-01-01T21:03:00Z,S032
T003490,C02597,P0297,2,296.56,2024-01-03T02:05:00Z,S006
T003491,C04427,P0109,4,216.72,2024-01-01T19:58:00Z,S019
T003492,C02431,P0213,5,933.05,2024-01-02T16:06:00Z,S044
T003493,C01764,P0144,1,144.06,2024-01-02T11:53:00Z,S016
T003494,C04556,P0997,4,705.0,2024-01-01T22:03:00Z,S039
T003495,C00791,P0575,4,277.08,2024-01-02T00:08:00Z,S045
T003496,C01475,P0469,5,955.15,2024-01-01T23:12:00Z,S038
T003497,C03143,P0865,5,490.9,2024-01-01T09:13:00Z,S004
T003498,C00125,P0886,5,587.5,2024-01-02T01:52:00Z,S016
T003499,C04124,P0633,2,312.62,2024-01-01T19:28:00Z,S030
T003500,C00704,P0177,3,99.54,2024-01-03T14:20:00Z,S003
T003501,C04647,P0977,2,165.4,2024-01-01T22:56:00Z,S027
T003502,C02849,P0070,2,14.64,2024-01-02T14:51:00Z,S019
T003503,C03998,P0180,2,62.96,2024-01-03T11:05:00Z,S015
T003504,C01087,P0489,1,79.73,2024-01-03T08:02:00Z,S002
T003505,C04535,P0311,5,739.65,2024-01-03T11:05:00Z,S042
T003506,C01696,P0958,5,224.95,2024-01-02T08:26:00Z,S048
T003507,C04619,P0470,2,332.68,2024-01-03T01:36:00Z,S050
T003508,C01780,P0393,4,54.2,2024-01-02T17:33:00Z,S006
T003509,C02241,P0132,2,362.84,2024-01-02T04:21:00Z,S042
T003510,C03548,P0767,3,47.37,2024-01-02T18:38:00Z,S017
T003511,C00560,P0064,2,204.82,2024-01-01T18:27:00Z,S031
T003512,C04770,P0812,4,396.24,2024-01-02T23:59:00Z,S005
T003513,C01499,P0485,1,44.17,2024-01-02T08:30:00Z,S031
T003514,C03408,P0280,3,219.15,2024-01-03T15:26:00Z,S024
T003515,C03850,P0683,1,61.5,2024-01-02T17:53:00Z,S030
T003516,C04630,P0337,1,6.54,2024-01-03T09:35:00Z,S033
T003517,C02815,P0106,2,264.82,2024-01-03T13:03:00Z,S030
T003518,C02935,P0267,4,181.2,2024-01-01T21:46:00Z,S038
T003519,C04309,P0742,3,599.64,2024-01-02T09:53:00Z,S006
T003520,C01079,P0407,3,467.97,2024-01-03T05:45:00Z,S027
T003521,C04286,P0312,4,429.88,2024-01-01T23:00:00Z,S028
T003522,C00967,P0722,5,431.6,2024-01-01T16:53:00Z,S046
T003523,C02178,P0645,1,152.29,2024-01-02T12:18:00Z,S003
T003524,C00810,P0417,4,28.72,2024-01-01T23:07:00Z,S045
T003525,C01257,P0412,4,753.08,2024-01-03T13:46:00Z,S030
T003526,C03977,P0993,4,432.88,2024-01-01T18:42:00Z,S045
T003527,C00052,P0217,2,128.8,2024-01-02T13:18:00Z,S009
T003528,C03211,P0650,5,299.45,2024-01-02T04:05:00Z,S029
T003529,C00214,P0693,1,193.86,2024-01-03T14:33:00Z,S003
T003530,C03138,P0726,3,72.21,2024-01-03T04:23:00Z,S046
T003531,C01164,P0206,5,987.75,2024-01-02T23:18:00Z,S046
T003532,C00657,P0056,4,574.04,2024-01-01T09:23:00Z,S005
T003533,C00416,P0945,2,219.1,2024-01-01T14:38:00Z,S009
T003534,C01042,P0010,2,186.04,2024-01-01T15:09:00Z,S023
T003535,C00556,P0866,3,231.12,2024-01-01T19:36:00Z,S029
T003536,C00197,P0318,2,38.3,2024-01-02T05:49:00Z,S006
T003537,C00301,P0001,5,582.3,2024-01-02T14:30:00Z,S046
T003538,C03983,P0287,2,384.24,2024-01-02T11:42:00Z,S016
T003539,C01983,P0305,3,362.46,2024-01-02T07:54:00Z,S012
T003540,C04152,P0034,1,22.9,2024-01-02T13:31:00Z,S048
T003541,C04462,P0158,3,29.85,2024-01-03T07:13:00Z,S029
T003542,C03882,P0119,5,159.8,2024-01-01T14:40:00Z,S024
T003543,C03677,P0446,5,563.65,2024-01-03T04:30:00Z,S002
T003544,C01851,P0554,2,167.58,2024-01-02T03:27:00Z,S024
T003545,C02953,P0470,1,166.34,2024-01-01T21:59:00Z,S036
T003546,C00919,P0749,1,98.51,2024-01-02T22:52:00Z,S016
T003547,C03741,P0151,4,612.92,2024-01-02T09:28:00Z,S027
T003548,C04859,P0594,4,38.64,2024-01-02T13:42:00Z,S038
T003549,C01055,P0750,3,26.79,2024-01-02T13:01:00Z,S002
T003550,C00474,P0293,5,529.35,2024-01-03T00:35:00Z,S014
T003551,C02246,P0730,2,310.26,2024-01-02T07:38:00Z,S045
T003552,C00577,P0212,2,138.5,2024-01-02T23:31:00Z,S033
T003553,C00092,P0964,3,250.71,2024-01-03T03:19:00Z,S036
T003554,C01435,P0425,4,529.12,2024-01-03T01:06:00Z,S015
T003555,C04552,P0572,3,410.61,2024-01-01T15:16:00Z,S027
T003556,C02048,P0568,4,348.68,2024-01-03T09:34:00Z,S039
T003557,C00452,P0150,3,64.56,2024-01-03T18:31:00Z,S030
T003558,C03873,P0233,1,72.84,2024-01-01T20:16:00Z,S030
T003559,C03156,P0657,1,109.17,2024-01-02T17:25:00Z,S050
T003560,C04545,P0793,4,478.04,2024-01-03T16:37:00Z,S047
T003561,C02318,P0573,2,247.32,2024-01-03T20:40:00Z,S021
T003562,C03228,P0271,5,408.4,2024-01-03T02:59:00Z,S050
T003563,C04790,P0664,1,151.97,2024-01-03T12:38:00Z,S008
T003564,C03305,P0975,1,73.68,2024-01-02T16:39:00Z,S023
T003565,C00798,P0749,5,492.55,2024-01-02T23:07:00Z,S045
T003566,C01504,P0728,5,779.6,2024-01-03T10:56:00Z,S011
T003567,C02214,P0650,2,119.78,2024-01-03T11:26:00Z,S003
T003568,C00539,P0859,3,279.03,2024-01-03T03:44:00Z,S027
T003569,C04742,P0377,4,343.76,2024-01-02T16:05:00Z,S025
T003570,C00123,P0671,5,66.1,2024-01-01T22:56:00Z,S035
T003571,C02995,P0962,2,184.4,2024-01-02T17:15:00Z,S026
T003572,C04342,P0157,3,565.89,2024-01-01T13:40:00Z,S011
T003573,C01290,P0216,5,766.65,2024-01-03T19:40:00Z,S037
T003574,C02928,P0294,4,787.28,2024-01-02T03:26:00Z,S045
T003575,C03859,P0984,2,396.3,2024-01-03T10:07:00Z,S004
T003576,C04443,P0020,4,691.32,2024-01-03T19:37:00Z,S034
T003577,C03988,P0164,5,531.15,2024-01-03T12:00:00Z,S005
T003578,C00705,P0597,1,66.17,2024-01-02T03:10:00Z,S010
T003579,C03065,P0156,5,565.0,2024-01-03T09:25:00Z,S019
T003580,C04568,P0783,5,689.95,2024-01-01T20:09:00Z,S027
T003581,C00820,P0167,2,16.3,2024-01-03T11:19:00Z,S030
T003582,C00399,P0687,4,177.6,2024-01-03T00:40:00Z,S038
T003583,C01384,P0180,5,157.4,2024-01-03T20:21:00Z,S019
T003584,C04501,P0822,3,81.36,2024-01-01T23:00:00Z,S005
T003585,C01876,P0433,5,236.4,2024-01-01T10:02:00Z,S033
T003586,C04301,P0234,1,32.72,2024-01-03T14:26:00Z,S032
T003587,C02181,P0129,5,934.95,2024-01-02T12:13:00Z,S015
T003588,C01234,P0995,1,57.23,2024-01-02T07:34:00Z,S038
T003589,C02347,P0842,2,198.72,2024-01-03T01:53:00Z,S040
T003590,C03591,P0632,4,555.12,2024-01-02T16:39:00Z,S043
T003591,C01237,P0992,5,342.65,2024-01-02T09:36:00Z,S045
T003592,C02706,P0245,3,216.9,2024-01-03T13:39:00Z,S023
T003593,C03935,P0256,4,457.8,2024-01-03T06:51:00Z,S021
T003594,C03027,P0866,1,77.04,2024-01-01T15:30:00Z,S049
T003595,C01339,P0991,5,492.7,2024-01-02T02:02:00Z,S014
T003596,C04063,P0883,5,966.3,2024-01-02T12:54:00Z,S037
T003597,C01399,P0843,4,407.08,2024-01-01T18:20:00Z,S022
T003598,C01544,P0280,3,219.15,2024-01-02T11:58:00Z,S010
T003599,C01774,P0094,3,395.16,2024-01-02T17:22:00Z,S020
T003600,C04967,P0292,3,259.23,2024-01-01T23:44:00Z,S027
T003601,C01776,P0500,5,282.4,2024-01-03T05:33:00Z,S015
T003602,C01518,P0801,5,603.65,2024-01-03T05:21:00Z,S031
T003603,C04463,P0096,4,132.88,2024-01-03T10:49:00Z,S016
T003604,C00001,P0338,3,596.28,2024-01-03T13:53:00Z,S020
T003605,C04076,P0826,1,66.96,2024-01-01T15:38:00Z,S018
T003606,C04228,P0134,1,122.07,2024-01-02T14:30:00Z,S039
T003607,C00006,P0341,2,271.9,2024-01-02T07:34:00Z,S026
T003608,C01208,P0960,4,489.36,2024-01-02T18:16:00Z,S002
T003609,C03990,P0886,3,352.5,2024-01-02T10:34:00Z,S041
T003610,C00774,P0713,2,202.98,2024-01-01T19:11:00Z,S016
T003611,C01857,P0248,3,291.12,2024-01-01T16:41:00Z,S046
T003612,C03671,P0916,5,388.0,2024-01-03T08:47:00Z,S005
T003613,C02855,P0264,2,255.98,2024-01-02T07:06:00Z,S003
T003614,C00494,P0606,3,353.04,2024-01-02T12:22:00Z,S013
T003615,C04287,P0711,1,104.21,2024-01-02T13:23:00Z,S047
T003616,C03248,P0866,2,154.08,2024-01-03T10:21:00Z,S009
T003617,C03321,P0630,1,118.67,2024-01-03T01:51:00Z,S012
T003618,C04984,P0222,4,289.8,2024-01-03T16:14:00Z,S031
T003619,C02356,P0361,4,248.04,2024-01-03T00:38:00Z,S020
T003620,C04330,P0825,4,161.68,2024-01-03T09:11:00Z,S009
T003621,C03761,P0591,5,630.45,2024-01-02T22:42:00Z,S035
T003622,C01037,P0581,3,379.68,2024-01-01T09:43:00Z,S011
T003623,C02327,P0411,1,83.46,2024-01-02T05:28:00Z,S008
T003624,C04137,P0199,3,298.92,2024-01-03T10:49:00Z,S037
T003625,C00653,P0161,2,245.02,2024-01-01T16:06:00Z,S026
T003626,C00507,P0728,5,779.6,2024-01-03T09:15:00Z,S002
T003627,C03950,P0443,4,87.44,2024-01-02T00:07:00Z,S036
T003628,C02237,P0582,2,125.8,2024-01-03T15:49:00Z,S022
T003629,C01354,P0421,1,85.12,2024-01-03T10:03:00Z,S016
T003630,C02290,P0954,2,260.26,2024-01-03T05:33:00Z,S039
T003631,C01506,P0013,3,93.51,2024-01-03T13:24:00Z,S040
T003632,C02787,P0958,3,134.97,2024-01-01T23:19:00Z,S035
T003633,C00093,P0785,5,272.5,2024-01-03T13:19:00Z,S029
T003634,C00234,P0047,2,316.46,2024-01-01T21:18:00Z,S047
T003635,C02066,P0439,1,108.17,2024-01-03T08:01:00Z,S018
T003636,C03885,P0415,5,474.9,2024-01-03T00:33:00Z,S020
T003637,C01259,P0204,5,530.45,2024-01-03T17:20:00Z,S005
T003638,C04163,P0575,4,277.08,2024-01-01T14:35:00Z,S043
T003639,C03605,P0699,1,128.57,2024-01-01T13:11:00Z,S047
T003640,C01831,P0625,4,646.32,2024-01-02T09:03:00Z,S022
T003641,C01497,P0940,1,20.15,2024-01-02T02:15:00Z,S047
T003642,C03809,P0958,4,179.96,2024-01-02T08:14:00Z,S022
T003643,C02053,P0174,5,500.75,2024-01-01T23:44:00Z,S038
T003644,C03716,P0890,1,33.55,2024-01-02T22:44:00Z,S036
T003645,C00436,P0446,3,338.19,2024-01-02T16:17:00Z,S039
T003646,C01385,P0437,1,180.45,2024-01-02T02:33:00Z,S026
T003647,C04323,P0010,2,186.04,2024-01-01T21:34:00Z,S043
T003648,C01045,P0538,4,782.36,2024-01-02T17:28:00Z,S042
T003649,C03137,P0593,2,113.18,2024-01-01T21:23:00Z,S040
T003650,C02400,P0530,2,45.9,2024-01-02T17:06:00Z,S023
T003651,C03699,P0711,2,208.42,2024-01-01T12:27:00Z,S050
T003652,C03325,P0999,5,969.7,2024-01-03T16:24:00Z,S038
T003653,C02967,P0957,4,716.76,2024-01-02T09:48:00Z,S005
T003654,C04965,P0472,2,236.7,2024-01-03T16:08:00Z,S044
T003655,C01322,P0205,1,132.39,2024-01-01T22:30:00Z,S040
T003656,C02426,P0303,1,85.21,2024-01-03T10:06:00Z,S038
T003657,C01876,P0361,3,186.03,2024-01-03T07:00:00Z,S048
T003658,C00653,P0147,1,196.1,2024-01-01T13:56:00Z,S046
T003659,C04840,P0010,2,186.04,2024-01-03T07:18:00Z,S026
T003660,C01825,P0125,3,57.96,2024-01-02T18:25:00Z,S011
T003661,C01523,P0914,1,60.21,2024-01-03T15:41:00Z,S033
T003662,C00029,P0284,1,47.03,2024-01-02T16:11:00Z,S050
T003663,C03846,P0535,2,298.56,2024-01-01T13:56:00Z,S002
T003664,C04749,P0896,5,718.15,2024-01-01T17:35:00Z,S011
T003665,C03137,P0206,3,592.65,2024-01-03T02:16:00Z,S031
T003666,C01669,P0963,4,134.8,2024-01-02T14:17:00Z,S007
T003667,C01659,P0273,2,223.48,2024-01-01T09:42:00Z,S018
T003668,C02609,P0786,2,101.78,2024-01-02T17:11:00Z,S044
T003669,C04874,P0313,1,100.8,2024-01-03T19:20:00Z,S010
T003670,C00833,P0468,3,472.74,2024-01-01T14:19:00Z,S039
T003671,C03995,P0584,1,10.85,2024-01-01T23:33:00Z,S033
T003672,C03907,P0607,1,78.28,2024-01-03T11:40:00Z,S015
T003673,C03206,P0969,4,121.08,2024-01-01T19:45:00Z,S029
T003674,C01834,P0685,5,692.05,2024-01-01T13:50:00Z,S003
T003675,C04521,P0135,4,314.32,2024-01-03T18:11:00Z,S030
T003676,C03488,P0186,5,187.65,2024-01-02T02:51:00Z,S036
T003677,C04867,P0969,2,60.54,2024-01-02T09:00:00Z,S047
T003678,C01096,P1000,5,59.55,2024-01-01T14:35:00Z,S006
T003679,C03868,P0636,4,500.76,2024-01-01T18:08:00Z,S035
T003680,C00761,P0604,5,705.05,2024-01-01T16:03:00Z,S049
T003681,C03606,P0563,5,577.6,2024-01-02T02:41:00Z,S001
T003682,C02282,P0277,4,638.72,2024-01-03T12:43:00Z,S049
T003683,C00140,P0934,4,691.0,2024-01-02T09:31:00Z,S039
T003684,C01860,P0388,2,265.94,2024-01-03T13:43:00Z,S028
T003685,C03675,P0015,2,259.54,2024-01-02T13:56:00Z,S019
T003686,C02949,P0824,3,361.68,2024-01-01T18:20:00Z,S007
T003687,C03772,P0921,1,77.25,2024-01-02T23:34:00Z,S046
T003688,C00949,P0517,4,434.2,2024-01-02T20:56:00Z,S006
T003689,C04727,P0483,5,606.25,2024-01-03T13:47:00Z,S020
T003690,C01609,P0026,1,196.23,2024-01-02T15:03:00Z,S008
T003691,C03868,P0987,5,428.1,2024-01-02T19:53:00Z,S050
T003692,C03894,P0707,1,129.63,2024-01-03T15:46:00Z,S019
T003693,C01539,P0031,5,393.65,2024-01-01T15:49:00Z,S020
T003694,C02298,P0232,5,231.15,2024-01-02T09:25:00Z,S036
T003695,C00376,P0412,4,753.08,2024-01-02T16:56:00Z,S007
T003696,C03807,P0605,1,19.06,2024-01-03T15:51:00Z,S047
T003697,C03031,P0472,3,355.05,2024-01-03T16:39:00Z,S029
T003698,C02980,P0820,4,319.2,2024-01-02T06:53:00Z,S044
T003699,C04342,P0192,3,44.22,2024-01-03T15:54:00Z,S003
T003700,C01084,P0457,5,53.85,2024-01-03T13:21:00Z,S028
T003701,C02296,P0919,4,459.6,2024-01-01T14:23:00Z,S021
T003702,C03790,P0804,5,361.7,2024-01-03T16:10:00Z,S047
T003703,C00158,P0455,1,93.56,2024-01-01T17:38:00Z,S038
T003704,C04603,P0831,2,227.84,2024-01-03T20:10:00Z,S019
T003705,C04395,P0841,3,171.6,2024-01-02T12:13:00Z,S007
T003706,C02924,P0699,3,385.71,2024-01-01T10:50:00Z,S017
T003707,C04637,P0744,3,340.56,2024-01-02T04:23:00Z,S019
T003708,C01154,P0010,1,93.02,2024-01-03T07:07:00Z,S015
T003709,C02157,P0355,1,165.97,2024-01-01T22:40:00Z,S025
T003710,C02822,P0157,4,754.52,2024-01-01T10:17:00Z,S037
T003711,C03457,P0643,3,549.96,2024-01-03T05:34:00Z,S032
T003712,C02262,P0410,4,506.56,2024-01-01T09:18:00Z,S046
T003713,C03178,P0169,5,798.7,2024-01-02T03:39:00Z,S022
T003714,C04872,P0826,2,133.92,2024-01-03T13:56:00Z,S019
T003715,C01767,P0964,5,417.85,2024-01-03T00:46:00Z,S006
T003716,C03865,P0941,3,476.64,2024-01-01T17:47:00Z,S014
T003717,C03068,P0345,1,20.72,2024-01-03T10:55:00Z,S037
T003718,C03077,P0835,2,186.56,2024-01-03T04:11:00Z,S013
T003719,C03793,P0639,2,206.56,2024-01-03T11:01:00Z,S008
T003720,C00395,P0845,5,771.05,2024-01-02T14:31:00Z,S039
T003721,C01400,P0198,5,485.8,2024-01-02T12:22:00Z,S039
T003722,C01422,P1000,3,35.73,2024-01-03T09:40:00Z,S007
T003723,C04448,P0063,5,957.5,2024-01-02T01:42:00Z,S012
T003724,C00292,P0440,1,189.4,2024-01-03T00:45:00Z,S021
T003725,C03492,P0383,2,158.86,2024-01-02T20:03:00Z,S048
T003726,C01222,P0622,4,505.28,2024-01-02T16:15:00Z,S050
T003727,C04553,P0035,3,126.24,2024-01-01T18:29:00Z,S017
T003728,C03101,P0296,5,261.05,2024-01-03T05:34:00Z,S011
T003729,C03882,P0475,1,143.37,2024-01-02T09:49:00Z,S012
T003730,C03764,P0828,1,188.4,2024-01-03T12:29:00Z,S005
T003731,C03603,P0587,4,620.92,2024-01-01T10:42:00Z,S027
T003732,C04843,P0806,1,41.57,2024-01-03T14:33:00Z,S017
T003733,C01371,P0382,1,24.6,2024-01-02T13:05:00Z,S038
T003734,C03684,P0627,1,191.28,2024-01-02T15:37:00Z,S029
T003735,C02188,P0683,3,184.5,2024-01-03T13:58:00Z,S015
T003736,C01168,P0922,1,54.81,2024-01-02T04:39:00Z,S017
T003737,C01681,P0232,1,46.23,2024-01-03T21:00:00Z,S039
T003738,C00084,P0444,3,576.42,2024-01-02T08:20:00Z,S008
T003739,C04368,P0767,5,78.95,2024-01-03T17:53:00Z,S017
T003740,C01862,P0631,5,54.95,2024-01-02T17:00:00Z,S012
T003741,C04600,P0944,1,140.69,2024-01-03T02:26:00Z,S037
T003742,C01425,P0268,3,324.66,2024-01-02T13:24:00Z,S046
T003743,C00543,P0931,5,847.35,2024-01-02T08:14:00Z,S042
T003744,C00418,P0629,4,178.72,2024-01-03T06:37:00Z,S038
T003745,C02187,P0140,4,717.4,2024-01-01T12:08:00Z,S025
T003746,C04924,P0951,5,629.0,2024-01-01T20:43:00Z,S013
T003747,C02383,P0929,3,167.19,2024-01-02T16:47:00Z,S037
T003748,C00366,P0594,3,28.98,2024-01-02T10:40:00Z,S006
T003749,C03432,P0046,1,139.28,2024-01-03T04:59:00Z,S048
T003750,C03940,P0229,2,104.66,2024-01-01T18:01:00Z,S006
T003751,C02192,P0711,2,208.42,2024-01-01T12:53:00Z,S018
T003752,C04545,P0011,4,112.8,2024-01-02T09:27:00Z,S028
T003753,C00726,P0704,5,217.45,2024-01-02T12:31:00Z,S045
T003754,C02628,P0538,4,782.36,2024-01-01T14:57:00Z,S037
T003755,C03569,P0786,3,152.67,2024-01-02T06:23:00Z,S049
T003756,C02001,P0778,5,670.75,2024-01-02T17:58:00Z,S038
T003757,C00407,P0115,5,564.05,2024-01-03T16:00:00Z,S045
T003758,C03404,P0042,3,107.49,2024-01-02T19:21:00Z,S037
T003759,C02956,P0673,1,44.09,2024-01-01T18:27:00Z,S024
T003760,C00304,P0136,1,128.03,2024-01-02T18:48:00Z,S050
T003761,C04302,P0452,5,913.9,2024-01-02T12:44:00Z,S018
T003762,C02876,P0709,1,162.3,2024-01-02T06:04:00Z,S047
T003763,C02967,P0645,2,304.58,2024-01-02T19:16:00Z,S029
T003764,C03484,P0167,3,24.45,2024-01-02T03:08:00Z,S047
T003765,C03694,P0285,2,63.08,2024-01-02T05:21:00Z,S014
T003766,C04320,P0614,1,173.36,2024-01-01T18:41:00Z,S035
T003767,C00779,P0793,5,597.55,2024-01-03T11:32:00Z,S001
T003768,C00733,P0474,1,73.42,2024-01-02T18:10:00Z,S022
T003769,C00014,P0424,2,223.26,2024-01-02T11:01:00Z,S040
T003770,C00376,P0450,3,157.8,2024-01-01T18:28:00Z,S040
T003771,C01569,P0650,3,179.67,2024-01-03T05:43:00Z,S024
T003772,C03408,P0324,5,857.75,2024-01-02T11:35:00Z,S042
T003773,C03612,P0489,2,159.46,2024-01-02T01:53:00Z,S031
T003774,C02481,P0868,5,545.4,2024-01-03T20:03:00Z,S037
T003775,C02503,P0179,4,705.76,2024-01-01T16:09:00Z,S029
T003776,C04288,P0486,1,20.73,2024-01-03T11:05:00Z,S032
T003777,C02055,P0446,5,563.65,2024-01-01T19:38:00Z,S040
T003778,C00169,P0566,4,434.4,2024-01-03T03:30:00Z,S027
T003779,C02260,P0956,3,240.96,2024-01-02T07:50:00Z,S049
T003780,C03068,P0997,4,705.0,2024-01-03T13:53:00Z,S031
T003781,C03825,P0797,2,308.04,2024-01-03T08:39:00Z,S040
T003782,C04680,P0299,5,248.5,2024-01-02T02:01:00Z,S020
T003783,C04386,P0184,2,337.5,2024-01-02T08:48:00Z,S042
T003784,C02828,P0148,4,557.2,2024-01-01T10:35:00Z,S042
T003785,C01793,P0975,2,147.36,2024-01-03T17:01:00Z,S008
T003786,C03395,P0765,5,260.2,2024-01-02T09:10:00Z,S001
T003787,C00625,P0480,3,588.15,2024-01-03T00:24:00Z,S025
T003788,C03578,P0528,4,30.88,2024-01-01T19:56:00Z,S040
T003789,C00082,P0774,4,269.4,2024-01-02T15:50:00Z,S047
T003790,C04910,P0892,1,86.76,2024-01-02T01:33:00Z,S045
T003791,C01845,P0465,5,641.15,2024-01-02T20:49:00Z,S017
T003792,C04062,P0659,2,102.2,2024-01-01T15:16:00Z,S046
T003793,C02679,P0600,5,266.95,2024-01-01T21:43:00Z,S029
T003794,C01292,P0109,1,54.18,2024-01-03T14:37:00Z,S003
T003795,C03912,P0508,5,385.4,2024-01-02T11:37:00Z,S002
T003796,C04349,P0124,1,189.33,2024-01-03T06:40:00Z,S014
T003797,C04826,P0180,3,94.44,2024-01-03T13:16:00Z,S043
T003798,C04335,P0914,2,120.42,2024-01-02T23:30:00Z,S012
T003799,C00886,P0939,2,146.24,2024-01-03T06:27:00Z,S047
T003800,C04123,P0647,5,292.35,2024-01-03T13:40:00Z,S011
T003801,C03356,P0473,5,644.3,2024-01-03T03:32:00Z,S006
T003802,C02751,P0281,1,105.19,2024-01-03T20:10:00Z,S003
T003803,C03171,P0664,4,607.88,2024-01-01T19:49:00Z,S041
T003804,C00951,P0942,2,232.54,2024-01-01T10:26:00Z,S020
T003805,C02161,P0589,5,622.05,2024-01-02T08:24:00Z,S004
T003806,C03232,P0769,2,389.34,2024-01-02T04:07:00Z,S013
T003807,C00374,P0592,3,297.48,2024-01-03T19:22:00Z,S019
T003808,C02962,P0137,5,396.8,2024-01-02T07:51:00Z,S005
T003809,C01829,P0176,3,71.55,2024-01-03T05:33:00Z,S047
T003810,C01445,P0525,3,524.46,2024-01-01T11:11:00Z,S045
T003811,C04655,P0464,2,134.78,2024-01-02T08:19:00Z,S010
T003812,C02082,P0494,2,77.56,2024-01-02T02:07:00Z,S048
T003813,C00113,P0423,5,437.0,2024-01-03T08:11:00Z,S008
T003814,C02443,P0545,2,243.26,2024-01-02T13:44:00Z,S046
T003815,C02538,P0553,4,739.88,2024-01-03T09:57:00Z,S048
T003816,C00818,P0391,4,252.12,2024-01-01T11:08:00Z,S031
T003817,C03860,P0375,2,259.9,2024-01-02T01:16:00Z,S025
T003818,C04395,P0796,3,71.1,2024-01-02T21:53:00Z,S007
T003819,C00621,P0730,5,775.65,2024-01-01T20:08:00Z,S020
T003820,C00154,P0837,5,973.6,2024-01-02T18:22:00Z,S046
T003821,C01837,P0765,5,260.2,2024-01-01T14:03:00Z,S027
T003822,C04952,P0290,1,10.44,2024-01-03T07:44:00Z,S050
T003823,C01914,P0540,2,39.0,2024-01-03T20:54:00Z,S002
T003824,C01834,P0212,1,69.25,2024-01-02T15:38:00Z,S040
T003825,C03238,P0686,1,169.65,2024-01-03T16:03:00Z,S015
T003826,C04723,P0224,2,225.64,2024-01-03T15:18:00Z,S040
T003827,C04321,P0349,1,139.23,2024-01-02T20:07:00Z,S003
T003828,C01549,P0124,5,946.65,2024-01-01T11:00:00Z,S019
T003829,C03072,P0897,3,216.87,2024-01-03T02:43:00Z,S050
T003830,C04772,P0215,2,91.06,2024-01-03T20:29:00Z,S002
T003831,C02329,P0520,4,581.44,2024-01-03T16:51:00Z,S050
T003832,C01772,P0448,3,205.95,2024-01-03T04:57:00Z,S048
T003833,C00868,P0352,2,340.92,2024-01-02T12:37:00Z,S040
T003834,C01540,P0735,3,152.34,2024-01-03T06:42:00Z,S025
T003835,C02587,P0439,5,540.85,2024-01-01T15:07:00Z,S018
T003836,C04875,P0213,4,746.44,2024-01-03T20:46:00Z,S044
T003837,C02819,P0983,1,147.35,2024-01-02T19:45:00Z,S011
T003838,C04087,P0696,2,97.64,2024-01-03T00:14:00Z,S007
T003839,C00808,P0700,4,793.92,2024-01-03T02:31:00Z,S042
T003840,C03426,P0328,1,147.16,2024-01-02T03:32:00Z,S042
T003841,C00617,P0560,4,697.04,2024-01-02T04:58:00Z,S039
T003842,C04142,P0994,3,104.67,2024-01-03T14:13:00Z,S029
T003843,C03513,P0867,1,144.88,2024-01-02T16:00:00Z,S047
T003844,C01471,P0502,1,53.72,2024-01-03T06:52:00Z,S010
T003845,C02544,P0177,1,33.18,2024-01-02T12:50:00Z,S017
T003846,C04192,P0330,2,362.64,2024-01-01T18:39:00Z,S039
T003847,C04118,P0454,1,106.93,2024-01-02T21:58:00Z,S010
T003848,C00219,P0517,2,217.1,2024-01-02T08:18:00Z,S006
T003849,C01777,P0889,4,655.8,2024-01-02T15:14:00Z,S044
T003850,C02919,P0068,5,208.05,2024-01-03T05:42:00Z,S036
T003851,C02244,P0713,5,507.45,2024-01-03T06:22:00Z,S019
T003852,C04011,P0094,5,658.6,2024-01-02T14:26:00Z,S002
T003853,C02573,P0931,3,508.41,2024-01-01T15:06:00Z,S040
T003854,C02812,P0696,2,97.64,2024-01-01T13:04:00Z,S009
T003855,C00908,P0927,3,31.8,2024-01-02T16:34:00Z,S020
T003856,C04628,P0883,1,193.26,2024-01-01T22:19:00Z,S022
T003857,C01887,P0218,1,94.02,2024-01-02T12:51:00Z,S016
T003858,C03915,P0827,2,331.68,2024-01-02T16:51:00Z,S021
T003859,C01172,P0826,1,66.96,2024-01-02T06:47:00Z,S029
T003860,C04865,P0589,3,373.23,2024-01-03T19:46:00Z,S003
T003861,C03418,P0368,4,455.08,2024-01-01T20:27:00Z,S029
T003862,C03345,P0356,3,483.72,2024-01-03T08:51:00Z,S001
T003863,C02038,P0486,5,103.65,2024-01-03T18:09:00Z,S009
T003864,C02334,P0415,5,474.9,2024-01-02T21:48:00Z,S004
T003865,C04069,P0235,4,397.68,2024-01-02T12:28:00Z,S012
T003866,C04694,P0465,4,512.92,2024-01-02T06:49:00Z,S017
T003867,C04806,P0805,3,180.75,2024-01-03T00:04:00Z,S033
T003868,C01424,P0909,1,116.34,2024-01-01T13:35:00Z,S019
T003869,C03733,P0661,5,51.6,2024-01-03T17:30:00Z,S026
T003870,C01223,P0251,5,580.7,2024-01-01T17:54:00Z,S009
T003871,C01662,P0927,4,42.4,2024-01-01T17:31:00Z,S005
T003872,C03967,P0717,5,941.25,2024-01-02T19:08:00Z,S045
T003873,C04754,P0245,4,289.2,2024-01-01T16:04:00Z,S001
T003874,C02211,P0120,5,133.2,2024-01-02T20:37:00Z,S027
T003875,C01969,P0237,5,768.55,2024-01-03T15:41:00Z,S031
T003876,C04385,P0356,3,483.72,2024-01-02T14:47:00Z,S006
T003877,C03580,P0866,1,77.04,2024-01-02T13:33:00Z,S026
T003878,C02357,P0092,2,173.94,2024-01-02T16:16:00Z,S003
T003879,C03034,P0688,4,118.12,2024-01-01T14:52:00Z,S002
T003880,C04090,P0328,1,147.16,2024-01-02T00:21:00Z,S003
T003881,C04946,P0101,1,186.1,2024-01-01T13:58:00Z,S003
T003882,C02420,P0054,4,341.4,2024-01-01T20:31:00Z,S034
T003883,C02220,P0273,2,223.48,2024-01-01T20:08:00Z,S001
T003884,C04657,P0516,3,553.11,2024-01-03T01:19:00Z,S037
T003885,C02596,P0124,2,378.66,2024-01-02T12:58:00Z,S018
T003886,C03554,P0657,1,109.17,2024-01-03T17:04:00Z,S007
T003887,C04005,P0838,1,92.48,2024-01-03T00:37:00Z,S023
T003888,C03100,P0530,3,68.85,2024-01-01T21:03:00Z,S014
T003889,C03012,P0611,4,67.36,2024-01-02T16:05:00Z,S016
T003890,C02759,P0700,5,992.4,2024-01-03T14:30:00Z,S022
T003891,C04003,P0084,4,799.44,2024-01-02T09:38:00Z,S040
T003892,C00836,P0725,2,45.28,2024-01-01T17:30:00Z,S036
T003893,C01231,P0593,4,226.36,2024-01-03T08:34:00Z,S042
T003894,C02777,P0490,3,400.32,2024-01-02T23:12:00Z,S047
T003895,C04023,P0347,2,41.82,2024-01-03T13:55:00Z,S008
T003896,C00406,P0436,2,282.3,2024-01-02T08:53:00Z,S015
T003897,C02479,P0367,5,107.85,2024-01-01T20:53:00Z,S010
T003898,C00478,P0653,5,388.65,2024-01-01T21:48:00Z,S030
T003899,C03992,P0632,4,555.12,2024-01-03T07:31:00Z,S038
T003900,C04953,P0246,2,235.6,2024-01-02T03:55:00Z,S011
T003901,C02742,P0848,3,306.87,2024-01-02T12:21:00Z,S020
T003902,C00722,P0715,1,173.41,2024-01-02T05:19:00Z,S030
T003903,C04981,P0671,3,39.66,2024-01-02T18:45:00Z,S050
T003904,C02157,P0942,2,232.54,2024-01-01T11:08:00Z,S050
T003905,C03005,P0765,2,104.08,2024-01-03T11:09:00Z,S011
T003906,C04279,P0972,4,749.92,2024-01-03T04:58:00Z,S002
T003907,C00020,P0039,5,621.45,2024-01-02T05:53:00Z,S022
T003908,C02315,P0693,2,387.72,2024-01-02T07:35:00Z,S023
T003909,C04629,P0321,4,116.92,2024-01-02T10:16:00Z,S042
T003910,C04198,P0541,1,43.99,2024-01-02T23:58:00Z,S047
T003911,C04319,P0170,3,347.88,2024-01-03T07:16:00Z,S038
T003912,C02166,P0641,3,429.54,2024-01-03T10:09:00Z,S030
T003913,C03071,P0286,5,209.45,2024-01-01T22:11:00Z,S017
T003914,C03138,P0495,5,172.85,2024-01-02T14:52:00Z,S003
T003915,C04451,P0101,4,744.4,2024-01-01T22:28:00Z,S015
T003916,C04465,P0179,1,176.44,2024-01-01T17:20:00Z,S025
T003917,C00287,P0349,3,417.69,2024-01-02T07:04:00Z,S025
T003918,C03297,P0303,5,426.05,2024-01-01T19:23:00Z,S032
T003919,C01299,P0381,5,481.0,2024-01-02T16:48:00Z,S034
T003920,C01096,P0530,3,68.85,2024-01-03T07:22:00Z,S008
T003921,C03265,P0325,2,150.86,2024-01-03T00:49:00Z,S044
T003922,C04743,P0308,4,192.96,2024-01-03T19:05:00Z,S001
T003923,C00204,P0063,1,191.5,2024-01-03T13:27:00Z,S015
T003924,C01696,P0060,5,829.35,2024-01-02T19:42:00Z,S024
T003925,C01455,P0275,2,268.3,2024-01-03T09:39:00Z,S022
T003926,C03220,P0997,1,176.25,2024-01-03T17:34:00Z,S024
T003927,C02102,P0110,2,140.56,2024-01-02T01:48:00Z,S001
T003928,C04104,P0708,1,171.41,2024-01-03T10:37:00Z,S021
T003929,C00484,P0228,2,352.6,2024-01-03T13:08:00Z,S034
T003930,C00123,P0041,1,56.78,2024-01-01T16:30:00Z,S024
T003931,C03039,P0206,3,592.65,2024-01-02T14:09:00Z,S001
T003932,C03803,P0327,3,78.27,2024-01-01T19:48:00Z,S034
T003933,C02158,P0010,3,279.06,2024-01-03T17:40:00Z,S026
T003934,C02303,P0109,4,216.72,2024-01-03T10:55:00Z,S023
T003935,C00976,P0064,4,409.64,2024-01-02T11:45:00Z,S013
T003936,C02541,P0002,5,760.45,2024-01-03T17:20:00Z,S013
T003937,C03151,P0603,5,71.6,2024-01-03T01:30:00Z,S024
T003938,C01401,P0956,1,80.32,2024-01-02T20:15:00Z,S012
T003939,C02302,P0077,1,99.63,2024-01-01T11:40:00Z,S005
T003940,C01955,P0999,3,581.82,2024-01-01T23:07:00Z,S039
T003941,C01746,P0791,2,302.76,2024-01-01T19:52:00Z,S019
T003942,C00031,P0636,3,375.57,2024-01-01T11:27:00Z,S023
T003943,C00107,P0866,3,231.12,2024-01-01T23:30:00Z,S048
T003944,C00263,P0451,2,184.24,2024-01-03T15:00:00Z,S010
T003945,C01165,P0441,1,76.57,2024-01-02T22:41:00Z,S003
T003946,C04743,P0093,2,242.38,2024-01-01T22:44:00Z,S045
T003947,C02028,P0596,4,285.72,2024-01-02T11:47:00Z,S029
T003948,C01556,P0939,1,73.12,2024-01-02T10:01:00Z,S021
T003949,C04443,P0562,4,106.16,2024-01-03T02:36:00Z,S003
T003950,C04442,P0833,5,145.2,2024-01-01T15:00:00Z,S031
T003951,C04394,P0640,5,586.2,2024-01-03T16:13:00Z,S020
T003952,C03645,P0966,4,297.52,2024-01-03T06:31:00Z,S018
T003953,C01407,P0736,5,420.95,2024-01-01T15:47:00Z,S047
T003954,C02305,P0082,3,507.72,2024-01-02T20:28:00Z,S036
T003955,C04876,P0519,5,549.4,2024-01-02T12:36:00Z,S016
T003956,C04087,P0978,3,570.15,2024-01-03T09:19:00Z,S046
T003957,C03448,P0624,5,880.1,2024-01-02T13:05:00Z,S040
T003958,C01644,P0689,2,211.94,2024-01-01T13:26:00Z,S046
T003959,C00239,P0787,2,325.38,2024-01-03T18:30:00Z,S007
T003960,C01158,P0229,4,209.32,2024-01-02T10:46:00Z,S032
T003961,C02506,P0821,1,8.62,2024-01-03T04:41:00Z,S025
T003962,C03538,P0673,1,44.09,2024-01-01T19:01:00Z,S026
T003963,C02277,P0636,2,250.38,2024-01-02T01:35:00Z,S024
T003964,C01635,P0244,2,207.54,2024-01-02T22:25:00Z,S019
T003965,C03486,P0223,2,257.14,2024-01-03T19:55:00Z,S033
T003966,C02357,P0432,2,365.1,2024-01-01T16:52:00Z,S040
T003967,C03333,P0511,2,364.16,2024-01-03T10:33:00Z,S045
T003968,C02351,P0789,1,162.57,2024-01-02T06:04:00Z,S034
T003969,C01473,P0619,3,497.37,2024-01-02T12:35:00Z,S018
T003970,C02156,P0658,4,336.4,2024-01-03T20:30:00Z,S003
T003971,C02121,P0309,5,574.0,2024-01-02T17:28:00Z,S011
T003972,C00492,P0701,3,241.05,2024-01-03T14:07:00Z,S042
T003973,C00035,P0661,1,10.32,2024-01-02T19:24:00Z,S043
T003974,C04285,P0256,1,114.45,2024-01-01T10:32:00Z,S034
T003975,C02336,P0389,4,85.6,2024-01-03T17:43:00Z,S002
T003976,C02025,P0729,4,342.36,2024-01-01T22:37:00Z,S010
T003977,C01760,P0361,2,124.02,2024-01-02T12:33:00Z,S019
T003978,C03409,P0390,2,79.42,2024-01-03T02:38:00Z,S026
T003979,C01608,P0079,2,186.9,2024-01-02T23:07:00Z,S011
T003980,C01069,P0657,2,218.34,2024-01-02T18:39:00Z,S009
T003981,C02739,P0005,4,429.24,2024-01-02T00:27:00Z,S011
T003982,C03332,P0469,1,191.03,2024-01-02T10:58:00Z,S049
T003983,C00810,P0597,5,330.85,2024-01-01T18:59:00Z,S048
T003984,C04478,P0884,5,428.1,2024-01-02T18:24:00Z,S014
T003985,C00063,P0492,1,36.48,2024-01-02T01:13:00Z,S044
T003986,C02800,P0761,4,574.88,2024-01-01T13:27:00Z,S027
T003987,C00912,P0513,5,311.55,2024-01-03T00:46:00Z,S041
T003988,C04419,P0772,5,892.2,2024-01-03T10:38:00Z,S045
T003989,C03810,P0738,1,155.12,2024-01-03T20:49:00Z,S015
T003990,C00823,P0189,3,66.36,2024-01-03T04:53:00Z,S022
T003991,C03913,P0601,2,171.64,2024-01-01T19:51:00Z,S048
T003992,C00255,P0370,3,106.14,2024-01-02T13:16:00Z,S009
T003993,C04739,P0794,4,728.48,2024-01-01T17:30:00Z,S019
T003994,C04148,P0736,2,168.38,2024-01-03T07:12:00Z,S047
T003995,C02325,P0294,4,787.28,2024-01-03T19:15:00Z,S020
T003996,C04103,P0828,1,188.4,2024-01-02T21:34:00Z,S049
T003997,C02866,P0769,3,584.01,2024-01-02T01:30:00Z,S036
T003998,C00167,P0924,4,452.96,2024-01-01T12:15:00Z,S050
T003999,C03925,P0924,4,452.96,2024-01-03T18:26:00Z,S016
T004000,C00724,P0796,4,94.8,2024-01-03T12:21:00Z,S012
T004001,C04413,P0553,5,924.85,2024-01-01T21:00:00Z,S031
T004002,C03984,P0053,3,235.95,2024-01-01T09:28:00Z,S008
T004003,C02649,P0561,1,24.34,2024-01-02T03:07:00Z,S038
T004004,C01029,P0171,1,87.35,2024-01-01T20:50:00Z,S038
T004005,C01930,P0936,3,170.37,2024-01-02T12:02:00Z,S006
T004006,C01906,P0355,5,829.85,2024-01-02T03:46:00Z,S013
T004007,C02739,P0201,4,589.36,2024-01-02T16:16:00Z,S043
T004008,C02157,P0736,4,336.76,2024-01-02T05:06:00Z,S042
T004009,C04314,P0307,2,201.62,2024-01-03T17:22:00Z,S028
T004010,C00772,P0990,5,255.95,2024-01-02T00:32:00Z,S018
T004011,C02283,P0472,5,591.75,2024-01-01T21:08:00Z,S050
T004012,C04112,P0205,1,132.39,2024-01-03T18:34:00Z,S023
T004013,C01343,P0523,5,967.55,2024-01-03T10:22:00Z,S048
T004014,C00244,P0651,1,154.15,2024-01-03T11:02:00Z,S009
T004015,C00516,P0152,3,191.79,2024-01-02T23:52:00Z,S049
T004016,C01619,P0050,2,333.16,2024-01-02T06:07:00Z,S025
T004017,C01832,P0101,5,930.5,2024-01-03T09:33:00Z,S013
T004018,C00442,P0122,1,183.74,2024-01-02T02:00:00Z,S007
T004019,C02907,P0774,5,336.75,2024-01-02T19:14:00Z,S020
T004020,C03271,P0022,1,130.14,2024-01-02T13:51:00Z,S042
T004021,C04075,P0318,5,95.75,2024-01-02T01:03:00Z,S003
T004022,C03359,P0227,3,62.19,2024-01-02T19:51:00Z,S049
T004023,C00882,P0651,3,462.45,2024-01-02T09:03:00Z,S026
T004024,C04665,P0735,1,50.78,2024-01-01T20:59:00Z,S036
T004025,C02728,P0404,2,369.58,2024-01-02T07:21:00Z,S046
T004026,C02389,P0662,4,491.88,2024-01-01T14:38:00Z,S015
T004027,C04208,P0625,3,484.74,2024-01-02T16:05:00Z,S043
T004028,C04436,P0017,5,516.25,2024-01-01T13:31:00Z,S019
T004029,C04576,P0200,1,43.04,2024-01-03T18:07:00Z,S004
T004030,C02218,P0269,3,147.18,2024-01-03T19:22:00Z,S046
T004031,C03315,P0206,1,197.55,2024-01-02T20:49:00Z,S035
T004032,C04190,P0119,1,31.96,2024-01-02T19:32:00Z,S043
T004033,C04072,P0041,4,227.12,2024-01-03T15:49:00Z,S026
T004034,C01773,P0575,2,138.54,2024-01-01T19:31:00Z,S006
T004035,C02387,P0397,1,87.8,2024-01-01T11:28:00Z,S007
T004036,C01081,P0762,1,85.34,2024-01-01T20:10:00Z,S039
T004037,C03926,P0863,4,288.6,2024-01-03T08:16:00Z,S043
T004038,C03021,P0751,4,221.52,2024-01-03T15:30:00Z,S036
T004039,C03527,P0536,3,58.35,2024-01-03T01:30:00Z,S047
T004040,C03793,P0313,4,403.2,2024-01-03T04:53:00Z,S016
T004041,C00262,P0615,4,580.96,2024-01-02T09:33:00Z,S021
T004042,C02078,P0123,2,136.56,2024-01-03T20:51:00Z,S010
T004043,C02142,P0830,3,192.42,2024-01-03T01:11:00Z,S028
T004044,C04971,P0344,2,268.82,2024-01-02T07:32:00Z,S037
T004045,C01185,P0828,1,188.4,2024-01-03T10:34:00Z,S015
T004046,C02289,P0889,1,163.95,2024-01-03T20:27:00Z,S011
T004047,C04886,P0761,4,574.88,2024-01-01T16:35:00Z,S008
T004048,C00513,P0685,1,138.41,2024-01-03T08:47:00Z,S044
T004049,C02505,P0436,2,282.3,2024-01-02T09:31:00Z,S005
T004050,C01371,P0656,3,553.38,2024-01-01T11:31:00Z,S041
T004051,C03959,P0774,2,134.7,2024-01-02T13:56:00Z,S047
T004052,C04879,P0907,5,434.35,2024-01-01T23:26:00Z,S004
T004053,C03093,P0461,4,592.04,2024-01-02T06:13:00Z,S037
T004054,C04374,P0741,4,515.48,2024-01-02T16:42:00Z,S015
T004055,C01540,P0363,4,612.8,2024-01-02T18:45:00Z,S001
T004056,C01190,P0617,3,110.7,2024-01-02T08:39:00Z,S047
T004057,C02731,P0348,5,96.9,2024-01-01T16:08:00Z,S011
T004058,C04979,P0829,3,433.26,2024-01-03T11:40:00Z,S021
T004059,C02794,P0970,5,387.7,2024-01-01T15:29:00Z,S048
T004060,C04971,P0499,5,230.3,2024-01-02T19:32:00Z,S022
T004061,C01018,P0890,2,67.1,2024-01-03T08:24:00Z,S018
T004062,C02005,P0935,2,241.56,2024-01-01T16:49:00Z,S042
T004063,C03712,P0024,5,706.2,2024-01-02T14:28:00Z,S035
T004064,C03073,P0232,4,184.92,2024-01-03T16:07:00Z,S028
T004065,C03463,P0578,5,618.0,2024-01-02T19:12:00Z,S014
T004066,C04991,P0121,4,702.0,2024-01-03T03:30:00Z,S047
T004067,C01625,P0594,2,19.32,2024-01-02T18:02:00Z,S025
T004068,C00929,P0354,4,545.96,2024-01-03T15:21:00Z,S029
T004069,C03826,P0355,3,497.91,2024-01-02T09:45:00Z,S038
T004070,C01152,P0834,3,266.7,2024-01-02T22:24:00Z,S040
T004071,C04823,P0617,1,36.9,2024-01-02T11:03:00Z,S002
T004072,C01492,P0986,2,279.54,2024-01-03T12:59:00Z,S045
T004073,C00277,P0910,2,56.42,2024-01-03T00:50:00Z,S049
T004074,C02478,P0941,2,317.76,2024-01-03T14:25:00Z,S019
T004075,C01137,P0611,1,16.84,2024-01-02T05:15:00Z,S047
T004076,C01911,P0712,5,815.35,2024-01-03T00:11:00Z,S022
T004077,C01426,P0562,2,53.08,2024-01-02T02:12:00Z,S018
T004078,C03990,P0742,4,799.52,2024-01-03T09:09:00Z,S027
T004079,C04140,P0476,2,288.48,2024-01-02T05:21:00Z,S008
T004080,C04201,P0866,3,231.12,2024-01-01T13:06:00Z,S011
T004081,C02614,P0071,4,711.08,2024-01-02T02:38:00Z,S012
T004082,C02439,P0636,3,375.57,2024-01-03T14:30:00Z,S034
T004083,C02128,P0054,2,170.7,2024-01-02T03:31:00Z,S014
T004084,C03712,P0097,3,453.78,2024-01-01T10:36:00Z,S025
T004085,C00806,P0069,1,112.97,2024-01-03T10:35:00Z,S018
T004086,C00223,P0877,1,174.45,2024-01-03T06:11:00Z,S034
T004087,C04011,P0205,4,529.56,2024-01-02T08:30:00Z,S026
T004088,C01692,P0681,5,863.5,2024-01-02T11:46:00Z,S020
T004089,C03221,P0207,1,155.96,2024-01-03T19:42:00Z,S046
T004090,C03364,P0141,4,29.2,2024-01-03T18:34:00Z,S033
T004091,C02502,P0646,5,388.45,2024-01-02T10:46:00Z,S016
T004092,C04951,P0616,4,443.2,2024-01-03T03:47:00Z,S008
T004093,C03840,P0063,3,574.5,2024-01-03T03:39:00Z,S050
T004094,C02500,P0489,4,318.92,2024-01-03T01:08:00Z,S011
T004095,C02519,P0526,3,299.7,2024-01-02T19:37:00Z,S021
T004096,C02901,P0961,2,160.6,2024-01-03T16:46:00Z,S047
T004097,C02894,P0567,3,171.57,2024-01-01T17:23:00Z,S034
T004098,C01771,P0066,5,416.5,2024-01-02T10:44:00Z,S005
T004099,C01478,P0534,4,307.28,2024-01-03T11:06:00Z,S044
T004100,C03387,P0033,2,122.08,2024-01-03T08:19:00Z,S028
T004101,C04362,P0651,1,154.15,2024-01-02T00:51:00Z,S010
T004102,C02102,P0165,2,327.48,2024-01-02T22:43:00Z,S006
T004103,C02267,P0135,5,392.9,2024-01-01T10:03:00Z,S045
T004104,C03937,P0583,3,25.65,2024-01-03T05:26:00Z,S020
T004105,C02939,P0583,1,8.55,2024-01-03T03:26:00Z,S038
T004106,C03139,P0890,5,167.75,2024-01-02T05:40:00Z,S017
T004107,C00954,P0782,1,87.87,2024-01-03T19:26:00Z,S033
T004108,C00953,P0059,4,706.8,2024-01-02T17:36:00Z,S033
T004109,C04176,P0708,4,685.64,2024-01-02T20:54:00Z,S006
T004110,C00693,P0157,3,565.89,2024-01-02T18:12:00Z,S008
T004111,C01628,P0883,2,386.52,2024-01-02T05:11:00Z,S015
T004112,C01071,P0234,4,130.88,2024-01-01T21:13:00Z,S037
T004113,C03275,P0072,4,621.68,2024-01-01T12:46:00Z,S045
T004114,C04865,P0987,1,85.62,2024-01-02T04:18:00Z,S023
T004115,C03197,P0103,3,175.89,2024-01-02T15:19:00Z,S018
T004116,C00687,P0609,3,598.38,2024-01-02T11:11:00Z,S025
T004117,C04644,P1000,1,11.91,2024-01-02T09:00:00Z,S034
T004118,C02472,P0586,5,133.9,2024-01-02T06:33:00Z,S029
T004119,C02572,P0348,4,77.52,2024-01-03T00:43:00Z,S007
T004120,C04582,P0408,2,283.6,2024-01-02T21:56:00Z,S019
T004121,C02903,P0995,3,171.69,2024-01-01T09:43:00Z,S045
T004122,C04455,P0781,5,902.2,2024-01-02T10:50:00Z,S016
T004123,C04577,P0996,3,275.61,2024-01-01T10:07:00Z,S005
T004124,C03344,P0674,5,413.9,2024-01-02T05:17:00Z,S036
T004125,C00425,P0007,3,525.84,2024-01-03T11:46:00Z,S024
T004126,C02601,P0698,1,173.71,2024-01-03T00:57:00Z,S002
T004127,C03445,P0438,4,745.0,2024-01-01T10:26:00Z,S010
T004128,C01464,P0082,2,338.48,2024-01-03T10:28:00Z,S033
T004129,C01985,P0496,1,153.42,2024-01-01T12:39:00Z,S047
T004130,C02110,P0500,1,56.48,2024-01-02T15:39:00Z,S008
T004131,C04666,P0729,3,256.77,2024-01-01T15:00:00Z,S007
T004132,C01996,P0618,4,569.12,2024-01-03T17:23:00Z,S025
T004133,C01139,P0943,2,246.12,2024-01-02T23:50:00Z,S021
T004134,C04515,P0618,1,142.28,2024-01-03T00:23:00Z,S032
T004135,C04546,P0108,1,183.65,2024-01-03T10:01:00Z,S010
T004136,C03577,P0923,3,582.93,2024-01-01T23:12:00Z,S004
T004137,C04301,P0932,1,61.34,2024-01-01T09:26:00Z,S017
T004138,C04831,P0627,4,765.12,2024-01-02T07:08:00Z,S019
T004139,C02617,P0565,3,450.81,2024-01-03T19:15:00Z,S017
T004140,C00099,P0945,3,328.65,2024-01-03T17:15:00Z,S036
T004141,C02808,P0399,1,165.67,2024-01-02T15:30:00Z,S029
T004142,C01889,P0330,3,543.96,2024-01-01T20:21:00Z,S032
T004143,C04880,P0960,2,244.68,2024-01-02T14:59:00Z,S044
T004144,C03807,P0362,3,94.11,2024-01-01T16:43:00Z,S017
T004145,C00883,P0978,1,190.05,2024-01-01T22:41:00Z,S038
T004146,C00241,P0014,2,253.44,2024-01-03T20:39:00Z,S040
T004147,C01775,P0728,4,623.68,2024-01-02T16:44:00Z,S045
T004148,C04179,P0889,2,327.9,2024-01-01T10:47:00Z,S049
T004149,C04444,P0500,4,225.92,2024-01-02T21:54:00Z,S008
T004150,C04586,P0750,2,17.86,2024-01-03T00:05:00Z,S047
T004151,C03386,P0518,2,137.72,2024-01-03T13:08:00Z,S049
T004152,C00134,P0190,3,125.46,2024-01-01T21:38:00Z,S029
T004153,C04480,P0506,1,70.73,2024-01-01T15:09:00Z,S031
T004154,C00750,P0514,2,231.22,2024-01-01T23:03:00Z,S033
T004155,C00986,P0610,3,544.92,2024-01-01T21:36:00Z,S030
T004156,C00090,P0594,3,28.98,2024-01-01T12:41:00Z,S008
T004157,C00956,P0205,3,397.17,2024-01-03T01:33:00Z,S003
T004158,C04822,P0452,5,913.9,2024-01-02T10:02:00Z,S012
T004159,C01918,P0818,3,432.66,2024-01-02T03:59:00Z,S022
T004160,C00827,P0402,4,592.04,2024-01-03T11:23:00Z,S045
T004161,C04186,P0214,3,433.11,2024-01-02T16:31:00Z,S049
T004162,C02850,P0021,1,121.46,2024-01-02T04:17:00Z,S017
T004163,C01486,P0491,5,954.1,2024-01-03T04:25:00Z,S018
T004164,C04346,P0679,5,375.15,2024-01-02T14:49:00Z,S020
T004165,C00113,P0392,1,177.69,2024-01-01T10:07:00Z,S050
T004166,C01340,P0471,5,473.65,2024-01-02T01:36:00Z,S035
T004167,C04203,P0826,1,66.96,2024-01-01T12:44:00Z,S034
T004168,C02415,P0553,2,369.94,2024-01-03T05:23:00Z,S022
T004169,C03910,P0395,2,46.14,2024-01-02T22:38:00Z,S031
T004170,C00556,P0679,5,375.15,2024-01-03T10:03:00Z,S013
T004171,C04033,P0795,2,295.34,2024-01-03T07:27:00Z,S003
T004172,C01357,P0550,2,52.5,2024-01-03T14:58:00Z,S011
T004173,C01417,P0213,5,933.05,2024-01-03T01:25:00Z,S026
T004174,C02858,P0234,3,98.16,2024-01-01T14:47:00Z,S036
T004175,C02418,P0411,2,166.92,2024-01-02T11:20:00Z,S012
T004176,C00675,P0857,4,347.96,2024-01-02T16:23:00Z,S045
T004177,C02109,P0008,1,95.73,2024-01-01T10:17:00Z,S004
T004178,C02019,P0384,2,195.38,2024-01-03T06:47:00Z,S023
T004179,C01011,P0185,1,174.8,2024-01-03T05:03:00Z,S014
T004180,C03691,P0361,3,186.03,2024-01-03T12:05:00Z,S030
T004181,C02293,P0199,5,498.2,2024-01-02T19:53:00Z,S015
T004182,C04029,P0851,2,318.96,2024-01-02T04:56:00Z,S045
T004183,C02177,P0810,5,721.15,2024-01-02T03:57:00Z,S024
T004184,C04478,P0639,2,206.56,2024-01-01T14:13:00Z,S008
T004185,C03034,P0651,4,616.6,2024-01-01T22:00:00Z,S043
T004186,C00692,P0348,3,58.14,2024-01-03T04:02:00Z,S035
T004187,C04049,P0099,1,62.84,2024-01-01T17:10:00Z,S029
T004188,C03279,P0044,4,737.64,2024-01-03T01:24:00Z,S042
T004189,C03447,P0960,4,489.36,2024-01-02T22:06:00Z,S001
T004190,C00836,P0029,1,146.41,2024-01-03T17:28:00Z,S046
T004191,C00040,P0104,3,499.98,2024-01-01T22:42:00Z,S041
T004192,C02784,P0425,1,132.28,2024-01-02T19:03:00Z,S021
T004193,C04807,P0744,2,227.04,2024-01-02T09:00:00Z,S002
T004194,C03106,P0891,3,477.45,2024-01-03T17:58:00Z,S001
T004195,C03101,P0996,5,459.35,2024-01-01T22:13:00Z,S042
T004196,C02433,P0426,1,68.06,2024-01-02T10:40:00Z,S050
T004197,C03762,P0647,3,175.41,2024-01-02T08:09:00Z,S032
T004198,C00436,P0621,1,104.36,2024-01-03T08:16:00Z,S036
T004199,C03452,P0749,2,197.02,2024-01-02T21:34:00Z,S045
T004200,C00763,P0429,1,57.48,2024-01-02T22:34:00Z,S036
T004201,C00828,P0141,5,36.5,2024-01-01T17:49:00Z,S029
T004202,C03585,P0778,5,670.75,2024-01-01T14:56:00Z,S037
T004203,C04448,P0306,1,166.69,2024-01-01T09:49:00Z,S007
T004204,C01618,P0305,3,362.46,2024-01-02T23:57:00Z,S004
T004205,C01591,P0537,5,229.15,2024-01-02T00:09:00Z,S041
T004206,C00950,P0721,2,10.92,2024-01-03T09:27:00Z,S050
T004207,C03582,P0487,5,233.1,2024-01-03T02:13:00Z,S037
T004208,C03959,P0870,1,164.76,2024-01-02T11:21:00Z,S039
T004209,C02908,P0586,2,53.56,2024-01-02T16:13:00Z,S001
T004210,C04615,P0199,1,99.64,2024-01-03T06:22:00Z,S036
T004211,C02525,P0657,5,545.85,2024-01-02T03:01:00Z,S048
T004212,C02307,P0693,1,193.86,2024-01-03T07:06:00Z,S040
T004213,C02906,P0379,4,319.96,2024-01-01T18:31:00Z,S039
T004214,C01643,P0611,3,50.52,2024-01-01T15:07:00Z,S002
T004215,C01645,P0071,4,711.08,2024-01-02T05:51:00Z,S031
T004216,C04521,P0276,4,193.44,2024-01-02T23:14:00Z,S020
T004217,C02150,P0698,2,347.42,2024-01-02T07:40:00Z,S008
T004218,C03866,P0044,1,184.41,2024-01-03T06:14:00Z,S045
T004219,C01544,P0934,3,518.25,2024-01-02T02:53:00Z,S022
T004220,C00745,P0016,2,118.84,2024-01-03T06:21:00Z,S044
T004221,C00370,P0053,2,157.3,2024-01-02T19:02:00Z,S028
T004222,C00053,P0109,5,270.9,2024-01-02T01:33:00Z,S003
T004223,C03253,P0104,3,499.98,2024-01-01T19:59:00Z,S014
T004224,C02902,P0375,1,129.95,2024-01-03T05:24:00Z,S046
T004225,C00765,P0497,3,156.99,2024-01-01T13:10:00Z,S035
T004226,C00940,P0508,2,154.16,2024-01-02T09:01:00Z,S022
T004227,C02641,P0132,1,181.42,2024-01-01T09:35:00Z,S007
T004228,C03396,P0887,3,165.96,2024-01-02T20:47:00Z,S005
T004229,C03799,P0350,5,357.85,2024-01-03T16:34:00Z,S018
T004230,C01088,P0052,1,93.72,2024-01-03T14:02:00Z,S025
T004231,C00706,P0698,2,347.42,2024-01-03T14:10:00Z,S026
T004232,C02252,P0217,3,193.2,2024-01-02T19:23:00Z,S033
T004233,C01741,P0093,3,363.57,2024-01-03T03:58:00Z,S009
T004234,C03033,P0429,4,229.92,2024-01-03T12:37:00Z,S011
T004235,C00018,P0915,5,719.8,2024-01-03T14:51:00Z,S025
T004236,C03569,P0254,3,598.29,2024-01-02T02:10:00Z,S007
T004237,C03169,P0304,4,449.56,2024-01-02T22:21:00Z,S045
T004238,C03084,P0385,1,6.74,2024-01-02T19:35:00Z,S023
T004239,C03918,P0627,2,382.56,2024-01-02T01:33:00Z,S043
T004240,C03531,P0301,4,346.96,2024-01-01T21:08:00Z,S020
T004241,C00882,P0476,2,288.48,2024-01-01T21:09:00Z,S022
T004242,C03407,P0932,5,306.7,2024-01-03T09:01:00Z,S034
T004243,C04517,P0007,1,175.28,2024-01-01T12:37:00Z,S019
T004244,C03019,P0941,3,476.64,2024-01-03T19:36:00Z,S013
T004245,C01307,P0518,3,206.58,2024-01-02T17:57:00Z,S003
T004246,C03613,P0103,5,293.15,2024-01-02T04:04:00Z,S015
T004247,C04806,P0184,2,337.5,2024-01-03T14:39:00Z,S036
T004248,C01853,P0909,4,465.36,2024-01-01T18:31:00Z,S050
T004249,C02530,P0990,5,255.95,2024-01-02T15:12:00Z,S038
T004250,C02582,P0142,5,864.75,2024-01-03T02:53:00Z,S045
T004251,C00947,P0608,4,762.76,2024-01-01T12:25:00Z,S006
T004252,C04374,P0958,5,224.95,2024-01-03T07:30:00Z,S013
T004253,C00469,P0477,4,456.44,2024-01-01T12:32:00Z,S009
T004254,C02824,P0974,3,205.8,2024-01-03T07:23:00Z,S033
T004255,C00746,P0176,2,47.7,2024-01-03T12:45:00Z,S025
T004256,C01989,P0635,2,132.58,2024-01-01T23:11:00Z,S032
T004257,C03779,P0037,3,403.83,2024-01-03T07:11:00Z,S032
T004258,C02898,P0328,1,147.16,2024-01-01T11:37:00Z,S008
T004259,C04817,P0286,4,167.56,2024-01-01T21:51:00Z,S045
T004260,C01130,P0227,3,62.19,2024-01-03T10:40:00Z,S018
T004261,C04839,P0380,1,126.35,2024-01-03T03:18:00Z,S011
T004262,C03729,P0017,2,206.5,2024-01-03T14:06:00Z,S028
T004263,C03309,P0515,5,823.5,2024-01-03T03:23:00Z,S010
T004264,C04614,P0381,3,288.6,2024-01-03T04:50:00Z,S034
T004265,C01740,P0964,3,250.71,2024-01-03T20:06:00Z,S032
T004266,C01817,P0961,1,80.3,2024-01-01T16:14:00Z,S023
T004267,C03323,P0955,1,112.23,2024-01-02T13:56:00Z,S040
T004268,C00274,P0430,3,380.46,2024-01-03T03:06:00Z,S017
T004269,C01813,P0870,3,494.28,2024-01-02T09:26:00Z,S042
T004270,C04654,P0173,3,214.56,2024-01-03T01:12:00Z,S047
T004271,C03869,P0381,3,288.6,2024-01-02T16:35:00Z,S024
T004272,C04468,P0692,2,162.12,2024-01-03T12:03:00Z,S023
T004273,C04806,P0415,2,189.96,2024-01-02T10:35:00Z,S016
T004274,C03634,P0166,1,132.3,2024-01-02T02:00:00Z,S032
T004275,C03021,P0031,2,157.46,2024-01-02T08:02:00Z,S006
T004276,C00899,P0443,2,43.72,2024-01-02T13:54:00Z,S006
T004277,C01981,P0787,5,813.45,2024-01-01T23:29:00Z,S001
T004278,C00907,P0844,5,676.95,2024-01-02T08:37:00Z,S014
T004279,C04586,P0565,4,601.08,2024-01-02T02:34:00Z,S026
T004280,C00120,P0520,4,581.44,2024-01-03T08:10:00Z,S047
T004281,C00540,P0599,4,44.6,2024-01-02T14:18:00Z,S039
T004282,C03338,P0160,1,88.64,2024-01-02T01:52:00Z,S047
T004283,C00400,P0580,1,140.37,2024-01-02T21:09:00Z,S025
T004284,C04859,P0616,4,443.2,2024-01-03T01:25:00Z,S014
T004285,C04651,P0741,4,515.48,2024-01-03T11:25:00Z,S013
T004286,C02143,P0584,2,21.7,2024-01-03T01:52:00Z,S037
T004287,C04521,P0834,5,444.5,2024-01-03T06:21:00Z,S025
T004288,C02051,P0882,4,593.24,2024-01-02T01:48:00Z,S002
T004289,C01977,P0499,1,46.06,2024-01-01T21:05:00Z,S008
T004290,C02014,P0743,3,173.73,2024-01-02T05:05:00Z,S012
T004291,C02379,P0070,4,29.28,2024-01-03T10:23:00Z,S016
T004292,C03251,P0745,2,391.4,2024-01-03T07:47:00Z,S026
T004293,C03964,P0245,1,72.3,2024-01-02T02:20:00Z,S009
T004294,C03088,P0857,2,173.98,2024-01-02T17:09:00Z,S011
T004295,C04105,P0163,4,248.4,2024-01-02T05:49:00Z,S036
T004296,C01310,P0373,3,539.79,2024-01-02T15:16:00Z,S020
T004297,C00456,P0802,4,22.88,2024-01-03T04:58:00Z,S023
T004298,C03144,P0422,2,100.48,2024-01-02T17:20:00Z,S034
T004299,C01554,P0459,1,133.75,2024-01-01T10:44:00Z,S031
T004300,C04971,P0819,3,386.94,2024-01-03T07:16:00Z,S035
T004301,C04186,P0711,2,208.42,2024-01-03T20:52:00Z,S014
T004302,C01989,P0385,4,26.96,2024-01-03T14:25:00Z,S010
T004303,C01574,P0551,2,36.88,2024-01-03T14:30:00Z,S040
T004304,C03633,P0227,1,20.73,2024-01-01T17:13:00Z,S020
T004305,C01013,P0146,4,798.0,2024-01-01T12:34:00Z,S028
T004306,C01246,P0634,1,8.68,2024-01-01T17:14:00Z,S001
T004307,C02673,P0837,3,584.16,2024-01-02T19:05:00Z,S043
T004308,C02247,P0963,1,33.7,2024-01-01T22:19:00Z,S003
T004309,C03825,P0918,5,979.55,2024-01-01T18:12:00Z,S015
T004310,C04111,P0952,2,197.0,2024-01-03T04:10:00Z,S019
T004311,C04482,P0001,5,582.3,2024-01-02T17:11:00Z,S011
T004312,C04413,P0370,2,70.76,2024-01-03T04:29:00Z,S007
T004313,C04563,P0407,3,467.97,2024-01-02T10:08:00Z,S011
T004314,C00660,P0535,3,447.84,2024-01-01T11:40:00Z,S025
T004315,C02079,P0497,3,156.99,2024-01-01T17:19:00Z,S008
T004316,C04218,P0386,1,87.61,2024-01-02T04:57:00Z,S035
T004317,C00473,P0177,2,66.36,2024-01-03T00:38:00Z,S038
T004318,C01241,P0458,4,268.28,2024-01-03T20:17:00Z,S050
T004319,C04673,P0572,4,547.48,2024-01-01T15:46:00Z,S007
T004320,C00793,P0539,2,33.7,2024-01-02T23:20:00Z,S050
T004321,C03193,P0885,4,37.52,2024-01-03T04:37:00Z,S032
T004322,C02309,P0393,1,13.55,2024-01-02T22:25:00Z,S027
T004323,C02615,P0592,1,99.16,2024-01-03T08:17:00Z,S048
T004324,C04019,P0438,5,931.25,2024-01-02T20:08:00Z,S017
T004325,C03647,P0321,4,116.92,2024-01-02T08:22:00Z,S013
T004326,C04634,P0048,4,158.76,2024-01-03T05:39:00Z,S014
T004327,C00523,P0474,5,367.1,2024-01-01T14:11:00Z,S008
T004328,C00133,P0454,4,427.72,2024-01-02T12:15:00Z,S046
T004329,C00862,P0120,4,106.56,2024-01-02T15:07:00Z,S041
T004330,C02313,P0207,1,155.96,2024-01-03T13:26:00Z,S035
T004331,C03437,P0883,3,579.78,2024-01-02T17:41:00Z,S019
T004332,C04254,P0680,5,444.7,2024-01-01T19:54:00Z,S043
T004333,C04737,P0238,3,156.54,2024-01-02T03:04:00Z,S029
T004334,C03538,P0037,2,269.22,2024-01-03T11:54:00Z,S016
T004335,C01405,P0824,4,482.24,2024-01-03T09:51:00Z,S045
T004336,C00269,P0584,1,10.85,2024-01-01T21:57:00Z,S008
T004337,C00230,P0008,4,382.92,2024-01-01T10:54:00Z,S025
T004338,C02376,P0245,3,216.9,2024-01-01T13:21:00Z,S040
T004339,C02404,P0018,1,109.69,2024-01-02T13:23:00Z,S027
T004340,C00301,P0378,3,273.63,2024-01-02T06:33:00Z,S016
T004341,C01584,P0103,3,175.89,2024-01-02T09:07:00Z,S038
T004342,C02482,P0745,3,587.1,2024-01-01T09:54:00Z,S032
T004343,C00473,P0804,2,144.68,2024-01-02T11:49:00Z,S036
T004344,C01181,P0187,1,89.75,2024-01-02T01:43:00Z,S031
T004345,C04902,P0750,2,17.86,2024-01-02T19:08:00Z,S005
T004346,C02725,P0464,1,67.39,2024-01-03T04:57:00Z,S036
T004347,C04134,P0560,5,871.3,2024-01-01T12:35:00Z,S019
T004348,C01197,P0983,2,294.7,2024-01-03T18:46:00Z,S024
T004349,C01701,P0859,5,465.05,2024-01-02T20:25:00Z,S022
T004350,C03693,P0300,3,189.69,2024-01-01T22:22:00Z,S023
T004351,C01430,P0550,1,26.25,2024-01-03T20:49:00Z,S038
T004352,C02245,P0271,2,163.36,2024-01-02T00:45:00Z,S036
T004353,C02635,P0475,3,430.11,2024-01-01T09:10:00Z,S030
T004354,C01689,P0483,3,363.75,2024-01-03T01:55:00Z,S012
T004355,C00120,P0300,5,316.15,2024-01-02T21:39:00Z,S026
T004356,C01651,P0185,4,699.2,2024-01-03T00:55:00Z,S016
T004357,C02590,P0225,4,132.68,2024-01-03T08:08:00Z,S005
T004358,C03461,P0959,3,426.51,2024-01-02T18:16:00Z,S004
T004359,C02929,P0711,2,208.42,2024-01-02T19:55:00Z,S027
T004360,C04577,P0395,4,92.28,2024-01-02T07:07:00Z,S036
T004361,C03505,P0181,5,318.6,2024-01-01T16:46:00Z,S033
T004362,C00260,P0481,4,327.88,2024-01-01T17:20:00Z,S009
T004363,C04860,P0853,5,179.85,2024-01-03T18:21:00Z,S030
T004364,C00734,P0613,3,218.88,2024-01-03T16:53:00Z,S025
T004365,C01630,P0844,1,135.39,2024-01-03T00:46:00Z,S048
T004366,C03832,P0585,4,144.76,2024-01-01T20:03:00Z,S011
T004367,C01135,P0965,2,287.48,2024-01-02T05:54:00Z,S014
T004368,C04207,P0485,2,88.34,2024-01-03T00:10:00Z,S007
T004369,C01809,P0830,4,256.56,2024-01-01T13:36:00Z,S004
T004370,C02701,P0962,4,368.8,2024-01-02T01:11:00Z,S003
T004371,C02318,P0309,2,229.6,2024-01-03T18:28:00Z,S023
T004372,C02939,P0524,5,838.15,2024-01-03T00:40:00Z,S021
T004373,C02836,P0045,4,462.64,2024-01-03T20:54:00Z,S024
T004374,C00563,P0169,1,159.74,2024-01-03T16:57:00Z,S029
T004375,C04856,P0738,5,775.6,2024-01-02T23:45:00Z,S004
T004376,C02744,P0858,5,958.75,2024-01-03T17:11:00Z,S012
T004377,C01150,P0074,4,404.08,2024-01-03T16:07:00Z,S032
T004378,C02939,P0003,1,133.47,2024-01-02T05:57:00Z,S044
T004379,C04529,P0856,4,219.64,2024-01-02T00:00:00Z,S011
T004380,C01532,P0046,3,417.84,2024-01-02T23:36:00Z,S006
T004381,C01652,P0383,2,158.86,2024-01-03T06:25:00Z,S025
T004382,C04708,P0010,1,93.02,2024-01-01T17:01:00Z,S032
T004383,C01182,P0457,1,10.77,2024-01-03T19:03:00Z,S019
T004384,C00003,P0226,1,40.01,2024-01-02T01:36:00Z,S002
T004385,C04062,P0360,5,699.3,2024-01-03T08:42:00Z,S027
T004386,C02869,P0570,5,683.55,2024-01-03T14:58:00Z,S017
T004387,C01028,P0399,1,165.67,2024-01-02T00:10:00Z,S039
T004388,C02200,P0004,4,329.48,2024-01-03T05:07:00Z,S015
T004389,C02222,P0297,4,593.12,2024-01-03T05:20:00Z,S012
T004390,C04495,P0892,1,86.76,2024-01-02T03:42:00Z,S001
T004391,C03246,P0049,5,217.75,2024-01-01T09:05:00Z,S020
T004392,C01680,P0141,1,7.3,2024-01-02T01:21:00Z,S041
T004393,C01330,P0009,3,152.67,2024-01-02T12:15:00Z,S026
T004394,C03459,P0427,3,112.47,2024-01-01T15:39:00Z,S043
T004395,C01597,P0145,1,115.67,2024-01-03T14:55:00Z,S004
T004396,C00130,P0245,1,72.3,2024-01-03T15:30:00Z,S050
T004397,C04383,P0008,3,287.19,2024-01-02T21:53:00Z,S010
T004398,C02087,P0147,5,980.5,2024-01-03T03:00:00Z,S030
T004399,C01653,P0291,4,629.44,2024-01-02T10:08:00Z,S026
T004400,C00111,P0415,4,379.92,2024-01-01T15:50:00Z,S045
T004401,C02084,P0705,4,52.8,2024-01-03T16:09:00Z,S026
T004402,C01496,P0410,1,126.64,2024-01-03T19:07:00Z,S049
T004403,C03655,P0377,5,429.7,2024-01-02T19:11:00Z,S013
T004404,C02492,P0654,5,868.9,2024-01-03T02:34:00Z,S044
T004405,C03036,P0462,3,97.83,2024-01-03T15:52:00Z,S049
T004406,C03496,P0483,1,121.25,2024-01-02T09:58:00Z,S024
T004407,C01366,P0579,5,856.95,2024-01-03T09:08:00Z,S038
T004408,C01167,P0846,4,603.36,2024-01-02T04:14:00Z,S032
T004409,C03124,P0872,3,355.17,2024-01-02T07:42:00Z,S042
T004410,C02508,P0076,2,210.38,2024-01-03T17:54:00Z,S019
T004411,C02607,P0732,1,106.61,2024-01-03T07:09:00Z,S015
T004412,C00559,P0135,2,157.16,2024-01-02T13:46:00Z,S048
T004413,C00333,P0440,5,947.0,2024-01-02T11:14:00Z,S020
T004414,C01930,P0005,1,107.31,2024-01-03T00:02:00Z,S038
T004415,C03013,P0013,2,62.34,2024-01-03T18:28:00Z,S025
T004416,C04142,P0664,2,303.94,2024-01-03T11:36:00Z,S044
T004417,C03742,P0627,5,956.4,2024-01-03T13:30:00Z,S005
T004418,C00778,P0917,2,357.6,2024-01-01T10:44:00Z,S003
T004419,C01089,P0158,2,19.9,2024-01-03T17:18:00Z,S021
T004420,C00800,P0262,3,584.76,2024-01-03T16:33:00Z,S034
T004421,C02028,P0723,2,296.68,2024-01-02T14:59:00Z,S004
T004422,C00276,P0141,2,14.6,2024-01-02T04:42:00Z,S049
T004423,C04155,P0769,4,778.68,2024-01-02T22:59:00Z,S048
T004424,C04671,P0587,4,620.92,2024-01-01T09:24:00Z,S041
T004425,C04891,P0424,2,223.26,2024-01-03T03:20:00Z,S028
T004426,C02301,P0007,4,701.12,2024-01-02T18:10:00Z,S040
T004427,C04994,P0004,5,411.85,2024-01-02T19:31:00Z,S003
T004428,C01703,P0224,1,112.82,2024-01-03T03:39:00Z,S022
T004429,C00575,P0618,4,569.12,2024-01-03T05:03:00Z,S004
T004430,C04932,P0411,1,83.46,2024-01-03T04:32:00Z,S032
T004431,C03552,P0999,3,581.82,2024-01-03T08:55:00Z,S024
T004432,C04562,P0688,2,59.06,2024-01-02T03:59:00Z,S033
T004433,C00155,P0553,2,369.94,2024-01-02T21:20:00Z,S009
T004434,C00266,P0768,2,192.5,2024-01-01T22:47:00Z,S029
T004435,C01687,P0938,1,100.22,2024-01-01T19:25:00Z,S049
T004436,C02877,P0389,3,64.2,2024-01-02T12:48:00Z,S047
T004437,C04075,P0249,5,979.75,2024-01-03T04:47:00Z,S009
T004438,C02896,P0885,2,18.76,2024-01-02T04:25:00Z,S035
T004439,C04440,P0357,1,89.23,2024-01-01T10:48:00Z,S038
T004440,C04827,P0405,1,29.46,2024-01-03T07:14:00Z,S032
T004441,C04843,P0195,2,275.56,2024-01-03T07:50:00Z,S017
T004442,C03511,P0653,2,155.46,2024-01-01T17:03:00Z,S033
T004443,C02384,P0604,4,564.04,2024-01-02T22:05:00Z,S036
T004444,C02548,P0698,2,347.42,2024-01-03T11:28:00Z,S024
T004445,C02993,P0586,1,26.78,2024-01-03T05:56:00Z,S020
T004446,C04463,P0449,3,109.35,2024-01-01T14:47:00Z,S006
T004447,C01387,P0061,3,521.58,2024-01-01T19:09:00Z,S024
T004448,C03709,P0508,4,308.32,2024-01-03T05:29:00Z,S013
T004449,C04329,P0304,5,561.95,2024-01-02T13:15:00Z,S031
T004450,C04645,P0244,1,103.77,2024-01-02T01:29:00Z,S003
T004451,C00900,P0441,4,306.28,2024-01-03T11:27:00Z,S028
T004452,C04876,P0906,2,184.78,2024-01-01T13:34:00Z,S036
T004453,C00229,P0889,3,491.85,2024-01-02T16:34:00Z,S018
T004454,C00864,P0610,1,181.64,2024-01-02T01:36:00Z,S031
T004455,C01220,P0445,2,157.04,2024-01-01T20:28:00Z,S026
T004456,C01461,P0806,5,207.85,2024-01-03T03:23:00Z,S041
T004457,C02225,P0338,1,198.76,2024-01-02T08:32:00Z,S010
T004458,C02893,P0826,4,267.84,2024-01-03T20:55:00Z,S023
T004459,C03781,P0355,3,497.91,2024-01-03T10:39:00Z,S004
T004460,C04008,P0073,4,501.28,2024-01-03T09:20:00Z,S039
T004461,C00336,P0355,1,165.97,2024-01-02T20:31:00Z,S027
T004462,C02987,P0563,4,462.08,2024-01-03T06:45:00Z,S007
T004463,C00818,P0693,2,387.72,2024-01-02T08:15:00Z,S002
T004464,C01874,P0775,5,559.8,2024-01-03T18:36:00Z,S014
T004465,C04214,P0640,2,234.48,2024-01-02T08:02:00Z,S006
T004466,C02533,P0105,2,144.96,2024-01-03T05:30:00Z,S002
T004467,C01649,P0658,3,252.3,2024-01-03T15:33:00Z,S014
T004468,C00734,P0093,4,484.76,2024-01-01T09:13:00Z,S029
T004469,C02528,P0368,3,341.31,2024-01-02T04:41:00Z,S003
T004470,C00653,P0167,3,24.45,2024-01-02T10:10:00Z,S034
T004471,C01359,P0655,4,446.8,2024-01-03T05:15:00Z,S040
T004472,C04559,P0817,2,251.06,2024-01-03T09:47:00Z,S032
T004473,C02534,P0935,5,603.9,2024-01-02T13:51:00Z,S032
T004474,C00533,P0894,2,264.28,2024-01-02T18:12:00Z,S039
T004475,C00759,P0873,4,515.24,2024-01-02T05:48:00Z,S004
T004476,C00514,P0445,4,314.08,2024-01-02T18:10:00Z,S033
T004477,C02866,P0021,1,121.46,2024-01-02T08:26:00Z,S012
T004478,C01575,P0652,1,7.65,2024-01-03T09:21:00Z,S032
T004479,C03140,P0945,3,328.65,2024-01-01T09:35:00Z,S047
T004480,C02016,P0533,5,875.7,2024-01-02T15:52:00Z,S037
T004481,C03669,P0030,1,159.79,2024-01-03T19:52:00Z,S014
T004482,C02932,P0452,4,731.12,2024-01-03T12:44:00Z,S015
T004483,C02850,P0358,4,63.84,2024-01-02T00:10:00Z,S038
T004484,C03973,P0883,4,773.04,2024-01-02T22:51:00Z,S040
T004485,C00748,P0972,3,562.44,2024-01-02T17:55:00Z,S005
T004486,C03470,P0946,4,494.08,2024-01-03T14:22:00Z,S044
T004487,C00803,P0135,1,78.58,2024-01-02T08:04:00Z,S042
T004488,C03011,P0842,1,99.36,2024-01-03T10:12:00Z,S039
T004489,C01966,P0247,2,64.82,2024-01-02T16:25:00Z,S008
T004490,C01855,P0246,4,471.2,2024-01-01T10:55:00Z,S031
T004491,C04191,P0573,5,618.3,2024-01-03T13:20:00Z,S019
T004492,C02838,P0206,1,197.55,2024-01-02T01:53:00Z,S048
T004493,C01556,P0980,2,325.48,2024-01-01T10:14:00Z,S029
T004494,C04353,P0092,4,347.88,2024-01-02T00:09:00Z,S011
T004495,C02288,P0684,5,355.9,2024-01-03T04:18:00Z,S005
T004496,C03082,P0114,4,409.52,2024-01-01T11:53:00Z,S039
T004497,C02466,P0258,4,667.4,2024-01-02T11:21:00Z,S011
T004498,C00994,P0840,5,329.35,2024-01-03T10:03:00Z,S027
T004499,C04948,P0275,5,670.75,2024-01-03T00:20:00Z,S018
T004500,C03899,P0294,1,196.82,2024-01-03T05:52:00Z,S040
T004501,C02019,P0999,2,387.88,2024-01-01T11:34:00Z,S013
T004502,C02863,P0896,4,574.52,2024-01-03T14:01:00Z,S010
T004503,C01343,P0344,2,268.82,2024-01-03T17:52:00Z,S022
T004504,C03969,P0427,4,149.96,2024-01-03T04:31:00Z,S015
T004505,C00824,P0159,5,797.85,2024-01-02T20:37:00Z,S018
T004506,C01471,P0702,2,112.36,2024-01-02T03:05:00Z,S040
T004507,C01402,P0270,1,190.89,2024-01-03T05:24:00Z,S025
T004508,C04959,P0499,2,92.12,2024-01-02T13:10:00Z,S010
T004509,C02062,P0327,1,26.09,2024-01-01T10:41:00Z,S048
T004510,C00470,P0465,3,384.69,2024-01-02T03:27:00Z,S009
T004511,C01728,P0798,5,192.7,2024-01-03T16:50:00Z,S016
T004512,C04811,P0049,1,43.55,2024-01-02T21:35:00Z,S043
T004513,C01322,P0248,4,388.16,2024-01-01T20:16:00Z,S023
T004514,C01821,P0269,4,196.24,2024-01-02T18:17:00Z,S004
T004515,C01171,P0730,2,310.26,2024-01-03T03:00:00Z,S009
T004516,C03358,P0271,1,81.68,2024-01-03T00:32:00Z,S024
T004517,C03780,P0539,1,16.85,2024-01-01T21:45:00Z,S034
T004518,C02795,P0775,1,111.96,2024-01-02T15:51:00Z,S002
T004519,C04512,P0649,1,182.51,2024-01-02T04:14:00Z,S026
T004520,C01739,P0399,1,165.67,2024-01-03T10:38:00Z,S018
T004521,C01053,P0439,2,216.34,2024-01-02T23:56:00Z,S028
T004522,C02318,P0982,3,227.31,2024-01-03T03:43:00Z,S015
T004523,C02042,P0711,5,521.05,2024-01-02T17:43:00Z,S012
T004524,C03300,P0274,3,52.29,2024-01-01T17:01:00Z,S009
T004525,C02093,P0346,1,94.66,2024-01-02T13:49:00Z,S003
T004526,C04845,P0757,4,204.64,2024-01-03T10:12:00Z,S012
T004527,C03450,P0128,2,150.06,2024-01-01T12:44:00Z,S044
T004528,C00023,P0288,2,26.48,2024-01-01T14:25:00Z,S046
T004529,C00511,P0196,1,172.31,2024-01-03T15:58:00Z,S015
T004530,C02211,P0491,3,572.46,2024-01-02T00:28:00Z,S016
T004531,C03384,P0769,4,778.68,2024-01-01T12:48:00Z,S009
T004532,C00153,P0579,2,342.78,2024-01-02T13:05:00Z,S043
T004533,C04391,P0268,4,432.88,2024-01-01T11:41:00Z,S028
T004534,C04870,P0520,2,290.72,2024-01-03T07:16:00Z,S031
T004535,C04449,P0524,1,167.63,2024-01-03T05:25:00Z,S042
T004536,C02705,P0070,2,14.64,2024-01-02T11:25:00Z,S017
T004537,C01595,P0613,4,291.84,2024-01-03T18:58:00Z,S035
T004538,C02504,P0763,2,121.86,2024-01-03T02:32:00Z,S024
T004539,C00107,P0554,4,335.16,2024-01-03T02:47:00Z,S015
T004540,C02935,P0533,3,525.42,2024-01-01T09:22:00Z,S019
T004541,C01767,P0133,1,164.21,2024-01-02T04:08:00Z,S047
T004542,C03492,P0139,2,388.8,2024-01-01T16:20:00Z,S026
T004543,C03396,P0004,1,82.37,2024-01-03T01:04:00Z,S026
T004544,C02923,P0352,4,681.84,2024-01-02T10:18:00Z,S019
T004545,C03848,P0946,5,617.6,2024-01-02T11:36:00Z,S035
T004546,C00238,P0860,3,368.01,2024-01-03T14:31:00Z,S025
T004547,C04857,P0236,5,132.8,2024-01-03T19:10:00Z,S013
T004548,C02086,P0859,5,465.05,2024-01-03T07:18:00Z,S030
T004549,C04031,P0392,1,177.69,2024-01-02T18:58:00Z,S009
T004550,C00227,P0021,5,607.3,2024-01-03T19:49:00Z,S045
T004551,C03382,P0204,2,212.18,2024-01-01T17:39:00Z,S014
T004552,C04701,P0606,5,588.4,2024-01-01T14:44:00Z,S046
T004553,C04326,P0956,1,80.32,2024-01-01T23:41:00Z,S028
T004554,C03668,P0886,1,117.5,2024-01-03T03:29:00Z,S033
T004555,C03575,P0755,3,551.13,2024-01-03T19:21:00Z,S004
T004556,C01832,P0501,2,276.5,2024-01-01T09:30:00Z,S003
T004557,C02387,P0587,5,776.15,2024-01-03T01:40:00Z,S010
T004558,C01270,P0660,2,58.7,2024-01-01T20:04:00Z,S042
T004559,C01077,P0248,4,388.16,2024-01-02T12:52:00Z,S040
T004560,C01351,P0515,1,164.7,2024-01-02T01:23:00Z,S042
T004561,C03758,P0374,2,48.02,2024-01-03T13:38:00Z,S046
T004562,C01567,P0576,2,49.88,2024-01-02T18:49:00Z,S026
T004563,C03213,P0841,2,114.4,2024-01-02T01:15:00Z,S049
T004564,C03346,P0200,3,129.12,2024-01-02T11:27:00Z,S007
T004565,C03853,P0658,4,336.4,2024-01-03T00:23:00Z,S027
T004566,C04561,P0504,2,252.46,2024-01-02T16:20:00Z,S009
T004567,C03520,P0662,4,491.88,2024-01-03T00:46:00Z,S014
T004568,C04535,P0396,1,121.74,2024-01-03T14:03:00Z,S019
T004569,C00273,P0658,2,168.2,2024-01-03T20:20:00Z,S005
T004570,C04673,P0583,3,25.65,2024-01-01T18:57:00Z,S014
T004571,C01867,P0083,1,150.67,2024-01-02T23:41:00Z,S025
T004572,C01587,P0784,1,46.71,2024-01-01T17:24:00Z,S032
T004573,C04674,P0049,4,174.2,2024-01-02T16:47:00Z,S033
T004574,C01281,P0479,3,565.47,2024-01-01T23:00:00Z,S044
T004575,C02509,P0242,5,827.5,2024-01-02T07:29:00Z,S022
T004576,C02116,P0001,1,116.46,2024-01-03T06:13:00Z,S020
T004577,C04052,P0163,4,248.4,2024-01-02T06:14:00Z,S018
T004578,C02603,P0565,5,751.35,2024-01-03T12:29:00Z,S018
T004579,C00287,P0062,1,5.49,2024-01-02T02:27:00Z,S040
T004580,C00753,P0095,4,324.92,2024-01-03T18:32:00Z,S016
T004581,C04323,P0009,3,152.67,2024-01-03T17:42:00Z,S043
T004582,C00929,P0731,5,832.2,2024-01-02T16:46:00Z,S010
T004583,C04360,P0087,2,389.06,2024-01-02T22:23:00Z,S008
T004584,C02311,P0853,3,107.91,2024-01-03T00:55:00Z,S038
T004585,C02976,P0376,4,679.6,2024-01-02T01:23:00Z,S006
T004586,C03622,P0504,1,126.23,2024-01-02T00:41:00Z,S009
T004587,C02742,P0290,1,10.44,2024-01-01T23:38:00Z,S019
T004588,C00481,P0882,5,741.55,2024-01-02T02:50:00Z,S017
T004589,C01833,P0700,4,793.92,2024-01-02T09:44:00Z,S003
T004590,C02408,P0984,3,594.45,2024-01-01T09:28:00Z,S025
T004591,C00406,P0157,2,377.26,2024-01-02T06:06:00Z,S031
T004592,C04685,P0533,4,700.56,2024-01-02T05:18:00Z,S050
T004593,C03868,P0324,1,171.55,2024-01-03T15:00:00Z,S030
T004594,C01373,P0997,5,881.25,2024-01-02T19:54:00Z,S027
T004595,C04586,P0205,2,264.78,2024-01-02T01:17:00Z,S022
T004596,C01680,P0852,4,574.68,2024-01-02T19:41:00Z,S040
T004597,C00075,P0374,1,24.01,2024-01-03T17:29:00Z,S013
T004598,C01662,P0520,4,581.44,2024-01-02T10:02:00Z,S036
T004599,C00119,P0655,5,558.5,2024-01-02T06:33:00Z,S021
T004600,C02227,P0792,4,89.0,2024-01-02T06:54:00Z,S036
T004601,C04901,P0651,4,616.6,2024-01-03T14:15:00Z,S043
T004602,C03606,P0033,4,244.16,2024-01-01T13:47:00Z,S038
T004603,C04229,P0050,1,166.58,2024-01-01T14:31:00Z,S050
T004604,C04105,P0972,2,374.96,2024-01-02T14:24:00Z,S007
T004605,C00298,P0279,5,95.4,2024-01-01T22:47:00Z,S036
T004606,C04293,P0223,4,514.28,2024-01-02T12:08:00Z,S018
T004607,C01622,P0008,3,287.19,2024-01-03T20:12:00Z,S022
T004608,C03388,P0869,3,177.75,2024-01-03T02:18:00Z,S047
T004609,C04956,P0682,3,118.14,2024-01-02T18:00:00Z,S002
T004610,C02051,P0255,1,112.55,2024-01-02T11:51:00Z,S025
T004611,C02460,P0398,5,296.7,2024-01-02T22:42:00Z,S006
T004612,C04126,P0873,3,386.43,2024-01-01T15:31:00Z,S002
T004613,C04460,P0429,5,287.4,2024-01-01T11:25:00Z,S036
T004614,C04821,P0846,2,301.68,2024-01-02T18:54:00Z,S048
T004615,C01681,P0280,3,219.15,2024-01-01T12:36:00Z,S011
T004616,C02808,P0555,2,376.88,2024-01-02T00:54:00Z,S026
T004617,C04488,P0139,4,777.6,2024-01-03T19:32:00Z,S003
T004618,C00731,P0175,5,873.6,2024-01-01T21:33:00Z,S021
T004619,C03303,P0288,2,26.48,2024-01-01T16:59:00Z,S007
T004620,C01707,P0329,4,510.36,2024-01-02T21:37:00Z,S045
T004621,C04850,P0731,3,499.32,2024-01-03T06:55:00Z,S013
T004622,C04465,P0086,3,239.28,2024-01-02T20:52:00Z,S018
T004623,C01539,P0842,5,496.8,2024-01-03T04:02:00Z,S048
T004624,C02025,P0638,4,566.88,2024-01-01T17:37:00Z,S043
T004625,C03652,P0375,5,649.75,2024-01-02T11:24:00Z,S042
T004626,C02286,P0836,5,593.6,2024-01-02T03:46:00Z,S006
T004627,C00158,P0998,4,481.8,2024-01-03T08:37:00Z,S038
T004628,C00560,P0577,3,220.56,2024-01-03T07:56:00Z,S015
T004629,C04502,P0079,4,373.8,2024-01-03T07:41:00Z,S021
T004630,C02585,P0051,2,139.18,2024-01-03T01:01:00Z,S003
T004631,C02433,P0704,3,130.47,2024-01-03T15:58:00Z,S001
T004632,C00864,P0961,5,401.5,2024-01-03T19:26:00Z,S011
T004633,C00682,P0647,4,233.88,2024-01-02T22:18:00Z,S044
T004634,C02915,P0101,3,558.3,2024-01-01T15:12:00Z,S041
T004635,C03565,P0876,1,138.18,2024-01-02T10:51:00Z,S004
T004636,C01759,P0461,5,740.05,2024-01-02T21:38:00Z,S028
T004637,C02379,P0142,2,345.9,2024-01-02T13:20:00Z,S031
T004638,C04751,P0116,3,97.14,2024-01-03T04:38:00Z,S049
T004639,C00064,P0932,2,122.68,2024-01-02T04:02:00Z,S042
T004640,C01411,P0474,2,146.84,2024-01-02T05:53:00Z,S014
T004641,C00769,P0857,3,260.97,2024-01-01T18:39:00Z,S017
T004642,C02922,P0442,1,159.61,2024-01-02T13:02:00Z,S025
T004643,C03164,P0486,2,41.46,2024-01-01T19:46:00Z,S045
T004644,C04181,P0152,5,319.65,2024-01-01T16:06:00Z,S027
T004645,C04958,P0641,3,429.54,2024-01-03T07:08:00Z,S014
T004646,C00653,P0807,1,121.77,2024-01-03T12:15:00Z,S018
T004647,C04647,P0903,5,964.05,2024-01-03T00:00:00Z,S021
T004648,C02092,P0144,2,288.12,2024-01-03T10:37:00Z,S004
T004649,C01566,P0698,3,521.13,2024-01-03T17:34:00Z,S024
T004650,C01084,P0037,4,538.44,2024-01-01T09:29:00Z,S034
T004651,C02131,P0102,5,927.1,2024-01-01T12:59:00Z,S041
T004652,C01258,P0018,5,548.45,2024-01-02T20:13:00Z,S019
T004653,C01539,P0467,5,336.6,2024-01-03T20:40:00Z,S001
T004654,C03510,P0980,4,650.96,2024-01-01T19:22:00Z,S011
T004655,C00226,P0171,3,262.05,2024-01-01T19:16:00Z,S014
T004656,C01301,P0380,5,631.75,2024-01-02T15:40:00Z,S037
T004657,C01240,P0636,5,625.95,2024-01-01T21:33:00Z,S001
T004658,C02902,P0104,1,166.66,2024-01-03T05:42:00Z,S021
T004659,C04934,P0375,1,129.95,2024-01-01T12:41:00Z,S003
T004660,C04780,P0815,5,102.45,2024-01-02T07:39:00Z,S013
T004661,C00819,P0882,4,593.24,2024-01-02T22:20:00Z,S034
T004662,C00539,P0465,4,512.92,2024-01-01T13:28:00Z,S043
T004663,C01822,P0157,5,943.15,2024-01-02T21:30:00Z,S002
T004664,C00994,P0690,3,385.95,2024-01-03T14:51:00Z,S020
T004665,C04346,P0895,3,181.26,2024-01-03T16:50:00Z,S017
T004666,C04492,P0913,5,39.05,2024-01-03T05:28:00Z,S046
T004667,C04658,P0199,3,298.92,2024-01-02T14:37:00Z,S014
T004668,C03828,P0817,5,627.65,2024-01-03T03:10:00Z,S048
T004669,C03850,P0704,3,130.47,2024-01-01T18:45:00Z,S041
T004670,C04398,P0658,2,168.2,2024-01-01T10:02:00Z,S032
T004671,C00977,P0652,4,30.6,2024-01-01T12:26:00Z,S030
T004672,C01868,P0065,1,17.83,2024-01-02T08:04:00Z,S046
T004673,C02299,P0235,1,99.42,2024-01-01T21:07:00Z,S023
T004674,C03991,P0846,1,150.84,2024-01-02T23:00:00Z,S009
T004675,C00731,P0158,3,29.85,2024-01-03T15:25:00Z,S048
T004676,C04475,P0414,1,18.09,2024-01-03T18:11:00Z,S036
T004677,C02133,P0622,5,631.6,2024-01-02T20:00:00Z,S027
T004678,C03494,P0008,3,287.19,2024-01-01T18:33:00Z,S041
T004679,C04392,P0051,2,139.18,2024-01-03T09:23:00Z,S050
T004680,C03592,P0687,5,222.0,2024-01-02T13:46:00Z,S029
T004681,C00528,P0223,4,514.28,2024-01-01T14:59:00Z,S004
T004682,C01155,P0919,5,574.5,2024-01-01T18:15:00Z,S005
T004683,C01928,P0085,4,285.96,2024-01-03T15:04:00Z,S050
T004684,C02163,P0596,4,285.72,2024-01-02T17:02:00Z,S021
T004685,C04385,P0390,3,119.13,2024-01-02T15:13:00Z,S038
T004686,C02378,P0623,5,948.7,2024-01-01T20:16:00Z,S048
T004687,C00237,P0719,3,415.59,2024-01-02T03:10:00Z,S031
T004688,C04068,P0981,5,263.4,2024-01-03T00:00:00Z,S022
T004689,C02323,P0217,2,128.8,2024-01-03T12:22:00Z,S012
T004690,C04833,P0142,4,691.8,2024-01-02T22:46:00Z,S019
T004691,C01072,P0896,4,574.52,2024-01-03T00:44:00Z,S017
T004692,C00508,P0170,4,463.84,2024-01-03T05:51:00Z,S012
T004693,C02771,P0418,2,218.28,2024-01-03T16:32:00Z,S024
T004694,C01474,P0283,5,174.1,2024-01-03T04:00:00Z,S006
T004695,C04584,P0386,5,438.05,2024-01-03T01:55:00Z,S034
T004696,C04730,P0985,3,38.76,2024-01-01T13:24:00Z,S020
T004697,C01517,P0610,1,181.64,2024-01-02T20:21:00Z,S042
T004698,C01903,P0140,3,538.05,2024-01-03T20:14:00Z,S028
T004699,C01714,P0677,4,440.32,2024-01-03T09:43:00Z,S014
T004700,C00590,P0296,4,208.84,2024-01-01T13:17:00Z,S012
T004701,C00558,P0174,3,300.45,2024-01-02T09:26:00Z,S040
T004702,C04535,P0655,3,335.1,2024-01-02T03:18:00Z,S005
T004703,C04099,P0075,2,200.34,2024-01-02T23:58:00Z,S020
T004704,C00388,P0479,3,565.47,2024-01-01T19:56:00Z,S008
T004705,C01181,P0412,5,941.35,2024-01-03T02:09:00Z,S036
T004706,C03344,P0984,4,792.6,2024-01-02T05:04:00Z,S025
T004707,C03722,P0868,4,436.32,2024-01-02T01:56:00Z,S035
T004708,C02182,P0680,2,177.88,2024-01-01T16:56:00Z,S033
T004709,C02056,P0128,1,75.03,2024-01-02T09:40:00Z,S003
T004710,C03444,P0040,3,191.97,2024-01-01T15:17:00Z,S041
T004711,C00029,P0379,4,319.96,2024-01-01T13:12:00Z,S016
T004712,C00150,P0597,5,330.85,2024-01-03T08:42:00Z,S031
T004713,C02148,P0355,2,331.94,2024-01-02T01:48:00Z,S010
T004714,C01845,P0745,5,978.5,2024-01-01T09:42:00Z,S010
T004715,C01374,P0244,2,207.54,2024-01-02T15:16:00Z,S035
T004716,C01915,P0775,2,223.92,2024-01-02T08:35:00Z,S025
T004717,C04215,P0730,5,775.65,2024-01-02T21:25:00Z,S044
T004718,C00031,P0619,2,331.58,2024-01-03T16:11:00Z,S015
T004719,C01513,P0852,5,718.35,2024-01-03T19:42:00Z,S006
T004720,C04501,P0476,2,288.48,2024-01-02T17:39:00Z,S034
T004721,C04330,P0326,2,74.9,2024-01-01T22:15:00Z,S006
T004722,C04133,P0267,5,226.5,2024-01-02T18:09:00Z,S038
T004723,C01550,P0600,2,106.78,2024-01-03T01:55:00Z,S012
T004724,C02997,P0402,3,444.03,2024-01-03T19:49:00Z,S041
T004725,C03570,P0795,2,295.34,2024-01-02T07:15:00Z,S039
T004726,C04799,P0819,5,644.9,2024-01-02T01:00:00Z,S048
T004727,C04671,P0067,3,272.25,2024-01-01T10:19:00Z,S020
T004728,C03108,P0533,5,875.7,2024-01-03T14:05:00Z,S039
T004729,C01494,P0689,2,211.94,2024-01-02T19:07:00Z,S020
T004730,C00355,P0195,3,413.34,2024-01-03T18:53:00Z,S039
T004731,C02257,P0229,5,261.65,2024-01-02T15:45:00Z,S003
T004732,C01157,P0847,1,19.45,2024-01-03T16:25:00Z,S012
T004733,C00996,P0411,1,83.46,2024-01-03T20:12:00Z,S013
T004734,C04671,P0797,3,462.06,2024-01-01T20:08:00Z,S020
T004735,C02756,P0942,3,348.81,2024-01-02T21:07:00Z,S009
T004736,C03227,P0196,3,516.93,2024-01-02T08:21:00Z,S024
T004737,C03876,P0762,2,170.68,2024-01-02T06:11:00Z,S044
T004738,C04209,P0333,3,498.06,2024-01-03T15:52:00Z,S025
T004739,C04912,P0305,5,604.1,2024-01-03T14:00:00Z,S023
T004740,C02216,P0331,3,370.83,2024-01-03T04:43:00Z,S003
T004741,C01348,P0152,5,319.65,2024-01-01T16:56:00Z,S039
T004742,C02046,P0161,5,612.55,2024-01-02T19:52:00Z,S039
T004743,C04237,P0488,3,274.44,2024-01-02T20:47:00Z,S037
T004744,C02909,P0943,4,492.24,2024-01-02T08:22:00Z,S017
T004745,C04615,P0907,5,434.35,2024-01-01T12:12:00Z,S015
T004746,C03534,P0876,4,552.72,2024-01-01T09:19:00Z,S024
T004747,C03196,P0066,2,166.6,2024-01-02T05:39:00Z,S042
T004748,C04057,P0707,5,648.15,2024-01-03T19:47:00Z,S045
T004749,C00402,P0707,5,648.15,2024-01-03T14:17:00Z,S042
T004750,C01065,P0073,5,626.6,2024-01-02T12:19:00Z,S017
T004751,C01277,P0450,5,263.0,2024-01-03T19:21:00Z,S031
T004752,C00539,P0462,3,97.83,2024-01-01T21:50:00Z,S012
T004753,C02495,P0154,1,64.08,2024-01-02T16:25:00Z,S049
T004754,C00112,P0587,4,620.92,2024-01-03T10:56:00Z,S020
T004755,C01100,P0450,3,157.8,2024-01-02T17:45:00Z,S033
T004756,C03298,P0753,4,29.12,2024-01-02T06:25:00Z,S050
T004757,C02931,P0362,4,125.48,2024-01-03T01:34:00Z,S007
T004758,C04167,P0981,2,105.36,2024-01-03T11:21:00Z,S003
T004759,C00377,P0886,4,470.0,2024-01-02T13:53:00Z,S016
T004760,C02171,P0494,2,77.56,2024-01-03T02:52:00Z,S041
T004761,C03268,P0893,1,91.45,2024-01-01T09:17:00Z,S047
T004762,C04711,P0699,5,642.85,2024-01-02T12:18:00Z,S020
T004763,C04977,P0380,2,252.7,2024-01-01T12:44:00Z,S049
T004764,C04794,P0071,3,533.31,2024-01-03T05:19:00Z,S028
T004765,C04691,P0951,5,629.0,2024-01-03T04:04:00Z,S050
T004766,C01819,P0518,3,206.58,2024-01-01T21:14:00Z,S035
T004767,C04366,P0812,1,99.06,2024-01-01T17:14:00Z,S007
T004768,C00680,P0032,5,442.7,2024-01-03T19:49:00Z,S016
T004769,C03239,P0251,4,464.56,2024-01-03T07:04:00Z,S045
T004770,C00598,P0012,5,56.15,2024-01-01T14:10:00Z,S036
T004771,C03025,P0927,1,10.6,2024-01-02T00:55:00Z,S002
T004772,C00162,P0372,2,57.42,2024-01-02T08:15:00Z,S013
T004773,C02968,P0001,5,582.3,2024-01-03T15:15:00Z,S036
T004774,C03515,P0819,3,386.94,2024-01-02T19:50:00Z,S031
T004775,C01201,P0092,4,347.88,2024-01-02T12:05:00Z,S043
T004776,C02974,P0518,3,206.58,2024-01-01T18:16:00Z,S041
T004777,C00772,P0332,5,833.1,2024-01-03T03:58:00Z,S001
T004778,C04147,P0680,3,266.82,2024-01-01T15:47:00Z,S044
T004779,C02964,P0163,1,62.1,2024-01-01T23:26:00Z,S020
T004780,C01074,P0013,2,62.34,2024-01-03T04:47:00Z,S003
T004781,C03589,P0772,2,356.88,2024-01-01T14:49:00Z,S042
T004782,C03949,P0181,1,63.72,2024-01-02T07:18:00Z,S031
T004783,C00460,P0239,4,28.68,2024-01-02T14:32:00Z,S031
T004784,C01825,P0199,5,498.2,2024-01-01T15:51:00Z,S030
T004785,C03965,P0751,1,55.38,2024-01-01T18:09:00Z,S029
T004786,C02429,P0092,2,173.94,2024-01-03T11:29:00Z,S036
T004787,C02063,P0985,5,64.6,2024-01-03T08:35:00Z,S049
T004788,C00639,P0367,4,86.28,2024-01-03T13:50:00Z,S010
T004789,C01938,P0812,3,297.18,2024-01-01T19:33:00Z,S006
T004790,C04169,P0646,4,310.76,2024-01-02T14:20:00Z,S045
T004791,C00572,P0768,4,385.0,2024-01-03T13:49:00Z,S030
T004792,C03992,P0133,2,328.42,2024-01-01T09:54:00Z,S049
T004793,C00172,P0607,5,391.4,2024-01-02T11:00:00Z,S011
T004794,C04507,P0921,3,231.75,2024-01-01T23:19:00Z,S029
T004795,C02444,P0123,1,68.28,2024-01-02T12:13:00Z,S019
T004796,C03467,P0949,5,83.2,2024-01-02T09:41:00Z,S020
T004797,C02715,P0551,1,18.44,2024-01-03T14:45:00Z,S043
T004798,C01077,P0966,4,297.52,2024-01-01T19:37:00Z,S047
T004799,C01059,P0227,4,82.92,2024-01-01T10:48:00Z,S029
T004800,C04454,P0636,2,250.38,2024-01-02T13:53:00Z,S014
T004801,C01726,P0238,2,104.36,2024-01-03T02:35:00Z,S004
T004802,C03384,P0198,1,97.16,2024-01-01T10:34:00Z,S026
T004803,C03778,P0507,1,84.67,2024-01-03T06:10:00Z,S026
T004804,C00990,P0622,1,126.32,2024-01-03T08:38:00Z,S016
T004805,C02915,P0521,4,50.4,2024-01-02T03:21:00Z,S039
T004806,C01398,P0938,3,300.66,2024-01-03T13:54:00Z,S025
T004807,C01415,P0769,2,389.34,2024-01-03T01:13:00Z,S020
T004808,C00367,P0149,2,332.92,2024-01-02T01:09:00Z,S044
T004809,C03633,P0922,3,164.43,2024-01-02T12:19:00Z,S019
T004810,C01915,P0180,1,31.48,2024-01-02T06:55:00Z,S049
T004811,C02597,P0173,4,286.08,2024-01-03T12:07:00Z,S029
T004812,C04771,P0602,3,246.84,2024-01-02T09:39:00Z,S047
T004813,C01032,P0494,2,77.56,2024-01-03T03:09:00Z,S023
T004814,C01217,P0848,3,306.87,2024-01-01T16:25:00Z,S023
T004815,C02016,P0669,2,13.8,2024-01-03T02:23:00Z,S004
T004816,C00172,P0578,3,370.8,2024-01-02T02:32:00Z,S005
T004817,C01635,P0104,5,833.3,2024-01-01T22:39:00Z,S001
T004818,C00829,P0534,1,76.82,2024-01-02T17:37:00Z,S009
T004819,C03561,P0563,1,115.52,2024-01-02T06:05:00Z,S043
T004820,C03111,P0499,3,138.18,2024-01-02T07:34:00Z,S019
T004821,C03332,P0155,1,184.19,2024-01-02T17:34:00Z,S028
T004822,C02791,P0504,4,504.92,2024-01-03T02:09:00Z,S026
T004823,C04131,P0059,3,530.1,2024-01-02T10:50:00Z,S049
T004824,C00198,P0265,1,147.72,2024-01-03T00:59:00Z,S019
T004825,C03281,P0900,5,969.9,2024-01-03T02:48:00Z,S042
T004826,C03222,P0120,1,26.64,2024-01-02T20:05:00Z,S037
T004827,C01261,P0729,3,256.77,2024-01-03T13:10:00Z,S010
T004828,C01882,P0425,4,529.12,2024-01-01T17:06:00Z,S008
T004829,C04536,P0553,1,184.97,2024-01-01T23:29:00Z,S004
T004830,C03384,P0697,5,545.25,2024-01-01T17:02:00Z,S040
T004831,C00041,P0249,3,587.85,2024-01-01T14:40:00Z,S031
T004832,C04097,P0193,5,933.2,2024-01-02T21:41:00Z,S010
T004833,C03736,P0722,4,345.28,2024-01-03T02:06:00Z,S030
T004834,C03906,P0667,3,83.4,2024-01-02T08:29:00Z,S017
T004835,C02036,P0057,4,559.32,2024-01-03T18:52:00Z,S039
T004836,C01847,P0800,1,36.87,2024-01-03T18:11:00Z,S004
T004837,C04177,P0427,2,74.98,2024-01-02T21:44:00Z,S045
T004838,C00123,P0599,3,33.45,2024-01-02T16:34:00Z,S033
T004839,C02250,P0917,4,715.2,2024-01-03T14:18:00Z,S012
T004840,C01328,P0617,1,36.9,2024-01-02T23:16:00Z,S007
T004841,C00740,P0352,5,852.3,2024-01-03T05:48:00Z,S033
T004842,C02419,P0926,4,309.84,2024-01-03T10:29:00Z,S011
T004843,C03839,P0620,4,694.36,2024-01-03T20:03:00Z,S008
T004844,C00095,P0982,5,378.85,2024-01-03T01:49:00Z,S017
T004845,C01256,P0952,4,394.0,2024-01-02T05:09:00Z,S046
T004846,C01566,P0512,4,286.68,2024-01-03T20:23:00Z,S017
T004847,C00757,P0934,1,172.75,2024-01-02T05:40:00Z,S038
T004848,C02859,P0392,2,355.38,2024-01-03T19:05:00Z,S049
T004849,C00233,P0784,1,46.71,2024-01-03T17:46:00Z,S001
T004850,C02481,P0415,4,379.92,2024-01-03T20:56:00Z,S002
T004851,C03459,P0310,4,639.84,2024-01-01T16:07:00Z,S005
T004852,C02029,P0540,4,78.0,2024-01-03T14:39:00Z,S013
T004853,C02443,P0474,1,73.42,2024-01-02T06:00:00Z,S014
T004854,C01532,P0189,3,66.36,2024-01-03T06:50:00Z,S035
T004855,C01451,P0609,3,598.38,2024-01-03T17:00:00Z,S010
T004856,C03631,P0386,1,87.61,2024-01-01T19:20:00Z,S038
T004857,C00646,P0215,4,182.12,2024-01-02T13:39:00Z,S015
T004858,C01290,P0448,1,68.65,2024-01-03T00:37:00Z,S036
T004859,C03452,P0206,4,790.2,2024-01-02T06:00:00Z,S019
T004860,C00529,P0666,4,645.12,2024-01-02T23:42:00Z,S019
T004861,C02821,P0688,4,118.12,2024-01-03T04:16:00Z,S009
T004862,C02262,P0345,4,82.88,2024-01-02T15:16:00Z,S034
T004863,C03889,P0070,2,14.64,2024-01-03T06:26:00Z,S010
T004864,C00841,P0458,5,335.35,2024-01-02T08:09:00Z,S029
T004865,C00585,P0991,3,295.62,2024-01-01T19:58:00Z,S045
T004866,C04492,P0295,4,570.64,2024-01-01T12:22:00Z,S037
T004867,C03368,P0562,5,132.7,2024-01-01T14:07:00Z,S023
T004868,C01466,P0826,1,66.96,2024-01-03T18:44:00Z,S050
T004869,C01841,P0438,2,372.5,2024-01-01T13:29:00Z,S011
T004870,C02828,P0225,5,165.85,2024-01-02T20:25:00Z,S016
T004871,C01878,P0290,5,52.2,2024-01-02T03:44:00Z,S023
T004872,C00962,P0768,4,385.0,2024-01-03T10:30:00Z,S003
T004873,C03662,P0574,2,80.3,2024-01-02T17:29:00Z,S004
T004874,C00332,P0393,1,13.55,2024-01-01T19:59:00Z,S030
T004875,C02827,P0891,5,795.75,2024-01-02T14:51:00Z,S049
T004876,C00929,P0208,4,98.2,2024-01-02T00:17:00Z,S032
T004877,C00505,P0727,5,862.15,2024-01-02T04:31:00Z,S006
T004878,C00536,P0032,4,354.16,2024-01-03T02:44:00Z,S045
T004879,C04434,P0932,4,245.36,2024-01-02T10:07:00Z,S018
T004880,C04164,P0194,4,205.6,2024-01-02T05:11:00Z,S034
T004881,C02373,P0622,2,252.64,2024-01-02T12:29:00Z,S022
T004882,C04058,P0813,1,183.91,2024-01-03T04:47:00Z,S045
T004883,C02739,P0308,1,48.24,2024-01-03T15:06:00Z,S040
T004884,C00793,P0236,3,79.68,2024-01-02T15:48:00Z,S044
T004885,C01807,P0757,1,51.16,2024-01-01T16:41:00Z,S031
T004886,C00240,P0528,3,23.16,2024-01-03T18:20:00Z,S049
T004887,C01152,P0399,5,828.35,2024-01-02T00:27:00Z,S018
T004888,C01324,P0771,5,638.9,2024-01-01T21:16:00Z,S023
T004889,C01424,P0458,3,201.21,2024-01-02T05:37:00Z,S012
T004890,C04140,P0407,2,311.98,2024-01-03T03:50:00Z,S019
T004891,C03969,P0344,1,134.41,2024-01-01T12:03:00Z,S008
T004892,C04458,P0206,1,197.55,2024-01-03T15:39:00Z,S021
T004893,C03359,P0790,3,317.28,2024-01-02T05:26:00Z,S018
T004894,C04519,P0241,5,605.6,2024-01-02T01:17:00Z,S007
T004895,C02289,P0334,2,113.26,2024-01-01T20:41:00Z,S016
T004896,C00664,P0207,2,311.92,2024-01-02T17:00:00Z,S007
T004897,C03900,P0536,1,19.45,2024-01-03T07:07:00Z,S018
T004898,C02402,P0823,5,157.45,2024-01-01T17:12:00Z,S043
T004899,C01984,P0145,1,115.67,2024-01-03T11:58:00Z,S044
T004900,C02903,P0287,3,576.36,2024-01-01T21:43:00Z,S020
T004901,C00224,P0602,2,164.56,2024-01-03T14:09:00Z,S041
T004902,C01221,P0658,4,336.4,2024-01-02T14:22:00Z,S016
T004903,C03510,P0119,3,95.88,2024-01-03T00:11:00Z,S035
T004904,C00209,P0780,2,257.44,2024-01-02T14:56:00Z,S022
T004905,C01882,P0456,4,734.88,2024-01-02T02:13:00Z,S012
T004906,C04205,P0484,1,95.25,2024-01-03T09:09:00Z,S022
T004907,C02605,P0198,4,388.64,2024-01-02T23:17:00Z,S004
T004908,C00042,P0936,3,170.37,2024-01-02T22:45:00Z,S048
T004909,C04249,P0296,3,156.63,2024-01-02T12:41:00Z,S049
T004910,C02365,P0582,5,314.5,2024-01-01T10:56:00Z,S015
T004911,C02074,P0412,4,753.08,2024-01-02T09:04:00Z,S009
T004912,C03374,P0757,5,255.8,2024-01-02T19:08:00Z,S034
T004913,C03605,P0494,3,116.34,2024-01-02T16:38:00Z,S045
T004914,C03735,P0741,3,386.61,2024-01-01T21:04:00Z,S026
T004915,C01773,P0575,2,138.54,2024-01-03T12:30:00Z,S009
T004916,C00418,P0368,3,341.31,2024-01-03T16:18:00Z,S012
T004917,C01813,P0705,2,26.4,2024-01-03T14:43:00Z,S030
T004918,C01918,P0089,3,383.94,2024-01-03T11:15:00Z,S019
T004919,C02440,P0018,1,109.69,2024-01-01T16:20:00Z,S018
T004920,C00780,P0250,1,150.54,2024-01-03T00:09:00Z,S048
T004921,C01646,P0789,1,162.57,2024-01-02T10:31:00Z,S021
T004922,C00585,P0844,2,270.78,2024-01-01T11:18:00Z,S042
T004923,C04210,P0582,4,251.6,2024-01-03T03:18:00Z,S045
T004924,C03525,P0350,3,214.71,2024-01-01T12:30:00Z,S041
T004925,C00273,P0954,5,650.65,2024-01-02T15:59:00Z,S047
T004926,C00007,P0272,4,601.2,2024-01-02T13:26:00Z,S017
T004927,C00262,P0672,2,283.34,2024-01-03T06:23:00Z,S050
T004928,C04623,P0251,1,116.14,2024-01-03T13:52:00Z,S003
T004929,C00007,P0159,4,638.28,2024-01-02T17:30:00Z,S027
T004930,C00492,P0597,3,198.51,2024-01-02T23:11:00Z,S010
T004931,C04640,P0072,5,777.1,2024-01-01T20:24:00Z,S019
T004932,C04303,P0861,4,314.92,2024-01-02T21:27:00Z,S021
T004933,C02929,P0686,1,169.65,2024-01-02T17:08:00Z,S008
T004934,C02567,P0749,1,98.51,2024-01-01T11:20:00Z,S012
T004935,C01062,P0903,1,192.81,2024-01-02T20:15:00Z,S027
T004936,C01195,P0553,3,554.91,2024-01-03T17:10:00Z,S011
T004937,C00408,P0664,1,151.97,2024-01-03T03:44:00Z,S047
T004938,C04086,P0201,5,736.7,2024-01-01T22:12:00Z,S044
T004939,C02205,P0239,5,35.85,2024-01-02T21:15:00Z,S043
T004940,C04208,P0816,1,178.29,2024-01-01T09:21:00Z,S040
T004941,C02341,P0394,3,427.74,2024-01-03T17:52:00Z,S008
T004942,C03337,P0531,5,946.85,2024-01-03T15:27:00Z,S009
T004943,C01692,P0406,5,626.25,2024-01-03T09:23:00Z,S027
T004944,C01926,P0657,5,545.85,2024-01-03T14:20:00Z,S006
T004945,C00673,P0930,2,49.34,2024-01-03T00:46:00Z,S001
T004946,C02673,P0744,2,227.04,2024-01-02T21:28:00Z,S024
T004947,C03210,P0356,3,483.72,2024-01-03T18:16:00Z,S050
T004948,C04424,P0339,2,383.02,2024-01-03T16:09:00Z,S008
T004949,C03039,P0131,4,161.6,2024-01-03T00:16:00Z,S031
T004950,C02093,P0823,3,94.47,2024-01-01T09:18:00Z,S020
T004951,C02343,P0755,4,734.84,2024-01-02T17:22:00Z,S031
T004952,C01422,P0523,1,193.51,2024-01-01T11:55:00Z,S049
T004953,C01030,P0710,1,135.42,2024-01-02T19:52:00Z,S027
T004954,C04145,P0661,2,20.64,2024-01-03T15:58:00Z,S014
T004955,C01361,P0229,1,52.33,2024-01-01T09:51:00Z,S044
T004956,C02729,P0888,1,44.79,2024-01-01T23:53:00Z,S047
T004957,C00106,P0661,5,51.6,2024-01-02T02:27:00Z,S032
T004958,C02172,P1000,4,47.64,2024-01-03T20:08:00Z,S022
T004959,C01926,P0660,5,146.75,2024-01-02T19:50:00Z,S021
T004960,C02621,P0788,2,397.38,2024-01-01T16:28:00Z,S038
T004961,C03303,P0944,1,140.69,2024-01-01T13:49:00Z,S040
T004962,C00069,P0278,2,244.56,2024-01-02T15:33:00Z,S046
T004963,C03695,P0322,2,292.76,2024-01-02T06:11:00Z,S037
T004964,C01202,P0818,1,144.22,2024-01-03T09:35:00Z,S040
T004965,C04205,P0176,4,95.4,2024-01-03T20:11:00Z,S031
T004966,C01891,P0331,4,494.44,2024-01-02T23:23:00Z,S025
T004967,C03405,P0679,3,225.09,2024-01-03T13:09:00Z,S049
T004968,C02306,P0105,1,72.48,2024-01-02T15:07:00Z,S049
T004969,C04139,P0312,3,322.41,2024-01-02T00:38:00Z,S010
T004970,C01046,P0470,5,831.7,2024-01-03T03:14:00Z,S047
T004971,C04812,P0870,3,494.28,2024-01-03T12:34:00Z,S003
T004972,C03450,P0102,3,556.26,2024-01-02T11:44:00Z,S050
T004973,C01401,P0823,5,157.45,2024-01-01T22:47:00Z,S022
T004974,C03994,P0671,4,52.88,2024-01-03T02:21:00Z,S034
T004975,C02092,P0155,4,736.76,2024-01-03T20:04:00Z,S027
T004976,C02285,P0075,2,200.34,2024-01-01T11:48:00Z,S013
T004977,C01118,P0504,4,504.92,2024-01-02T13:15:00Z,S029
T004978,C02998,P0808,4,278.12,2024-01-03T08:39:00Z,S009
T004979,C00748,P0621,3,313.08,2024-01-02T10:44:00Z,S005
T004980,C01336,P0959,4,568.68,2024-01-02T11:07:00Z,S019
T004981,C03117,P0360,2,279.72,2024-01-02T03:52:00Z,S015
T004982,C02123,P0905,5,38.45,2024-01-03T19:22:00Z,S039
T004983,C04291,P0157,4,754.52,2024-01-03T00:56:00Z,S032
T004984,C03979,P0648,2,290.64,2024-01-03T00:28:00Z,S005
T004985,C01090,P0955,1,112.23,2024-01-01T11:49:00Z,S008
T004986,C03186,P0223,1,128.57,2024-01-01T15:42:00Z,S043
T004987,C02150,P0929,3,167.19,2024-01-03T10:59:00Z,S011
T004988,C01267,P0290,5,52.2,2024-01-01T19:00:00Z,S030
T004989,C02595,P0256,2,228.9,2024-01-03T20:10:00Z,S048
T004990,C03717,P0270,1,190.89,2024-01-03T00:21:00Z,S034
T004991,C01718,P0883,1,193.26,2024-01-03T18:24:00Z,S036
T004992,C03962,P0991,3,295.62,2024-01-03T11:36:00Z,S035
T004993,C04100,P0118,3,486.78,2024-01-03T13:03:00Z,S030
T004994,C00240,P0184,4,675.0,2024-01-01T16:06:00Z,S008
T004995,C02421,P0214,5,721.85,2024-01-01T16:21:00Z,S003
T004996,C03169,P0621,3,313.08,2024-01-02T05:35:00Z,S018
T004997,C00191,P0736,1,84.19,2024-01-03T13:04:00Z,S041
T004998,C03907,P0934,3,518.25,2024-01-02T06:48:00Z,S043
T004999,C04247,P0930,4,98.68,2024-01-02T18:49:00Z,S036
T005000,C01498,P0457,3,32.31,2024-01-02T08:08:00Z,S016
T005001,C03036,P0972,3,562.44,2024-01-03T10:52:00Z,S033
T005002,C03343,P0126,2,306.26,2024-01-03T11:47:00Z,S039
T005003,C03399,P0490,1,133.44,2024-01-02T10:58:00Z,S041
T005004,C01078,P0900,5,969.9,2024-01-02T03:36:00Z,S002
T005005,C01988,P0318,1,19.15,2024-01-02T23:16:00Z,S008
T005006,C02945,P0690,2,257.3,2024-01-03T02:07:00Z,S013
T005007,C02622,P0512,4,286.68,2024-01-02T18:06:00Z,S050
T005008,C01841,P0693,1,193.86,2024-01-02T22:25:00Z,S047
T005009,C03893,P0024,3,423.72,2024-01-03T09:47:00Z,S012
T005010,C04957,P0024,4,564.96,2024-01-03T11:59:00Z,S043
T005011,C04666,P0708,3,514.23,2024-01-03T09:48:00Z,S024
T005012,C02235,P0808,1,69.53,2024-01-03T20:31:00Z,S045
T005013,C01770,P0059,4,706.8,2024-01-02T22:04:00Z,S002
T005014,C03805,P0503,2,348.92,2024-01-01T14:10:00Z,S043
T005015,C02610,P0615,4,580.96,2024-01-01T14:45:00Z,S020
T005016,C03257,P0291,3,472.08,2024-01-03T03:22:00Z,S037
T005017,C04752,P0814,3,526.05,2024-01-03T11:44:00Z,S025
T005018,C04452,P0852,5,718.35,2024-01-03T09:59:00Z,S002
T005019,C04819,P0049,4,174.2,2024-01-03T05:46:00Z,S033
T005020,C03230,P0981,4,210.72,2024-01-03T16:46:00Z,S026
T005021,C04415,P0680,5,444.7,2024-01-03T13:51:00Z,S013
T005022,C03653,P0156,2,226.0,2024-01-02T10:12:00Z,S005
T005023,C00253,P0648,4,581.28,2024-01-02T03:37:00Z,S045
T005024,C00502,P0891,3,477.45,2024-01-03T09:45:00Z,S031
T005025,C04756,P0930,4,98.68,2024-01-01T10:42:00Z,S024
T005026,C01063,P0192,3,44.22,2024-01-01T15:43:00Z,S013
T005027,C02862,P0378,2,182.42,2024-01-02T21:26:00Z,S022
T005028,C02228,P0330,2,362.64,2024-01-02T12:12:00Z,S009
T005029,C00202,P0012,5,56.15,2024-01-02T01:02:00Z,S015
T005030,C03966,P0141,1,7.3,2024-01-02T02:42:00Z,S016
T005031,C04539,P0947,1,199.46,2024-01-03T02:22:00Z,S047
T005032,C04646,P0431,5,855.0,2024-01-03T11:01:00Z,S019
T005033,C04022,P0627,3,573.84,2024-01-01T09:07:00Z,S045
T005034,C02022,P0106,4,529.64,2024-01-02T16:38:00Z,S012
T005035,C02043,P0980,1,162.74,2024-01-02T09:02:00Z,S008
T005036,C01985,P0614,5,866.8,2024-01-02T12:27:00Z,S012
T005037,C02231,P0129,3,560.97,2024-01-01T22:08:00Z,S002
T005038,C00705,P0314,5,523.25,2024-01-02T00:54:00Z,S044
T005039,C04730,P0299,1,49.7,2024-01-03T10:35:00Z,S045
T005040,C01596,P0987,3,256.86,2024-01-02T00:28:00Z,S026
T005041,C03861,P0744,4,454.08,2024-01-03T04:35:00Z,S016
T005042,C00149,P0859,3,279.03,2024-01-03T06:31:00Z,S037
T005043,C01462,P0354,5,682.45,2024-01-03T04:07:00Z,S039
T005044,C04576,P0947,4,797.84,2024-01-03T20:29:00Z,S016
T005045,C00567,P0817,2,251.06,2024-01-02T07:17:00Z,S002
T005046,C02203,P0796,1,23.7,2024-01-02T14:26:00Z,S046
T005047,C04266,P0531,4,757.48,2024-01-03T13:32:00Z,S049
T005048,C01089,P0750,3,26.79,2024-01-01T21:56:00Z,S021
T005049,C00483,P0748,1,163.32,2024-01-03T11:37:00Z,S008
T005050,C01752,P0523,1,193.51,2024-01-02T08:45:00Z,S021
T005051,C03190,P0766,1,175.72,2024-01-02T15:20:00Z,S050
T005052,C01592,P0207,1,155.96,2024-01-02T11:47:00Z,S039
T005053,C04246,P0984,1,198.15,2024-01-02T19:31:00Z,S030
T005054,C01889,P0339,2,383.02,2024-01-01T13:46:00Z,S037
T005055,C03931,P0622,2,252.64,2024-01-02T03:27:00Z,S035
T005056,C04665,P0388,1,132.97,2024-01-03T15:41:00Z,S040
T005057,C03204,P0596,4,285.72,2024-01-02T11:56:00Z,S045
T005058,C02091,P0494,4,155.12,2024-01-02T11:09:00Z,S029
T005059,C00361,P0749,2,197.02,2024-01-02T07:29:00Z,S033
T005060,C03198,P0966,3,223.14,2024-01-03T18:16:00Z,S015
T005061,C00588,P0057,1,139.83,2024-01-03T16:05:00Z,S049
T005062,C01803,P0715,4,693.64,2024-01-03T19:22:00Z,S033
T005063,C00986,P0818,4,576.88,2024-01-02T02:46:00Z,S046
T005064,C04525,P0600,1,53.39,2024-01-03T12:18:00Z,S021
T005065,C01994,P0376,2,339.8,2024-01-02T04:18:00Z,S020
T005066,C04090,P0277,4,638.72,2024-01-03T15:10:00Z,S049
T005067,C00953,P0533,2,350.28,2024-01-01T16:08:00Z,S027
T005068,C04127,P0938,1,100.22,2024-01-02T09:47:00Z,S031
T005069,C03959,P0849,4,660.76,2024-01-01T14:37:00Z,S029
T005070,C00102,P0137,2,158.72,2024-01-01T19:55:00Z,S029
T005071,C01984,P0113,1,56.88,2024-01-03T15:41:00Z,S007
T005072,C04492,P0063,5,957.5,2024-01-03T15:35:00Z,S008
T005073,C03320,P0985,3,38.76,2024-01-03T18:07:00Z,S033
T005074,C02008,P0802,3,17.16,2024-01-02T15:57:00Z,S016
T005075,C03971,P0200,5,215.2,2024-01-01T17:00:00Z,S043
T005076,C03869,P0732,5,533.05,2024-01-02T06:14:00Z,S023
T005077,C02615,P0605,1,19.06,2024-01-03T10:14:00Z,S007
T005078,C00455,P0077,3,298.89,2024-01-02T12:09:00Z,S049
T005079,C03900,P0666,4,645.12,2024-01-01T20:23:00Z,S036
T005080,C00529,P0227,1,20.73,2024-01-03T10:36:00Z,S034
T005081,C01921,P0714,4,659.56,2024-01-01T19:07:00Z,S018
T005082,C04023,P0677,4,440.32,2024-01-03T01:57:00Z,S040
T005083,C01561,P0763,3,182.79,2024-01-03T08:56:00Z,S046
T005084,C04877,P0032,3,265.62,2024-01-02T14:07:00Z,S042
T005085,C00634,P0206,5,987.75,2024-01-01T11:43:00Z,S012
T005086,C03642,P0710,1,135.42,2024-01-01T18:01:00Z,S012
T005087,C03930,P0855,2,243.56,2024-01-01T21:24:00Z,S019
T005088,C03608,P0523,3,580.53,2024-01-02T18:48:00Z,S004
T005089,C03049,P0584,1,10.85,2024-01-02T10:56:00Z,S033
T005090,C03683,P0977,3,248.1,2024-01-03T18:04:00Z,S022
T005091,C02000,P0628,3,475.2,2024-01-03T01:25:00Z,S032
T005092,C03067,P0630,4,474.68,2024-01-03T16:19:00Z,S030
T005093,C02344,P0934,2,345.5,2024-01-02T20:54:00Z,S040
T005094,C03139,P0182,2,29.74,2024-01-01T21:00:00Z,S016
T005095,C04151,P0917,4,715.2,2024-01-02T11:28:00Z,S017
T005096,C02461,P0178,2,218.7,2024-01-02T07:49:00Z,S015
T005097,C03891,P0989,2,346.7,2024-01-01T20:05:00Z,S009
T005098,C03443,P0610,4,726.56,2024-01-03T16:24:00Z,S018
T005099,C01299,P0958,1,44.99,2024-01-01T20:28:00Z,S004
T005100,C03448,P0998,4,481.8,2024-01-03T11:12:00Z,S045
T005101,C01300,P0169,1,159.74,2024-01-01T14:53:00Z,S047
T005102,C02476,P0290,3,31.32,2024-01-02T06:42:00Z,S002
T005103,C04812,P0761,4,574.88,2024-01-03T01:12:00Z,S048
T005104,C04889,P0604,5,705.05,2024-01-03T10:50:00Z,S041
T005105,C00872,P0719,3,415.59,2024-01-02T08:46:00Z,S046
T005106,C04266,P0099,2,125.68,2024-01-03T08:32:00Z,S020
T005107,C01053,P0974,4,274.4,2024-01-01T18:45:00Z,S005
T005108,C00273,P0510,3,426.9,2024-01-02T08:05:00Z,S011
T005109,C02441,P0371,2,386.22,2024-01-01T18:52:00Z,S034
T005110,C03389,P0984,5,990.75,2024-01-01T10:08:00Z,S015
T005111,C02445,P0300,3,189.69,2024-01-01T10:56:00Z,S006
T005112,C02913,P0825,4,161.68,2024-01-02T04:48:00Z,S031
T005113,C04114,P0082,3,507.72,2024-01-02T23:44:00Z,S048
T005114,C04605,P0073,1,125.32,2024-01-02T23:22:00Z,S022
T005115,C01465,P0026,1,196.23,2024-01-01T09:23:00Z,S006
T005116,C03853,P0512,5,358.35,2024-01-03T02:32:00Z,S024
T005117,C00063,P0396,1,121.74,2024-01-03T02:35:00Z,S022
T005118,C00269,P0427,5,187.45,2024-01-03T05:17:00Z,S035
T005119,C02262,P0368,2,227.54,2024-01-03T02:35:00Z,S008
T005120,C02271,P0495,4,138.28,2024-01-02T04:06:00Z,S004
T005121,C02915,P0785,1,54.5,2024-01-01T20:40:00Z,S046
T005122,C02946,P0806,5,207.85,2024-01-02T20:26:00Z,S026
T005123,C04487,P0602,1,82.28,2024-01-02T18:11:00Z,S023
T005124,C03219,P0873,5,644.05,2024-01-02T02:58:00Z,S047
T005125,C02235,P0170,2,231.92,2024-01-03T18:07:00Z,S043
T005126,C00166,P0213,3,559.83,2024-01-02T23:18:00Z,S007
T005127,C01866,P0652,4,30.6,2024-01-02T20:44:00Z,S029
T005128,C03975,P0559,4,209.44,2024-01-01T15:51:00Z,S037
T005129,C04237,P0902,3,569.73,2024-01-01T20:51:00Z,S031
T005130,C01950,P0427,2,74.98,2024-01-03T05:41:00Z,S023
T005131,C01652,P0872,1,118.39,2024-01-01T20:18:00Z,S040
T005132,C00498,P0444,5,960.7,2024-01-02T18:14:00Z,S019
T005133,C02650,P0213,5,933.05,2024-01-01T22:05:00Z,S038
T005134,C01059,P0293,2,211.74,2024-01-02T16:51:00Z,S004
T005135,C03096,P0694,1,89.57,2024-01-01T21:40:00Z,S047
T005136,C04660,P0300,4,252.92,2024-01-02T22:57:00Z,S035
T005137,C04285,P0928,5,563.6,2024-01-01T18:38:00Z,S022
T005138,C02466,P0366,5,732.1,2024-01-01T15:04:00Z,S044
T005139,C03149,P0645,5,761.45,2024-01-01T22:56:00Z,S044
T005140,C04986,P0123,3,204.84,2024-01-01T12:45:00Z,S027
T005141,C00915,P0490,5,667.2,2024-01-02T22:09:00Z,S045
T005142,C00215,P0574,5,200.75,2024-01-03T20:52:00Z,S017
T005143,C02033,P0951,1,125.8,2024-01-01T13:11:00Z,S032
T005144,C00482,P0136,4,512.12,2024-01-03T16:53:00Z,S024
T005145,C01763,P0298,1,193.19,2024-01-02T19:14:00Z,S043
T005146,C02830,P0206,1,197.55,2024-01-02T04:36:00Z,S001
T005147,C01040,P0351,3,497.88,2024-01-03T01:51:00Z,S021
T005148,C01357,P0727,1,172.43,2024-01-02T07:50:00Z,S043
T005149,C00885,P0191,3,175.35,2024-01-03T08:22:00Z,S027
T005150,C02407,P0900,2,387.96,2024-01-03T12:40:00Z,S012
T005151,C02367,P0786,1,50.89,2024-01-02T23:50:00Z,S037
T005152,C03637,P0604,2,282.02,2024-01-02T16:56:00Z,S005
T005153,C01110,P0820,2,159.6,2024-01-02T15:44:00Z,S040
T005154,C04932,P0846,2,301.68,2024-01-03T02:26:00Z,S039
T005155,C00924,P0275,2,268.3,2024-01-03T00:47:00Z,S012
T005156,C02185,P0794,4,728.48,2024-01-02T10:52:00Z,S019
T005157,C04606,P0457,2,21.54,2024-01-01T23:15:00Z,S045
T005158,C04585,P0489,5,398.65,2024-01-01T13:26:00Z,S005
T005159,C04732,P0998,5,602.25,2024-01-02T04:12:00Z,S026
T005160,C03929,P0469,4,764.12,2024-01-02T21:37:00Z,S021
T005161,C04512,P0446,5,563.65,2024-01-02T12:40:00Z,S048
T005162,C00428,P0091,1,149.63,2024-01-02T07:27:00Z,S022
T005163,C00372,P0667,3,83.4,2024-01-03T12:14:00Z,S014
T005164,C03030,P0735,2,101.56,2024-01-02T09:53:00Z,S048
T005165,C03936,P0871,4,621.36,2024-01-02T13:17:00Z,S036
T005166,C00487,P0914,2,120.42,2024-01-02T09:19:00Z,S016
T005167,C04749,P0401,3,438.39,2024-01-02T04:23:00Z,S023
T005168,C01765,P0685,4,553.64,2024-01-03T18:25:00Z,S027
T005169,C03752,P0435,3,496.02,2024-01-02T23:31:00Z,S003
T005170,C00019,P0351,4,663.84,2024-01-02T05:23:00Z,S041
T005171,C02934,P0942,5,581.35,2024-01-02T00:40:00Z,S008
T005172,C00999,P0636,4,500.76,2024-01-03T06:47:00Z,S033
T005173,C03991,P0301,2,173.48,2024-01-02T08:45:00Z,S030
T005174,C03959,P0453,2,355.26,2024-01-01T21:39:00Z,S011
T005175,C02848,P0572,5,684.35,2024-01-01T12:49:00Z,S042
T005176,C02872,P0565,5,751.35,2024-01-02T10:23:00Z,S045
T005177,C04469,P0506,1,70.73,2024-01-03T12:12:00Z,S010
T005178,C01576,P0236,4,106.24,2024-01-02T23:26:00Z,S049
T005179,C04386,P0610,2,363.28,2024-01-01T22:03:00Z,S022
T005180,C01989,P0469,1,191.03,2024-01-02T04:14:00Z,S013
T005181,C00086,P0136,5,640.15,2024-01-03T15:01:00Z,S047
T005182,C00354,P0301,2,173.48,2024-01-01T21:05:00Z,S041
T005183,C02915,P0747,2,161.64,2024-01-02T21:06:00Z,S032
T005184,C01836,P0415,2,189.96,2024-01-01T11:46:00Z,S033
T005185,C01988,P0993,3,324.66,2024-01-01T09:23:00Z,S022
T005186,C00256,P0831,3,341.76,2024-01-01T15:06:00Z,S010
T005187,C00159,P0198,5,485.8,2024-01-02T15:17:00Z,S003
T005188,C01661,P0502,4,214.88,2024-01-01T17:06:00Z,S018
T005189,C01222,P0864,2,377.0,2024-01-02T11:08:00Z,S037
T005190,C02091,P0367,1,21.57,2024-01-03T12:27:00Z,S049
T005191,C01300,P0635,4,265.16,2024-01-02T08:59:00Z,S035
T005192,C01695,P0553,5,924.85,2024-01-03T04:43:00Z,S047
T005193,C03540,P0670,5,573.85,2024-01-02T07:15:00Z,S014
T005194,C02216,P0583,4,34.2,2024-01-01T20:14:00Z,S026
T005195,C02184,P0478,4,720.04,2024-01-02T21:14:00Z,S031
T005196,C05000,P0358,4,63.84,2024-01-03T00:06:00Z,S047
T005197,C00288,P0558,1,97.29,2024-01-02T15:39:00Z,S044
T005198,C02633,P0159,4,638.28,2024-01-01T18:21:00Z,S017
T005199,C00664,P0903,5,964.05,2024-01-03T14:27:00Z,S004
T005200,C04447,P0972,5,937.4,2024-01-01T15:37:00Z,S047
T005201,C01085,P0419,1,41.17,2024-01-02T12:39:00Z,S040
T005202,C04174,P0836,5,593.6,2024-01-01T15:15:00Z,S016
T005203,C02908,P0841,4,228.8,2024-01-02T16:16:00Z,S026
T005204,C01705,P0094,2,263.44,2024-01-02T04:42:00Z,S028
T005205,C01293,P0635,1,66.29,2024-01-02T00:40:00Z,S035
T005206,C03025,P0624,2,352.04,2024-01-02T02:27:00Z,S027
T005207,C02560,P0471,2,189.46,2024-01-02T04:05:00Z,S021
T005208,C04633,P0899,2,133.3,2024-01-01T11:07:00Z,S028
T005209,C00102,P0646,3,233.07,2024-01-02T23:43:00Z,S049
T005210,C04124,P0064,5,512.05,2024-01-02T08:10:00Z,S014
T005211,C03698,P0673,3,132.27,2024-01-03T17:51:00Z,S030
T005212,C00031,P0758,5,255.15,2024-01-01T12:59:00Z,S036
T005213,C03872,P0685,3,415.23,2024-01-02T06:10:00Z,S014
T005214,C02678,P0424,5,558.15,2024-01-02T00:35:00Z,S015
T005215,C00369,P0265,1,147.72,2024-01-02T09:36:00Z,S042
T005216,C01147,P0361,1,62.01,2024-01-01T16:53:00Z,S028
T005217,C04512,P0083,1,150.67,2024-01-02T17:19:00Z,S012
T005218,C02103,P0519,3,329.64,2024-01-02T21:11:00Z,S026
T005219,C04641,P0800,5,184.35,2024-01-03T09:53:00Z,S021
T005220,C01098,P0999,3,581.82,2024-01-02T02:01:00Z,S048
T005221,C04913,P0495,4,138.28,2024-01-02T11:57:00Z,S020
T005222,C01333,P0889,1,163.95,2024-01-03T20:05:00Z,S038
T005223,C01556,P0514,5,578.05,2024-01-02T16:23:00Z,S030
T005224,C01857,P0994,1,34.89,2024-01-03T10:02:00Z,S046
T005225,C02251,P0934,2,345.5,2024-01-03T10:36:00Z,S048
T005226,C00720,P0197,3,135.6,2024-01-03T17:13:00Z,S049
T005227,C01937,P0393,2,27.1,2024-01-02T11:27:00Z,S039
T005228,C03956,P0979,1,140.33,2024-01-01T10:31:00Z,S044
T005229,C02512,P0440,3,568.2,2024-01-01T09:21:00Z,S026
T005230,C02572,P0126,4,612.52,2024-01-01T18:10:00Z,S049
T005231,C04891,P0326,2,74.9,2024-01-01T12:08:00Z,S025
T005232,C03707,P0247,1,32.41,2024-01-01T22:35:00Z,S045
T005233,C02725,P0198,3,291.48,2024-01-01T16:58:00Z,S008
T005234,C04542,P0192,1,14.74,2024-01-01T12:54:00Z,S012
T005235,C00164,P0612,1,81.14,2024-01-03T08:37:00Z,S046
T005236,C03193,P0492,2,72.96,2024-01-03T05:10:00Z,S006
T005237,C02326,P0258,2,333.7,2024-01-03T14:28:00Z,S011
T005238,C03956,P0751,4,221.52,2024-01-03T05:34:00Z,S023
T005239,C02572,P0806,4,166.28,2024-01-02T06:26:00Z,S041
T005240,C00960,P0371,1,193.11,2024-01-02T08:18:00Z,S037
T005241,C03714,P0348,5,96.9,2024-01-02T18:42:00Z,S045
T005242,C03198,P0961,2,160.6,2024-01-03T01:54:00Z,S008
T005243,C01958,P0968,1,119.14,2024-01-03T14:18:00Z,S012
T005244,C01395,P0825,2,80.84,2024-01-02T19:26:00Z,S007
T005245,C00392,P0713,1,101.49,2024-01-02T02:02:00Z,S042
T005246,C01827,P0053,1,78.65,2024-01-03T15:07:00Z,S019
T005247,C03662,P0287,5,960.6,2024-01-02T12:09:00Z,S042
T005248,C03024,P0751,3,166.14,2024-01-02T14:40:00Z,S013
T005249,C00986,P0499,3,138.18,2024-01-03T19:35:00Z,S009
T005250,C01656,P0611,3,50.52,2024-01-01T12:24:00Z,S048
T005251,C04465,P0838,3,277.44,2024-01-03T11:35:00Z,S020
T005252,C02604,P0853,3,107.91,2024-01-02T05:54:00Z,S034
T005253,C03680,P0162,4,287.4,2024-01-02T19:25:00Z,S043
T005254,C02018,P0830,2,128.28,2024-01-01T17:39:00Z,S040
T005255,C03195,P0811,5,702.3,2024-01-01T15:50:00Z,S034
T005256,C00995,P0644,3,285.06,2024-01-02T06:43:00Z,S020
T005257,C03924,P0870,2,329.52,2024-01-02T03:31:00Z,S030
T005258,C03101,P0372,4,114.84,2024-01-02T09:44:00Z,S014
T005259,C00094,P0936,1,56.79,2024-01-03T20:22:00Z,S041
T005260,C03547,P0280,5,365.25,2024-01-02T02:16:00Z,S021
T005261,C01198,P0530,4,91.8,2024-01-01T11:56:00Z,S029
T005262,C04132,P0213,5,933.05,2024-01-03T15:27:00Z,S031
T005263,C04934,P0419,1,41.17,2024-01-03T01:40:00Z,S031
T005264,C00870,P0273,5,558.7,2024-01-02T11:04:00Z,S031
T005265,C02839,P0133,5,821.05,2024-01-02T23:42:00Z,S002
T005266,C02258,P0263,1,64.07,2024-01-02T17:39:00Z,S004
T005267,C01803,P0312,3,322.41,2024-01-02T23:07:00Z,S011
T005268,C00309,P0261,1,130.95,2024-01-01T14:06:00Z,S042
T005269,C00610,P0393,3,40.65,2024-01-03T18:59:00Z,S003
T005270,C01318,P0165,5,818.7,2024-01-02T09:52:00Z,S037
T005271,C03832,P0221,1,146.3,2024-01-02T05:12:00Z,S047
T005272,C02448,P0105,3,217.44,2024-01-01T15:03:00Z,S033
T005273,C04049,P0358,3,47.88,2024-01-02T06:20:00Z,S009
T005274,C02064,P0388,2,265.94,2024-01-01T22:24:00Z,S028
T005275,C00011,P0554,1,83.79,2024-01-03T13:52:00Z,S009
T005276,C04439,P0615,2,290.48,2024-01-01T13:42:00Z,S038
T005277,C04363,P0619,1,165.79,2024-01-03T11:29:00Z,S032
T005278,C00147,P0385,1,6.74,2024-01-02T01:52:00Z,S031
T005279,C03623,P0686,5,848.25,2024-01-02T02:43:00Z,S042
T005280,C00487,P0487,2,93.24,2024-01-03T16:52:00Z,S015
T005281,C00285,P0655,2,223.4,2024-01-02T23:07:00Z,S034
T005282,C02882,P0608,1,190.69,2024-01-01T09:46:00Z,S018
T005283,C00674,P0873,4,515.24,2024-01-02T11:16:00Z,S018
T005284,C01768,P0315,1,142.86,2024-01-03T07:01:00Z,S042
T005285,C02559,P0906,5,461.95,2024-01-03T03:43:00Z,S009
T005286,C00536,P0700,3,595.44,2024-01-03T14:04:00Z,S027
T005287,C02113,P0426,2,136.12,2024-01-02T00:20:00Z,S040
T005288,C00134,P0658,1,84.1,2024-01-02T16:31:00Z,S028
T005289,C01342,P0452,2,365.56,2024-01-03T05:44:00Z,S040
T005290,C00191,P0563,2,231.04,2024-01-02T05:07:00Z,S033
T005291,C04446,P0109,4,216.72,2024-01-02T10:48:00Z,S030
T005292,C04352,P0773,4,63.8,2024-01-02T00:21:00Z,S048
T005293,C01494,P0084,5,999.3,2024-01-02T22:45:00Z,S023
T005294,C02563,P0523,3,580.53,2024-01-01T20:37:00Z,S034
T005295,C04559,P0415,2,189.96,2024-01-03T15:53:00Z,S032
T005296,C00078,P0501,4,553.0,2024-01-02T22:41:00Z,S007
T005297,C04380,P0998,2,240.9,2024-01-01T20:19:00Z,S003
T005298,C03601,P0287,1,192.12,2024-01-03T13:05:00Z,S015
T005299,C01177,P0078,3,206.79,2024-01-02T04:20:00Z,S050
T005300,C02220,P0284,1,47.03,2024-01-03T00:22:00Z,S001
T005301,C03813,P0762,5,426.7,2024-01-01T17:27:00Z,S015
T005302,C00976,P0005,4,429.24,2024-01-03T12:47:00Z,S013
T005303,C01869,P0325,5,377.15,2024-01-03T07:48:00Z,S039
T005304,C02950,P0336,3,361.8,2024-01-02T18:52:00Z,S030
T005305,C03905,P0856,4,219.64,2024-01-01T17:19:00Z,S023
T005306,C03830,P0355,1,165.97,2024-01-02T20:11:00Z,S045
T005307,C00422,P0545,1,121.63,2024-01-02T12:05:00Z,S026
T005308,C03937,P0706,4,341.72,2024-01-01T22:19:00Z,S003
T005309,C02977,P0699,3,385.71,2024-01-01T20:09:00Z,S001
T005310,C02908,P0623,1,189.74,2024-01-02T05:20:00Z,S005
T005311,C00002,P0989,5,866.75,2024-01-02T19:52:00Z,S035
T005312,C01782,P0965,3,431.22,2024-01-02T09:17:00Z,S047
T005313,C03267,P0289,5,36.9,2024-01-03T04:16:00Z,S035
T005314,C03590,P0812,2,198.12,2024-01-03T16:03:00Z,S030
T005315,C02922,P0303,3,255.63,2024-01-01T09:43:00Z,S038
T005316,C00793,P0362,3,94.11,2024-01-01T14:52:00Z,S025
T005317,C04184,P0407,4,623.96,2024-01-02T09:28:00Z,S048
T005318,C00857,P0131,4,161.6,2024-01-02T23:07:00Z,S046
T005319,C00814,P0722,3,258.96,2024-01-02T00:20:00Z,S019
T005320,C01713,P0256,1,114.45,2024-01-01T13:33:00Z,S019
T005321,C04310,P0539,4,67.4,2024-01-03T10:15:00Z,S039
T005322,C02786,P0945,1,109.55,2024-01-02T19:52:00Z,S003
T005323,C02460,P0241,1,121.12,2024-01-03T20:49:00Z,S046
T005324,C02192,P0795,3,443.01,2024-01-03T00:56:00Z,S032
T005325,C04380,P0952,1,98.5,2024-01-03T17:38:00Z,S027
T005326,C03088,P0976,1,51.58,2024-01-03T04:04:00Z,S047
T005327,C03501,P0793,2,239.02,2024-01-01T17:44:00Z,S004
T005328,C04795,P0866,1,77.04,2024-01-03T19:18:00Z,S013
T005329,C00676,P0053,3,235.95,2024-01-02T21:56:00Z,S011
T005330,C03180,P0877,4,697.8,2024-01-02T11:34:00Z,S037
T005331,C02857,P0713,5,507.45,2024-01-01T17:51:00Z,S011
T005332,C01426,P0278,3,366.84,2024-01-03T03:32:00Z,S046
T005333,C02904,P0646,5,388.45,2024-01-03T06:32:00Z,S016
T005334,C03665,P0785,3,163.5,2024-01-03T17:46:00Z,S009
T005335,C00747,P0922,5,274.05,2024-01-02T10:30:00Z,S011
T005336,C01143,P0358,4,63.84,2024-01-02T14:19:00Z,S012
T005337,C02784,P0918,5,979.55,2024-01-03T15:40:00Z,S048
T005338,C02071,P0102,4,741.68,2024-01-03T03:36:00Z,S045
T005339,C03527,P0689,1,105.97,2024-01-01T22:10:00Z,S007
T005340,C00540,P0590,5,309.85,2024-01-01T21:39:00Z,S041
T005341,C02332,P0231,3,117.12,2024-01-02T03:40:00Z,S003
T005342,C00228,P0622,4,505.28,2024-01-03T10:00:00Z,S050
T005343,C01113,P0888,3,134.37,2024-01-02T17:28:00Z,S014
T005344,C03056,P0212,4,277.0,2024-01-02T08:15:00Z,S025
T005345,C04529,P0855,1,121.78,2024-01-01T13:24:00Z,S043
T005346,C01515,P0263,2,128.14,2024-01-03T09:54:00Z,S019
T005347,C01937,P0212,4,277.0,2024-01-03T10:52:00Z,S022
T005348,C00332,P0147,5,980.5,2024-01-02T04:34:00Z,S002
T005349,C03039,P0829,3,433.26,2024-01-02T03:21:00Z,S036
T005350,C02459,P0512,3,215.01,2024-01-03T14:12:00Z,S038
T005351,C04546,P0809,2,207.46,2024-01-01T12:07:00Z,S017
T005352,C02630,P0956,2,160.64,2024-01-01T14:47:00Z,S040
T005353,C00109,P0347,1,20.91,2024-01-03T11:05:00Z,S011
T005354,C03052,P0813,4,735.64,2024-01-02T11:55:00Z,S039
T005355,C04887,P0398,3,178.02,2024-01-03T11:31:00Z,S014
T005356,C02009,P0994,5,174.45,2024-01-02T04:03:00Z,S049
T005357,C01603,P0003,4,533.88,2024-01-02T15:03:00Z,S022
T005358,C03130,P0917,3,536.4,2024-01-03T08:43:00Z,S005
T005359,C04544,P0551,1,18.44,2024-01-03T12:44:00Z,S039
T005360,C01406,P0625,3,484.74,2024-01-03T05:35:00Z,S034
T005361,C04041,P0008,3,287.19,2024-01-01T10:03:00Z,S044
T005362,C04827,P0113,4,227.52,2024-01-02T17:56:00Z,S003
T005363,C01883,P0890,5,167.75,2024-01-02T01:38:00Z,S003
T005364,C02738,P0958,1,44.99,2024-01-03T18:07:00Z,S036
T005365,C00142,P0699,4,514.28,2024-01-03T07:33:00Z,S032
T005366,C01901,P0395,5,115.35,2024-01-01T20:10:00Z,S017
T005367,C04438,P0720,2,312.78,2024-01-01T15:31:00Z,S050
T005368,C02890,P0593,3,169.77,2024-01-03T05:50:00Z,S010
T005369,C04739,P0150,2,43.04,2024-01-02T10:47:00Z,S035
T005370,C02421,P0509,2,53.32,2024-01-01T14:59:00Z,S006
T005371,C00629,P0905,3,23.07,2024-01-01T17:09:00Z,S040
T005372,C01685,P0946,2,247.04,2024-01-01T12:11:00Z,S026
T005373,C02118,P0092,1,86.97,2024-01-02T16:12:00Z,S046
T005374,C01524,P0275,3,402.45,2024-01-02T04:14:00Z,S004
T005375,C04530,P0645,5,761.45,2024-01-02T12:33:00Z,S040
T005376,C04848,P0557,5,806.4,2024-01-01T11:33:00Z,S028
T005377,C04601,P0919,5,574.5,2024-01-02T21:45:00Z,S036
T005378,C04961,P0432,1,182.55,2024-01-02T04:24:00Z,S043
T005379,C00713,P0084,4,799.44,2024-01-02T22:14:00Z,S019
T005380,C01137,P0528,3,23.16,2024-01-03T16:26:00Z,S049
T005381,C03559,P0430,1,126.82,2024-01-01T22:51:00Z,S029
T005382,C04669,P0954,4,520.52,2024-01-02T11:20:00Z,S042
T005383,C00438,P0937,2,156.62,2024-01-03T01:40:00Z,S017
T005384,C04541,P0470,2,332.68,2024-01-01T16:38:00Z,S026
T005385,C02723,P0453,3,532.89,2024-01-02T12:11:00Z,S002
T005386,C03305,P0027,1,148.24,2024-01-01T14:26:00Z,S002
T005387,C02835,P0375,4,519.8,2024-01-01T22:39:00Z,S035
T005388,C03048,P0286,5,209.45,2024-01-03T13:31:00Z,S040
T005389,C01142,P0104,2,333.32,2024-01-03T17:39:00Z,S039
T005390,C01502,P0436,2,282.3,2024-01-02T13:05:00Z,S047
T005391,C00072,P0407,2,311.98,2024-01-01T10:27:00Z,S009
T005392,C04071,P0762,2,170.68,2024-01-02T08:09:00Z,S049
T005393,C03618,P0068,1,41.61,2024-01-02T21:35:00Z,S024
T005394,C04710,P0232,1,46.23,2024-01-03T03:38:00Z,S001
T005395,C03016,P0815,2,40.98,2024-01-02T04:12:00Z,S038
T005396,C02123,P0999,2,387.88,2024-01-01T14:30:00Z,S006
T005397,C01331,P0870,3,494.28,2024-01-01T14:39:00Z,S046
T005398,C02681,P0141,1,7.3,2024-01-03T01:15:00Z,S024
T005399,C04118,P0740,4,601.52,2024-01-02T22:05:00Z,S046
T005400,C03769,P0019,5,532.65,2024-01-02T04:09:00Z,S024
T005401,C03787,P0702,1,56.18,2024-01-01T13:46:00Z,S003
T005402,C04971,P0762,5,426.7,2024-01-01T23:43:00Z,S050
T005403,C04182,P0879,5,613.15,2024-01-02T18:07:00Z,S020
T005404,C04153,P0265,3,443.16,2024-01-02T00:05:00Z,S014
T005405,C01114,P0146,3,598.5,2024-01-02T03:13:00Z,S048
T005406,C01036,P0622,3,378.96,2024-01-02T08:17:00Z,S034
T005407,C04245,P0170,3,347.88,2024-01-03T19:16:00Z,S011
T005408,C01694,P0550,4,105.0,2024-01-03T09:19:00Z,S017
T005409,C02256,P0321,2,58.46,2024-01-03T16:29:00Z,S017
T005410,C00048,P0982,2,151.54,2024-01-02T11:45:00Z,S020
T005411,C02589,P0808,4,278.12,2024-01-02T04:02:00Z,S038
T005412,C03140,P0547,2,200.12,2024-01-02T14:41:00Z,S014
T005413,C04251,P0973,1,93.01,2024-01-02T13:07:00Z,S050
T005414,C01390,P0210,3,543.96,2024-01-03T14:51:00Z,S007
T005415,C03812,P0044,2,368.82,2024-01-03T10:03:00Z,S001
T005416,C00395,P0760,2,44.98,2024-01-02T10:45:00Z,S034
T005417,C01728,P0284,2,94.06,2024-01-01T19:44:00Z,S019
T005418,C02023,P0511,3,546.24,2024-01-02T14:13:00Z,S045
T005419,C02282,P0745,5,978.5,2024-01-03T02:04:00Z,S037
T005420,C01539,P0403,5,540.95,2024-01-03T08:06:00Z,S036
T005421,C02293,P0102,4,741.68,2024-01-01T23:44:00Z,S002
T005422,C04093,P0415,1,94.98,2024-01-02T08:26:00Z,S002
T005423,C04274,P0953,2,254.92,2024-01-02T01:53:00Z,S030
T005424,C00061,P0906,5,461.95,2024-01-02T14:18:00Z,S009
T005425,C02366,P0814,2,350.7,2024-01-01T14:52:00Z,S020
T005426,C03715,P0226,2,80.02,2024-01-01T23:27:00Z,S049
T005427,C00901,P0554,1,83.79,2024-01-02T22:59:00Z,S049
T005428,C04015,P0874,3,35.55,2024-01-02T06:14:00Z,S043
T005429,C04247,P0871,1,155.34,2024-01-02T20:44:00Z,S014
T005430,C04544,P0486,1,20.73,2024-01-03T12:21:00Z,S001
T005431,C03998,P0409,1,26.49,2024-01-02T07:59:00Z,S024
T005432,C00255,P0182,5,74.35,2024-01-03T05:51:00Z,S030
T005433,C03014,P0072,1,155.42,2024-01-03T09:52:00Z,S015
T005434,C01099,P0500,1,56.48,2024-01-02T17:15:00Z,S036
T005435,C00965,P0467,3,201.96,2024-01-01T13:23:00Z,S023
T005436,C02938,P0336,3,361.8,2024-01-01T09:41:00Z,S005
T005437,C02708,P0884,2,171.24,2024-01-01T10:12:00Z,S011
T005438,C03436,P0062,3,16.47,2024-01-03T05:36:00Z,S039
T005439,C00510,P0283,3,104.46,2024-01-02T03:42:00Z,S025
T005440,C04079,P0072,5,777.1,2024-01-03T05:36:00Z,S004
T005441,C02233,P0629,5,223.4,2024-01-01T23:19:00Z,S012
T005442,C04536,P0945,3,328.65,2024-01-03T20:37:00Z,S050
T005443,C00095,P0070,1,7.32,2024-01-02T19:56:00Z,S047
T005444,C00133,P0046,5,696.4,2024-01-03T14:31:00Z,S007
T005445,C04421,P0102,3,556.26,2024-01-02T11:42:00Z,S027
T005446,C04391,P0601,4,343.28,2024-01-02T02:23:00Z,S011
T005447,C00307,P0140,4,717.4,2024-01-01T14:34:00Z,S044
T005448,C01902,P0836,1,118.72,2024-01-02T13:55:00Z,S050
T005449,C04771,P0357,2,178.46,2024-01-01T14:43:00Z,S046
T005450,C00148,P0238,4,208.72,2024-01-02T10:20:00Z,S010
T005451,C03377,P0557,1,161.28,2024-01-03T02:27:00Z,S005
T005452,C02144,P0496,2,306.84,2024-01-01T15:31:00Z,S028
T005453,C03128,P0333,4,664.08,2024-01-02T12:56:00Z,S007
T005454,C01548,P0983,4,589.4,2024-01-02T00:12:00Z,S011
T005455,C03325,P0073,1,125.32,2024-01-02T17:00:00Z,S006
T005456,C01905,P0591,1,126.09,2024-01-01T15:43:00Z,S020
T005457,C04843,P0861,3,236.19,2024-01-02T11:33:00Z,S022
T005458,C00116,P0756,4,202.36,2024-01-01T14:16:00Z,S017
T005459,C02303,P0033,1,61.04,2024-01-01T20:08:00Z,S013
T005460,C04933,P0015,5,648.85,2024-01-03T14:17:00Z,S006
T005461,C02638,P0242,3,496.5,2024-01-02T06:33:00Z,S050
T005462,C00165,P0881,1,140.98,2024-01-01T14:55:00Z,S014
T005463,C01478,P0641,3,429.54,2024-01-03T13:47:00Z,S028
T005464,C04589,P0840,5,329.35,2024-01-02T10:23:00Z,S013
T005465,C03773,P0529,1,16.57,2024-01-01T22:28:00Z,S043
T005466,C02720,P0082,1,169.24,2024-01-01T10:35:00Z,S033
T005467,C04328,P0309,5,574.0,2024-01-01T10:22:00Z,S019
T005468,C04359,P0957,2,358.38,2024-01-02T22:13:00Z,S008
T005469,C04933,P0982,4,303.08,2024-01-02T09:29:00Z,S031
T005470,C03233,P0638,2,283.44,2024-01-03T09:17:00Z,S014
T005471,C03326,P0775,4,447.84,2024-01-03T19:23:00Z,S016
T005472,C01621,P0154,1,64.08,2024-01-02T15:18:00Z,S046
T005473,C00811,P0163,5,310.5,2024-01-02T06:02:00Z,S049
T005474,C01895,P0037,2,269.22,2024-01-01T14:47:00Z,S037
T005475,C01888,P0776,1,116.76,2024-01-02T07:30:00Z,S049
T005476,C01263,P0149,3,499.38,2024-01-03T15:36:00Z,S029
T005477,C00679,P0549,4,386.4,2024-01-02T06:05:00Z,S043
T005478,C01247,P0095,5,406.15,2024-01-03T20:08:00Z,S005
T005479,C03800,P0051,1,69.59,2024-01-02T15:17:00Z,S048
T005480,C01626,P0621,5,521.8,2024-01-01T23:15:00Z,S020
T005481,C00095,P0794,1,182.12,2024-01-02T07:00:00Z,S050
T005482,C04798,P0478,2,360.02,2024-01-03T17:36:00Z,S016
T005483,C02991,P0153,1,8.73,2024-01-02T02:01:00Z,S036
T005484,C01350,P0474,1,73.42,2024-01-01T23:25:00Z,S038
T005485,C04919,P0399,4,662.68,2024-01-02T11:14:00Z,S018
T005486,C01739,P0292,1,86.41,2024-01-01T16:04:00Z,S008
T005487,C02087,P0248,5,485.2,2024-01-02T13:27:00Z,S010
T005488,C03812,P0383,1,79.43,2024-01-02T15:05:00Z,S016
T005489,C01086,P0569,3,496.53,2024-01-01T10:00:00Z,S041
T005490,C01557,P0671,2,26.44,2024-01-03T00:10:00Z,S027
T005491,C01001,P0459,3,401.25,2024-01-02T23:00:00Z,S009
T005492,C02818,P0457,2,21.54,2024-01-01T12:33:00Z,S003
T005493,C02144,P0074,4,404.08,2024-01-02T23:46:00Z,S035
T005494,C03637,P0850,4,534.72,2024-01-03T11:54:00Z,S043
T005495,C00933,P0833,1,29.04,2024-01-02T08:36:00Z,S045
T005496,C03236,P0416,2,181.14,2024-01-03T13:37:00Z,S004
T005497,C00944,P0549,5,483.0,2024-01-02T04:03:00Z,S049
T005498,C00483,P0919,4,459.6,2024-01-02T20:20:00Z,S028
T005499,C01050,P0839,2,38.62,2024-01-02T15:19:00Z,S014
T005500,C02142,P0946,3,370.56,2024-01-02T12:45:00Z,S025
T005501,C00696,P0926,5,387.3,2024-01-02T10:59:00Z,S029
T005502,C04233,P0919,3,344.7,2024-01-02T16:52:00Z,S037
T005503,C03302,P0855,3,365.34,2024-01-03T15:29:00Z,S036
T005504,C03507,P0413,4,527.8,2024-01-03T07:29:00Z,S009
T005505,C03470,P0841,3,171.6,2024-01-02T20:43:00Z,S034
T005506,C01755,P0021,2,242.92,2024-01-01T23:02:00Z,S033
T005507,C03934,P0599,2,22.3,2024-01-02T00:57:00Z,S034
T005508,C02249,P0690,3,385.95,2024-01-02T11:57:00Z,S022
T005509,C01945,P0017,2,206.5,2024-01-03T19:07:00Z,S045
T005510,C04373,P0967,4,390.44,2024-01-03T16:24:00Z,S004
T005511,C02997,P0022,1,130.14,2024-01-02T08:02:00Z,S039
T005512,C04704,P0992,4,274.12,2024-01-02T22:36:00Z,S029
T005513,C02472,P0755,1,183.71,2024-01-03T15:55:00Z,S020
T005514,C04098,P0618,3,426.84,2024-01-02T11:50:00Z,S019
T005515,C01578,P0685,1,138.41,2024-01-02T03:36:00Z,S038
T005516,C03953,P0968,5,595.7,2024-01-01T17:10:00Z,S046
T005517,C04551,P0651,2,308.3,2024-01-02T09:55:00Z,S034
T005518,C03540,P0727,2,344.86,2024-01-02T11:19:00Z,S020
T005519,C04489,P0441,2,153.14,2024-01-02T23:44:00Z,S042
T005520,C00806,P0245,4,289.2,2024-01-02T18:22:00Z,S010
T005521,C00734,P0761,2,287.44,2024-01-03T20:02:00Z,S046
T005522,C04706,P0678,2,288.84,2024-01-02T12:42:00Z,S042
T005523,C00599,P0992,4,274.12,2024-01-01T19:07:00Z,S008
T005524,C03904,P0464,5,336.95,2024-01-03T04:23:00Z,S030
T005525,C01896,P0736,5,420.95,2024-01-03T07:25:00Z,S003
T005526,C03674,P0408,4,567.2,2024-01-03T07:38:00Z,S046
T005527,C03362,P0291,4,629.44,2024-01-01T15:30:00Z,S037
T005528,C03313,P0385,2,13.48,2024-01-02T17:53:00Z,S017
T005529,C01683,P0100,5,190.75,2024-01-03T01:53:00Z,S035
T005530,C00383,P0011,5,141.0,2024-01-02T17:35:00Z,S042
T005531,C00417,P0417,1,7.18,2024-01-01T16:16:00Z,S026
T005532,C00665,P0935,3,362.34,2024-01-03T11:48:00Z,S011
T005533,C03157,P0768,4,385.0,2024-01-03T18:53:00Z,S032
T005534,C00866,P0944,3,422.07,2024-01-02T18:26:00Z,S046
T005535,C04501,P0420,1,111.82,2024-01-02T14:28:00Z,S039
T005536,C00346,P0736,1,84.19,2024-01-03T20:37:00Z,S008
T005537,C02744,P0947,5,997.3,2024-01-03T12:27:00Z,S022
T005538,C01784,P0969,3,90.81,2024-01-03T01:48:00Z,S016
T005539,C03779,P0618,5,711.4,2024-01-01T20:10:00Z,S016
T005540,C00970,P0820,3,239.4,2024-01-01T16:14:00Z,S023
T005541,C02225,P0105,4,289.92,2024-01-02T03:07:00Z,S009
T005542,C03944,P0814,1,175.35,2024-01-03T19:43:00Z,S028
T005543,C02358,P0203,4,468.6,2024-01-03T17:30:00Z,S029
T005544,C01940,P0071,2,355.54,2024-01-02T03:12:00Z,S027
T005545,C04584,P0843,3,305.31,2024-01-02T10:33:00Z,S018
T005546,C00112,P0937,1,78.31,2024-01-03T13:02:00Z,S043
T005547,C04653,P0599,2,22.3,2024-01-02T14:02:00Z,S028
T005548,C01860,P0606,4,470.72,2024-01-01T10:06:00Z,S008
T005549,C03629,P0411,3,250.38,2024-01-03T10:54:00Z,S011
T005550,C03884,P0786,3,152.67,2024-01-03T06:37:00Z,S017
T005551,C00605,P0136,1,128.03,2024-01-03T11:36:00Z,S042
T005552,C03058,P0767,1,15.79,2024-01-02T00:49:00Z,S030
T005553,C03228,P0226,3,120.03,2024-01-01T20:23:00Z,S009
T005554,C03804,P0458,1,67.07,2024-01-03T01:50:00Z,S024
T005555,C04336,P0311,2,295.86,2024-01-02T10:51:00Z,S021
T005556,C03699,P0343,1,52.49,2024-01-02T02:16:00Z,S018
T005557,C04941,P0789,3,487.71,2024-01-02T19:18:00Z,S048
T005558,C03001,P0174,5,500.75,2024-01-03T04:30:00Z,S017
T005559,C02030,P0151,3,459.69,2024-01-03T17:14:00Z,S042
T005560,C01532,P0822,5,135.6,2024-01-02T17:41:00Z,S014
T005561,C01034,P0477,2,228.22,2024-01-02T18:26:00Z,S009
T005562,C00623,P0103,1,58.63,2024-01-02T23:53:00Z,S044
T005563,C02842,P0125,4,77.28,2024-01-02T13:06:00Z,S027
T005564,C03461,P0575,3,207.81,2024-01-02T19:47:00Z,S015
T005565,C01362,P0084,2,399.72,2024-01-02T18:32:00Z,S009
T005566,C00490,P0209,5,53.1,2024-01-02T07:49:00Z,S034
T005567,C02894,P0785,5,272.5,2024-01-02T00:24:00Z,S020
T005568,C04171,P0449,1,36.45,2024-01-03T00:20:00Z,S035
T005569,C01859,P0715,2,346.82,2024-01-03T08:53:00Z,S008
T005570,C01367,P0196,2,344.62,2024-01-02T00:24:00Z,S046
T005571,C00735,P0274,4,69.72,2024-01-02T14:14:00Z,S004
T005572,C02806,P0590,1,61.97,2024-01-03T03:28:00Z,S036
T005573,C03187,P0170,2,231.92,2024-01-01T20:36:00Z,S039
T005574,C02882,P0779,1,162.37,2024-01-02T12:34:00Z,S002
T005575,C02656,P0915,3,431.88,2024-01-02T04:24:00Z,S040
T005576,C01694,P0220,2,256.64,2024-01-02T07:25:00Z,S040
T005577,C03457,P0314,4,418.6,2024-01-02T09:03:00Z,S036
T005578,C02478,P0239,1,7.17,2024-01-02T02:07:00Z,S034
T005579,C04465,P0216,2,306.66,2024-01-01T14:20:00Z,S045
T005580,C00769,P0010,2,186.04,2024-01-02T16:57:00Z,S005
T005581,C01656,P0094,2,263.44,2024-01-03T19:38:00Z,S030
T005582,C00068,P0376,5,849.5,2024-01-02T04:47:00Z,S039
T005583,C03781,P0183,3,190.14,2024-01-03T06:02:00Z,S031
T005584,C01189,P0088,3,410.49,2024-01-03T13:43:00Z,S031
T005585,C03041,P0303,2,170.42,2024-01-02T03:57:00Z,S029
T005586,C00934,P0255,5,562.75,2024-01-01T12:16:00Z,S010
T005587,C00794,P0393,5,67.75,2024-01-02T09:01:00Z,S004
T005588,C03220,P0455,3,280.68,2024-01-03T18:25:00Z,S010
T005589,C00738,P0529,2,33.14,2024-01-02T22:28:00Z,S011
T005590,C00875,P0580,2,280.74,2024-01-03T01:28:00Z,S012
T005591,C02890,P0579,2,342.78,2024-01-03T10:25:00Z,S004
T005592,C00038,P0115,2,225.62,2024-01-03T16:46:00Z,S037
T005593,C01716,P0277,4,638.72,2024-01-03T01:03:00Z,S031
T005594,C00273,P0662,5,614.85,2024-01-01T23:27:00Z,S014
T005595,C02131,P0954,5,650.65,2024-01-02T03:33:00Z,S041
T005596,C03649,P0986,2,279.54,2024-01-02T08:01:00Z,S004
T005597,C02414,P0329,4,510.36,2024-01-01T19:23:00Z,S045
T005598,C00265,P0420,1,111.82,2024-01-02T21:00:00Z,S040
T005599,C04540,P0796,4,94.8,2024-01-02T03:54:00Z,S012
T005600,C02874,P0009,1,50.89,2024-01-02T11:23:00Z,S049
T005601,C00874,P0300,5,316.15,2024-01-03T03:58:00Z,S024
T005602,C03353,P0422,1,50.24,2024-01-02T14:54:00Z,S022
T005603,C04622,P0614,2,346.72,2024-01-02T18:35:00Z,S035
T005604,C01915,P0525,3,524.46,2024-01-01T21:24:00Z,S050
T005605,C00498,P0220,2,256.64,2024-01-02T05:00:00Z,S045
T005606,C04013,P0113,3,170.64,2024-01-01T18:07:00Z,S039
T005607,C03953,P0493,2,341.48,2024-01-02T21:29:00Z,S036
T005608,C00620,P0822,2,54.24,2024-01-02T16:19:00Z,S025
T005609,C00023,P0674,5,413.9,2024-01-02T15:59:00Z,S021
T005610,C00489,P0064,4,409.64,2024-01-01T20:46:00Z,S016
T005611,C00585,P0158,5,49.75,2024-01-01T14:51:00Z,S021
T005612,C01017,P0873,2,257.62,2024-01-01T13:36:00Z,S028
T005613,C01974,P0146,4,798.0,2024-01-01T10:23:00Z,S038
T005614,C04756,P0031,5,393.65,2024-01-03T17:28:00Z,S029
T005615,C00059,P0124,1,189.33,2024-01-01T20:48:00Z,S043
T005616,C03580,P0480,2,392.1,2024-01-01T16:17:00Z,S009
T005617,C04972,P0621,1,104.36,2024-01-03T11:12:00Z,S048
T005618,C00233,P0021,3,364.38,2024-01-03T14:42:00Z,S008
T005619,C04070,P0197,5,226.0,2024-01-01T21:07:00Z,S024
T005620,C04840,P0320,2,33.84,2024-01-02T17:37:00Z,S037
T005621,C03632,P0641,4,572.72,2024-01-02T07:03:00Z,S047
T005622,C01386,P0164,1,106.23,2024-01-01T18:07:00Z,S012
T005623,C03497,P0138,5,786.9,2024-01-01T17:28:00Z,S004
T005624,C00138,P0614,4,693.44,2024-01-02T21:39:00Z,S049
T005625,C02264,P0611,3,50.52,2024-01-03T18:07:00Z,S049
T005626,C02181,P0733,5,556.05,2024-01-01T20:17:00Z,S024
T005627,C01819,P0762,3,256.02,2024-01-02T16:40:00Z,S050
T005628,C00486,P0880,2,291.08,2024-01-02T23:31:00Z,S047
T005629,C04434,P0376,5,849.5,2024-01-03T02:58:00Z,S025
T005630,C01945,P0481,4,327.88,2024-01-01T17:52:00Z,S027
T005631,C04019,P0840,3,197.61,2024-01-01T14:26:00Z,S025
T005632,C01306,P0647,2,116.94,2024-01-01T22:39:00Z,S044
T005633,C03665,P0811,3,421.38,2024-01-02T01:05:00Z,S030
T005634,C04497,P0250,5,752.7,2024-01-03T17:18:00Z,S007
T005635,C03342,P0386,4,350.44,2024-01-02T23:02:00Z,S036
T005636,C02084,P0324,1,171.55,2024-01-03T10:40:00Z,S050
T005637,C00995,P0394,4,570.32,2024-01-03T10:41:00Z,S006
T005638,C04869,P0481,2,163.94,2024-01-02T08:38:00Z,S029
T005639,C00037,P0551,4,73.76,2024-01-02T17:20:00Z,S001
T005640,C04489,P0356,3,483.72,2024-01-01T13:35:00Z,S041
T005641,C02015,P0624,4,704.08,2024-01-01T21:21:00Z,S030
T005642,C03763,P0010,5,465.1,2024-01-02T03:03:00Z,S042
T005643,C03712,P0762,1,85.34,2024-01-02T10:07:00Z,S014
T005644,C03850,P0662,4,491.88,2024-01-02T18:38:00Z,S050
T005645,C04929,P0132,4,725.68,2024-01-01T14:45:00Z,S018
T005646,C01615,P0613,5,364.8,2024-01-01T19:24:00Z,S002
T005647,C01846,P0377,1,85.94,2024-01-01T09:16:00Z,S035
T005648,C02883,P0952,5,492.5,2024-01-02T22:21:00Z,S011
T005649,C03209,P0375,5,649.75,2024-01-03T10:39:00Z,S049
T005650,C03553,P0036,5,541.65,2024-01-02T12:17:00Z,S033
T005651,C00211,P0069,4,451.88,2024-01-02T07:50:00Z,S033
T005652,C01528,P0445,1,78.52,2024-01-02T07:28:00Z,S044
T005653,C02301,P0384,4,390.76,2024-01-01T15:26:00Z,S047
T005654,C03816,P0208,1,24.55,2024-01-01T21:48:00Z,S033
T005655,C02724,P0783,2,275.98,2024-01-03T08:01:00Z,S019
T005656,C01571,P0931,2,338.94,2024-01-02T05:18:00Z,S003
T005657,C01703,P0511,3,546.24,2024-01-02T17:26:00Z,S032
T005658,C00163,P0235,3,298.26,2024-01-02T21:49:00Z,S020
T005659,C04666,P0457,1,10.77,2024-01-01T19:38:00Z,S038
T005660,C03764,P0326,1,37.45,2024-01-02T15:36:00Z,S050
T005661,C02651,P0511,4,728.32,2024-01-02T14:37:00Z,S036
T005662,C02145,P0852,5,718.35,2024-01-03T04:57:00Z,S029
T005663,C02523,P0437,4,721.8,2024-01-01T15:53:00Z,S032
T005664,C03046,P0310,1,159.96,2024-01-02T04:35:00Z,S017
T005665,C00256,P0439,4,432.68,2024-01-03T09:53:00Z,S023
T005666,C02083,P0665,3,286.26,2024-01-02T00:57:00Z,S046
T005667,C01328,P0230,1,187.2,2024-01-02T14:37:00Z,S026
T005668,C03085,P0676,2,299.08,2024-01-03T14:52:00Z,S012
T005669,C01197,P0961,1,80.3,2024-01-01T19:04:00Z,S005
T005670,C04820,P0849,5,825.95,2024-01-03T00:26:00Z,S003
T005671,C00437,P0624,4,704.08,2024-01-01T10:37:00Z,S027
T005672,C00203,P0825,1,40.42,2024-01-01T10:06:00Z,S026
T005673,C01813,P0143,1,5.25,2024-01-01T12:47:00Z,S023
T005674,C03067,P0397,1,87.8,2024-01-02T05:01:00Z,S011
T005675,C02732,P0032,5,442.7,2024-01-03T18:00:00Z,S027
T005676,C01808,P0305,3,362.46,2024-01-01T09:05:00Z,S007
T005677,C00443,P0947,1,199.46,2024-01-03T15:49:00Z,S003
T005678,C03561,P0367,3,64.71,2024-01-01T18:59:00Z,S030
T005679,C02698,P0376,5,849.5,2024-01-03T00:38:00Z,S049
T005680,C01044,P0827,4,663.36,2024-01-01T15:13:00Z,S008
T005681,C04611,P0266,3,94.89,2024-01-01T15:02:00Z,S029
T005682,C03831,P0650,3,179.67,2024-01-02T05:53:00Z,S021
T005683,C02575,P0400,4,368.64,2024-01-02T22:19:00Z,S013
T005684,C00029,P0228,5,881.5,2024-01-03T16:35:00Z,S025
T005685,C00399,P0736,3,252.57,2024-01-02T17:32:00Z,S021
T005686,C02572,P0743,1,57.91,2024-01-02T19:37:00Z,S002
T005687,C03737,P0118,1,162.26,2024-01-02T17:03:00Z,S027
T005688,C04667,P0817,3,376.59,2024-01-01T10:14:00Z,S012
T005689,C00706,P0461,4,592.04,2024-01-03T12:42:00Z,S036
T005690,C04635,P0407,5,779.95,2024-01-03T10:51:00Z,S001
T005691,C03339,P0325,5,377.15,2024-01-03T18:17:00Z,S016
T005692,C02705,P0908,3,364.92,2024-01-02T00:58:00Z,S017
T005693,C01375,P0340,3,33.75,2024-01-03T17:21:00Z,S025
T005694,C00734,P0699,5,642.85,2024-01-03T13:40:00Z,S021
T005695,C03353,P0479,4,753.96,2024-01-03T03:08:00Z,S047
T005696,C01657,P0378,4,364.84,2024-01-02T16:27:00Z,S044
T005697,C01042,P0726,3,72.21,2024-01-01T15:08:00Z,S046
T005698,C00358,P0365,3,364.08,2024-01-02T15:44:00Z,S004
T005699,C01632,P0473,5,644.3,2024-01-03T16:53:00Z,S025
T005700,C04282,P0527,2,311.66,2024-01-01T13:28:00Z,S049
T005701,C02682,P0967,3,292.83,2024-01-01T18:24:00Z,S019
T005702,C04040,P0753,3,21.84,2024-01-01T11:08:00Z,S012
T005703,C00186,P0124,1,189.33,2024-01-02T15:14:00Z,S040
T005704,C04370,P0854,4,506.12,2024-01-02T19:00:00Z,S041
T005705,C02745,P0954,1,130.13,2024-01-01T21:08:00Z,S010
T005706,C02495,P0074,5,505.1,2024-01-03T18:49:00Z,S023
T005707,C01433,P0926,2,154.92,2024-01-02T03:38:00Z,S015
T005708,C04973,P0142,3,518.85,2024-01-01T11:52:00Z,S014
T005709,C04469,P0797,3,462.06,2024-01-01T19:13:00Z,S029
T005710,C00656,P0512,2,143.34,2024-01-01T09:19:00Z,S043
T005711,C02925,P0508,3,231.24,2024-01-03T03:39:00Z,S007
T005712,C01157,P0597,5,330.85,2024-01-02T12:26:00Z,S013
T005713,C00496,P0925,5,114.9,2024-01-03T03:25:00Z,S047
T005714,C00703,P0802,1,5.72,2024-01-02T16:45:00Z,S032
T005715,C00343,P0820,4,319.2,2024-01-03T04:36:00Z,S024
T005716,C03407,P0595,4,575.48,2024-01-03T03:23:00Z,S019
T005717,C03617,P0806,4,166.28,2024-01-02T17:56:00Z,S014
T005718,C03465,P0746,2,291.86,2024-01-03T18:39:00Z,S017
T005719,C04607,P0823,5,157.45,2024-01-03T06:50:00Z,S045
T005720,C01243,P0545,4,486.52,2024-01-03T08:50:00Z,S019
T005721,C00465,P0316,4,212.48,2024-01-03T16:49:00Z,S016
T005722,C01239,P0344,4,537.64,2024-01-03T08:33:00Z,S046
T005723,C04450,P0032,3,265.62,2024-01-03T07:56:00Z,S025
T005724,C04940,P0429,4,229.92,2024-01-01T19:57:00Z,S018
T005725,C03791,P0937,1,78.31,2024-01-03T02:19:00Z,S009
T005726,C02532,P0955,4,448.92,2024-01-02T23:59:00Z,S024
T005727,C01864,P0478,4,720.04,2024-01-01T20:02:00Z,S046
T005728,C03083,P0481,4,327.88,2024-01-02T04:05:00Z,S030
T005729,C04092,P0037,5,673.05,2024-01-02T06:27:00Z,S038
T005730,C02790,P0931,2,338.94,2024-01-01T15:01:00Z,S015
T005731,C01856,P0648,5,726.6,2024-01-03T17:37:00Z,S025
T005732,C01641,P0365,1,121.36,2024-01-03T19:24:00Z,S007
T005733,C02528,P0398,1,59.34,2024-01-03T19:35:00Z,S039
T005734,C04553,P0499,3,138.18,2024-01-02T15:07:00Z,S029
T005735,C01062,P0465,2,256.46,2024-01-03T12:22:00Z,S033
T005736,C03902,P0589,5,622.05,2024-01-02T20:27:00Z,S017
T005737,C04663,P0776,4,467.04,2024-01-03T16:46:00Z,S002
T005738,C03377,P0849,3,495.57,2024-01-02T19:44:00Z,S022
T005739,C04886,P0266,5,158.15,2024-01-01T21:02:00Z,S049
T005740,C04096,P0091,2,299.26,2024-01-03T09:00:00Z,S035
T005741,C04921,P0369,1,164.14,2024-01-02T07:57:00Z,S041
T005742,C04328,P0097,4,605.04,2024-01-03T11:20:00Z,S009
T005743,C04186,P0695,4,467.24,2024-01-01T19:00:00Z,S003
T005744,C02148,P0983,1,147.35,2024-01-03T07:53:00Z,S003
T005745,C03206,P0101,3,558.3,2024-01-02T11:54:00Z,S025
T005746,C02193,P0770,4,362.4,2024-01-01T18:17:00Z,S031
T005747,C01887,P0457,1,10.77,2024-01-02T23:06:00Z,S044
T005748,C04745,P0039,1,124.29,2024-01-02T14:43:00Z,S018
T005749,C02530,P0171,1,87.35,2024-01-01T09:45:00Z,S013
T005750,C02153,P0338,1,198.76,2024-01-03T11:44:00Z,S010
T005751,C02290,P0847,1,19.45,2024-01-01T15:50:00Z,S031
T005752,C04170,P0756,3,151.77,2024-01-03T08:55:00Z,S010
T005753,C02330,P0601,3,257.46,2024-01-02T23:32:00Z,S038
T005754,C04951,P0634,4,34.72,2024-01-02T07:27:00Z,S016
T005755,C03950,P0004,5,411.85,2024-01-01T20:21:00Z,S010
T005756,C01836,P0641,4,572.72,2024-01-03T15:57:00Z,S019
T005757,C01576,P0541,3,131.97,2024-01-03T10:51:00Z,S044
T005758,C04982,P0770,3,271.8,2024-01-03T17:01:00Z,S006
T005759,C02794,P0259,2,75.3,2024-01-02T07:49:00Z,S034
T005760,C00527,P0755,4,734.84,2024-01-02T05:14:00Z,S004
T005761,C00783,P0788,4,794.76,2024-01-02T02:33:00Z,S028
T005762,C01034,P0580,3,421.11,2024-01-02T02:27:00Z,S001
T005763,C03889,P0929,1,55.73,2024-01-01T23:51:00Z,S002
T005764,C00852,P0552,5,850.65,2024-01-02T01:37:00Z,S043
T005765,C04850,P0450,5,263.0,2024-01-02T00:56:00Z,S023
T005766,C04234,P0621,2,208.72,2024-01-01T13:46:00Z,S041
T005767,C00327,P0452,3,548.34,2024-01-03T04:00:00Z,S007
T005768,C04080,P0322,1,146.38,2024-01-02T21:34:00Z,S024
T005769,C02636,P0104,2,333.32,2024-01-02T19:34:00Z,S015
T005770,C03642,P0922,3,164.43,2024-01-03T00:58:00Z,S036
T005771,C03981,P0979,2,280.66,2024-01-03T19:04:00Z,S025
T005772,C04772,P0506,1,70.73,2024-01-02T01:15:00Z,S031
T005773,C04066,P0118,3,486.78,2024-01-03T19:41:00Z,S042
T005774,C04541,P0882,4,593.24,2024-01-02T06:39:00Z,S031
T005775,C01837,P0091,2,299.26,2024-01-02T22:29:00Z,S037
T005776,C03530,P0060,4,663.48,2024-01-02T04:15:00Z,S048
T005777,C01009,P0760,1,22.49,2024-01-01T11:32:00Z,S002
T005778,C03853,P0543,1,11.54,2024-01-02T21:30:00Z,S021
T005779,C00737,P0188,4,408.96,2024-01-03T18:43:00Z,S048
T005780,C04349,P0180,2,62.96,2024-01-01T17:45:00Z,S041
T005781,C04630,P0003,4,533.88,2024-01-03T05:17:00Z,S013
T005782,C00767,P0619,2,331.58,2024-01-03T20:42:00Z,S037
T005783,C03331,P0760,5,112.45,2024-01-03T00:21:00Z,S019
T005784,C03549,P0446,4,450.92,2024-01-01T10:54:00Z,S031
T005785,C02848,P0615,3,435.72,2024-01-02T01:14:00Z,S045
T005786,C00519,P0701,4,321.4,2024-01-03T00:14:00Z,S031
T005787,C03985,P0403,4,432.76,2024-01-02T23:01:00Z,S050
T005788,C04310,P0149,2,332.92,2024-01-03T15:52:00Z,S045
T005789,C00797,P0320,2,33.84,2024-01-01T22:21:00Z,S016
T005790,C03250,P0544,4,598.12,2024-01-02T21:12:00Z,S028
T005791,C01289,P0383,4,317.72,2024-01-03T04:24:00Z,S006
T005792,C04483,P0547,1,100.06,2024-01-03T05:20:00Z,S039
T005793,C02586,P0776,3,350.28,2024-01-03T00:55:00Z,S017
T005794,C00260,P0380,4,505.4,2024-01-03T00:45:00Z,S038
T005795,C04231,P0016,2,118.84,2024-01-02T19:54:00Z,S036
T005796,C00810,P0588,5,812.8,2024-01-03T16:05:00Z,S047
T005797,C04035,P0619,4,663.16,2024-01-02T23:59:00Z,S027
T005798,C04947,P0660,5,146.75,2024-01-03T05:50:00Z,S003
T005799,C01524,P0779,1,162.37,2024-01-03T00:19:00Z,S004
T005800,C03382,P0997,1,176.25,2024-01-01T22:43:00Z,S030
T005801,C01458,P0936,4,227.16,2024-01-02T05:16:00Z,S013
T005802,C04318,P0514,2,231.22,2024-01-02T05:15:00Z,S005
T005803,C03081,P0110,2,140.56,2024-01-03T07:00:00Z,S029
T005804,C04231,P0455,4,374.24,2024-01-02T10:17:00Z,S004
T005805,C03802,P0894,1,132.14,2024-01-03T15:03:00Z,S043
T005806,C00702,P0630,5,593.35,2024-01-03T00:38:00Z,S034
T005807,C04508,P0872,1,118.39,2024-01-02T21:05:00Z,S045
T005808,C04562,P0417,2,14.36,2024-01-01T14:25:00Z,S016
T005809,C02564,P0945,2,219.1,2024-01-03T02:16:00Z,S016
T005810,C04812,P0867,5,724.4,2024-01-02T23:06:00Z,S033
T005811,C02708,P0583,3,25.65,2024-01-01T11:00:00Z,S015
T005812,C00286,P0061,3,521.58,2024-01-01T09:43:00Z,S031
T005813,C00339,P0276,3,145.08,2024-01-01T15:20:00Z,S009
T005814,C04919,P0814,3,526.05,2024-01-02T08:36:00Z,S039
T005815,C01052,P0952,2,197.0,2024-01-02T16:28:00Z,S015
T005816,C01204,P0179,2,352.88,2024-01-02T21:36:00Z,S049
T005817,C02174,P0393,4,54.2,2024-01-03T13:45:00Z,S043
T005818,C00512,P0041,1,56.78,2024-01-02T09:10:00Z,S030
T005819,C02765,P0677,1,110.08,2024-01-02T11:10:00Z,S013
T005820,C03428,P0103,5,293.15,2024-01-02T17:58:00Z,S021
T005821,C02319,P0105,3,217.44,2024-01-02T08:18:00Z,S042
T005822,C03430,P0690,5,643.25,2024-01-03T20:41:00Z,S020
T005823,C01152,P0716,3,475.05,2024-01-03T04:39:00Z,S045
T005824,C03542,P0691,2,79.72,2024-01-03T14:09:00Z,S050
T005825,C00333,P0199,1,99.64,2024-01-01T20:05:00Z,S015
T005826,C02936,P0234,3,98.16,2024-01-03T09:40:00Z,S009
T005827,C03538,P0419,3,123.51,2024-01-03T17:20:00Z,S004
T005828,C02849,P0783,2,275.98,2024-01-02T21:46:00Z,S047
T005829,C01644,P0148,3,417.9,2024-01-03T02:00:00Z,S027
T005830,C01055,P0923,3,582.93,2024-01-02T10:31:00Z,S026
T005831,C00836,P0987,5,428.1,2024-01-03T01:14:00Z,S027
T005832,C03030,P0742,2,399.76,2024-01-01T15:09:00Z,S021
T005833,C01655,P0898,1,98.92,2024-01-01T12:26:00Z,S022
T005834,C02072,P0106,1,132.41,2024-01-02T17:40:00Z,S038
T005835,C02803,P0929,1,55.73,2024-01-02T06:13:00Z,S035
T005836,C04163,P0695,4,467.24,2024-01-03T08:25:00Z,S026
T005837,C03824,P0341,1,135.95,2024-01-03T05:38:00Z,S050
T005838,C02536,P0733,4,444.84,2024-01-03T05:35:00Z,S023
T005839,C01302,P0504,5,631.15,2024-01-02T23:30:00Z,S032
T005840,C02904,P0976,1,51.58,2024-01-03T19:04:00Z,S044
T005841,C01215,P0242,1,165.5,2024-01-02T20:42:00Z,S045
T005842,C03259,P0396,5,608.7,2024-01-02T15:12:00Z,S045
T005843,C01762,P0382,3,73.8,2024-01-03T09:35:00Z,S017
T005844,C01539,P0214,1,144.37,2024-01-02T04:04:00Z,S049
T005845,C02962,P0619,2,331.58,2024-01-02T11:59:00Z,S005
T005846,C02527,P0620,5,867.95,2024-01-02T14:08:00Z,S032
T005847,C01804,P0167,1,8.15,2024-01-03T07:44:00Z,S026
T005848,C01978,P0736,5,420.95,2024-01-03T13:56:00Z,S018
T005849,C03960,P0838,1,92.48,2024-01-01T14:15:00Z,S001
T005850,C04083,P0755,3,551.13,2024-01-01T17:20:00Z,S035
T005851,C04440,P0064,1,102.41,2024-01-01T14:02:00Z,S041
T005852,C02244,P0037,5,673.05,2024-01-01T22:54:00Z,S045
T005853,C03000,P0511,3,546.24,2024-01-01T13:21:00Z,S035
T005854,C00506,P0810,4,576.92,2024-01-03T03:15:00Z,S017
T005855,C01973,P0775,1,111.96,2024-01-02T19:27:00Z,S001
T005856,C00493,P0847,4,77.8,2024-01-01T22:29:00Z,S021
T005857,C02369,P0876,1,138.18,2024-01-01T13:59:00Z,S029
T005858,C00611,P0337,1,6.54,2024-01-02T16:14:00Z,S008
T005859,C03762,P0573,4,494.64,2024-01-02T02:03:00Z,S017
T005860,C03811,P0198,1,97.16,2024-01-02T01:50:00Z,S046
T005861,C00857,P0044,4,737.64,2024-01-01T17:25:00Z,S016
T005862,C02810,P0246,2,235.6,2024-01-02T08:38:00Z,S015
T005863,C04499,P0110,2,140.56,2024-01-03T14:58:00Z,S036
T005864,C01492,P0055,1,34.52,2024-01-01T14:38:00Z,S001
T005865,C00778,P0880,1,145.54,2024-01-02T21:06:00Z,S042
T005866,C00902,P0103,2,117.26,2024-01-02T15:39:00Z,S014
T005867,C01231,P0289,4,29.52,2024-01-02T04:00:00Z,S031
T005868,C03419,P0030,3,479.37,2024-01-02T14:01:00Z,S038
T005869,C00762,P0289,3,22.14,2024-01-01T17:03:00Z,S015
T005870,C03161,P0184,3,506.25,2024-01-03T01:09:00Z,S048
T005871,C00110,P0701,5,401.75,2024-01-02T13:22:00Z,S027
T005872,C03174,P0097,5,756.3,2024-01-02T05:24:00Z,S005
T005873,C04346,P0668,5,182.25,2024-01-03T17:54:00Z,S014
T005874,C01417,P0401,1,146.13,2024-01-03T13:37:00Z,S040
T005875,C00070,P0509,5,133.3,2024-01-02T05:07:00Z,S050
T005876,C04438,P0707,3,388.89,2024-01-02T13:42:00Z,S028
T005877,C03509,P0441,4,306.28,2024-01-02T03:20:00Z,S027
T005878,C01469,P0643,4,733.28,2024-01-02T11:20:00Z,S041
T005879,C01309,P0520,4,581.44,2024-01-03T17:12:00Z,S020
T005880,C03398,P0719,5,692.65,2024-01-02T22:28:00Z,S005
T005881,C03035,P0577,3,220.56,2024-01-02T08:36:00Z,S048
T005882,C04147,P0062,2,10.98,2024-01-03T08:32:00Z,S010
T005883,C02321,P0422,4,200.96,2024-01-03T18:29:00Z,S048
T005884,C03253,P0966,4,297.52,2024-01-03T20:25:00Z,S027
T005885,C04094,P0557,2,322.56,2024-01-02T06:48:00Z,S003
T005886,C02491,P0365,2,242.72,2024-01-02T14:21:00Z,S028
T005887,C01625,P0656,4,737.84,2024-01-01T10:04:00Z,S025
T005888,C01953,P0778,1,134.15,2024-01-03T18:32:00Z,S009
T005889,C03456,P0829,3,433.26,2024-01-02T03:11:00Z,S030
T005890,C00164,P0664,3,455.91,2024-01-02T19:55:00Z,S002
T005891,C03175,P0295,4,570.64,2024-01-02T05:33:00Z,S039
T005892,C04112,P0312,4,429.88,2024-01-03T17:31:00Z,S022
T005893,C02328,P0325,2,150.86,2024-01-02T04:50:00Z,S003
T005894,C04822,P0552,4,680.52,2024-01-02T10:26:00Z,S024
T005895,C02412,P0825,1,40.42,2024-01-02T07:00:00Z,S043
T005896,C01710,P0207,3,467.88,2024-01-01T20:06:00Z,S026
T005897,C04913,P0944,2,281.38,2024-01-02T10:15:00Z,S037
T005898,C02696,P0302,1,103.98,2024-01-01T09:08:00Z,S033
T005899,C01568,P0671,2,26.44,2024-01-01T17:46:00Z,S005
T005900,C01252,P0834,1,88.9,2024-01-03T12:11:00Z,S039
T005901,C02821,P0477,3,342.33,2024-01-01T12:06:00Z,S027
T005902,C04539,P0427,3,112.47,2024-01-02T14:08:00Z,S048
T005903,C04010,P0565,5,751.35,2024-01-01T17:17:00Z,S027
T005904,C01773,P0616,1,110.8,2024-01-01T17:31:00Z,S046
T005905,C03702,P0480,1,196.05,2024-01-02T12:34:00Z,S020
T005906,C01330,P0412,2,376.54,2024-01-02T01:53:00Z,S017
T005907,C03692,P0586,1,26.78,2024-01-02T20:39:00Z,S039
T005908,C03437,P0546,4,364.48,2024-01-02T17:47:00Z,S011
T005909,C03418,P0614,4,693.44,2024-01-02T05:56:00Z,S023
T005910,C01812,P0906,1,92.39,2024-01-02T18:50:00Z,S006
T005911,C04800,P0585,5,180.95,2024-01-02T14:20:00Z,S012
T005912,C01651,P0419,4,164.68,2024-01-01T16:46:00Z,S002
T005913,C04076,P0829,3,433.26,2024-01-03T06:24:00Z,S017
T005914,C00569,P0641,1,143.18,2024-01-03T13:16:00Z,S007
T005915,C01905,P0458,3,201.21,2024-01-02T14:24:00Z,S024
T005916,C04226,P0496,1,153.42,2024-01-01T18:24:00Z,S001
T005917,C00193,P0949,4,66.56,2024-01-01T14:42:00Z,S018
T005918,C00521,P0566,5,543.0,2024-01-01T10:31:00Z,S049
T005919,C00579,P0973,1,93.01,2024-01-02T13:51:00Z,S022
T005920,C04986,P0076,4,420.76,2024-01-03T05:00:00Z,S028
T005921,C03468,P0735,2,101.56,2024-01-03T07:20:00Z,S037
T005922,C03040,P0460,1,146.26,2024-01-03T02:55:00Z,S007
T005923,C00063,P0102,4,741.68,2024-01-02T11:02:00Z,S048
T005924,C02422,P0885,5,46.9,2024-01-01T21:41:00Z,S005
T005925,C03085,P0216,3,459.99,2024-01-03T06:52:00Z,S035
T005926,C04470,P0594,3,28.98,2024-01-03T20:40:00Z,S026
T005927,C03581,P0603,5,71.6,2024-01-03T10:04:00Z,S029
T005928,C00484,P0055,2,69.04,2024-01-03T05:23:00Z,S036
T005929,C01884,P0332,2,333.24,2024-01-03T01:28:00Z,S013
T005930,C02033,P0114,3,307.14,2024-01-03T04:38:00Z,S049
T005931,C04895,P0366,3,439.26,2024-01-02T12:25:00Z,S048
T005932,C01236,P0232,2,92.46,2024-01-03T16:58:00Z,S016
T005933,C00909,P0727,2,344.86,2024-01-01T23:58:00Z,S001
T005934,C03416,P0050,5,832.9,2024-01-03T10:07:00Z,S048
T005935,C00808,P0118,5,811.3,2024-01-02T12:58:00Z,S035
T005936,C00419,P0565,2,300.54,2024-01-03T02:23:00Z,S026
T005937,C00332,P0401,2,292.26,2024-01-03T15:19:00Z,S020
T005938,C02576,P0920,4,431.72,2024-01-01T20:11:00Z,S014
T005939,C00543,P0107,4,287.96,2024-01-01T19:38:00Z,S015
T005940,C03628,P0943,4,492.24,2024-01-03T15:01:00Z,S021
T005941,C00398,P0234,1,32.72,2024-01-02T14:03:00Z,S035
T005942,C01119,P0117,2,127.0,2024-01-02T10:11:00Z,S015
T005943,C00853,P0144,3,432.18,2024-01-01T19:55:00Z,S042
T005944,C02400,P0418,2,218.28,2024-01-01T18:46:00Z,S009
T005945,C02155,P0838,3,277.44,2024-01-01T20:42:00Z,S032
T005946,C02769,P0178,3,328.05,2024-01-02T20:18:00Z,S035
T005947,C02118,P0968,3,357.42,2024-01-03T15:04:00Z,S005
T005948,C02930,P0436,5,705.75,2024-01-01T09:07:00Z,S048
T005949,C00906,P0960,5,611.7,2024-01-02T12:00:00Z,S013
T005950,C00256,P0332,1,166.62,2024-01-02T10:49:00Z,S019
T005951,C04516,P0910,3,84.63,2024-01-03T04:43:00Z,S032
T005952,C03527,P0160,1,88.64,2024-01-03T14:58:00Z,S024
T005953,C03297,P0873,5,644.05,2024-01-02T18:16:00Z,S013
T005954,C03606,P0758,2,102.06,2024-01-03T19:45:00Z,S025
T005955,C04618,P0195,3,413.34,2024-01-03T12:39:00Z,S021
T005956,C04347,P0737,3,276.6,2024-01-02T03:52:00Z,S036
T005957,C02802,P0227,5,103.65,2024-01-03T11:00:00Z,S029
T005958,C03298,P0963,1,33.7,2024-01-01T15:29:00Z,S024
T005959,C03473,P0500,5,282.4,2024-01-01T14:33:00Z,S006
T005960,C02866,P0979,2,280.66,2024-01-01T13:22:00Z,S020
T005961,C03364,P0839,1,19.31,2024-01-02T17:36:00Z,S006
T005962,C00549,P0404,2,369.58,2024-01-03T07:37:00Z,S001
T005963,C01497,P0797,5,770.1,2024-01-02T23:28:00Z,S047
T005964,C02559,P0788,1,198.69,2024-01-02T12:37:00Z,S021
T005965,C04026,P0588,5,812.8,2024-01-03T07:50:00Z,S027
T005966,C01067,P0693,4,775.44,2024-01-02T23:16:00Z,S019
T005967,C02795,P0597,3,198.51,2024-01-01T19:06:00Z,S035
T005968,C02654,P0624,2,352.04,2024-01-03T03:50:00Z,S018
T005969,C04713,P0728,4,623.68,2024-01-02T10:16:00Z,S020
T005970,C04132,P0991,2,197.08,2024-01-02T18:17:00Z,S011
T005971,C04899,P0891,1,159.15,2024-01-02T05:48:00Z,S025
T005972,C04209,P0711,5,521.05,2024-01-03T17:13:00Z,S028
T005973,C03237,P0034,3,68.7,2024-01-01T13:20:00Z,S015
T005974,C02940,P0580,3,421.11,2024-01-02T18:36:00Z,S025
T005975,C03978,P0489,4,318.92,2024-01-03T02:15:00Z,S044
T005976,C03457,P0918,3,587.73,2024-01-01T14:33:00Z,S022
T005977,C04520,P0915,1,143.96,2024-01-01T23:16:00Z,S045
T005978,C02258,P0592,2,198.32,2024-01-01T14:57:00Z,S021
T005979,C02692,P0737,1,92.2,2024-01-01T18:44:00Z,S041
T005980,C00383,P0790,1,105.76,2024-01-01T15:23:00Z,S004
T005981,C04073,P0512,5,358.35,2024-01-02T02:03:00Z,S024
T005982,C00046,P0239,2,14.34,2024-01-01T13:43:00Z,S018
T005983,C02139,P0551,3,55.32,2024-01-01T17:50:00Z,S032
T005984,C03775,P0202,1,63.06,2024-01-02T19:25:00Z,S022
T005985,C01826,P0366,1,146.42,2024-01-01T22:19:00Z,S031
T005986,C01856,P0785,5,272.5,2024-01-02T19:29:00Z,S024
T005987,C00245,P0818,4,576.88,2024-01-03T17:02:00Z,S031
T005988,C02636,P0509,3,79.98,2024-01-02T10:13:00Z,S033
T005989,C00982,P0416,4,362.28,2024-01-03T19:44:00Z,S025
T005990,C00769,P0244,1,103.77,2024-01-02T19:51:00Z,S011
T005991,C00418,P0612,3,243.42,2024-01-01T14:38:00Z,S029
T005992,C02976,P0849,1,165.19,2024-01-02T12:12:00Z,S038
T005993,C00587,P0196,3,516.93,2024-01-01T16:54:00Z,S032
T005994,C04036,P0978,2,380.1,2024-01-01T14:02:00Z,S028
T005995,C01127,P0383,1,79.43,2024-01-02T01:53:00Z,S018
T005996,C04318,P0214,4,577.48,2024-01-03T14:10:00Z,S025
T005997,C04854,P0258,2,333.7,2024-01-03T01:47:00Z,S039
T005998,C02024,P0011,1,28.2,2024-01-01T19:53:00Z,S035
T005999,C04201,P0161,2,245.02,2024-01-01T22:12:00Z,S037
T006000,C02613,P0058,3,343.29,2024-01-03T01:44:00Z,S029
